00000000  72 65 74 75 72 6E 28 7B 5B 30 62 31 5F 31 31 5F  |return({[0b1_11_|
00000010  31 30 5F 31 30 30 31 5F 30 30 5D 3D 28 28 30 62  |10_1001_00]=((0b|
00000020  31 31 30 30 30 5F 30 3C 30 78 36 65 20 61 6E 64  |11000_0<0x6e and|
00000030  20 30 58 66 32 5F 66 5F 38 7E 3D 30 62 31 31 31  | 0Xf2_f_8~=0b111|
00000040  5F 31 30 30 31 31 30 30 5F 30 31 30 30 5F 31 5F  |_1001100_0100_1_|
00000050  30 29 61 6E 64 28 28 34 2A 30 58 34 2B 30 42 30  |0)and((4*0X4+0B0|
00000060  5F 30 31 29 2B 30 42 31 29 6F 72 28 30 78 35 5F  |_01)+0B1)or(0x5_|
00000070  39 2D 30 62 31 30 30 31 5F 31 29 29 2C 5B 30 78  |9-0b1001_1)),[0x|
00000080  32 5F 44 63 5D 3D 66 75 6E 63 74 69 6F 6E 28 78  |2_Dc]=function(x|
00000090  29 72 65 74 75 72 6E 28 28 78 29 5B 30 78 31 34  |)return((x)[0x14|
000000A0  41 5D 28 78 29 2E 2E 28 78 29 5B 38 34 35 5D 28  |A](x)..(x)[845](|
000000B0  78 29 2E 2E 78 5B 30 62 31 5F 30 31 31 5F 31 30  |x)..x[0b1_011_10|
000000C0  5F 30 5F 30 31 5F 31 5D 28 78 29 2E 2E 78 5B 30  |_0_01_1](x)..x[0|
000000D0  58 32 31 44 5D 28 78 29 2E 2E 78 5B 30 78 35 39  |X21D](x)..x[0x59|
000000E0  5F 36 5D 28 78 29 29 3B 65 6E 64 2C 5B 30 42 31  |_6](x));end,[0B1|
000000F0  5F 30 5F 31 31 30 31 30 5F 31 30 5F 30 5D 3D 66  |_0_11010_10_0]=f|
00000100  75 6E 63 74 69 6F 6E 28 78 2C 6D 64 2C 4E 70 2C  |unction(x,md,Np,|
00000110  68 6E 2C 4C 76 2C 4A 79 2C 4E 63 2C 50 53 2C 5A  |hn,Lv,Jy,Nc,PS,Z|
00000120  43 2C 69 65 2C 59 69 29 5A 43 3D 5A 43 20 6F 72  |C,ie,Yi)ZC=ZC or|
00000130  20 30 62 30 3B 69 65 3D 69 65 20 6F 72 20 30 78  | 0b0;ie=ie or 0x|
00000140  30 3B 59 69 3D 59 69 20 6F 72 20 30 62 30 3B 6C  |0;Yi=Yi or 0b0;l|
00000150  6F 63 61 6C 20 79 4C 3D 78 5B 30 58 33 5F 39 5F  |ocal yL=x[0X3_9_|
00000160  44 5D 28 30 42 31 30 30 5F 31 30 30 31 31 30 30  |D](0B100_1001100|
00000170  5F 30 31 5F 31 5F 30 30 5F 31 2B 59 69 2A 30 62  |_01_1_00_1+Yi*0b|
00000180  31 30 30 30 30 30 2B 5A 43 2A 28 28 30 78 39 32  |100000+ZC*((0x92|
00000190  29 2D 28 32 36 29 29 2B 69 65 2A 30 42 31 5F 31  |)-(26))+ie*0B1_1|
000001A0  31 30 5F 31 31 5F 31 31 2C 28 28 30 62 31 30 30  |10_11_11,((0b100|
000001B0  30 30 30 30 5F 30 30 5F 30 30 31 31 5F 31 30 30  |0000_00_0011_100|
000001C0  30 29 2D 28 30 62 31 31 5F 31 30 30 5F 31 29 29  |0)-(0b11_100_1))|
000001D0  29 3B 6D 64 5B 30 78 31 41 5D 3D 7B 4C 76 20 61  |);md[0x1A]={Lv a|
000001E0  6E 64 20 4C 76 2B 79 4C 2B 35 33 5F 38 32 30 2C  |nd Lv+yL+53_820,|
000001F0  68 6E 2B 79 4C 2B 28 28 32 35 5F 33 37 37 29 2B  |hn+yL+((25_377)+|
00000200  28 30 62 31 30 29 29 2C 4E 70 2B 79 4C 2B 28 28  |(0b10)),Np+yL+((|
00000210  33 31 5F 39 33 32 29 2D 30 62 31 31 5F 31 31 31  |31_932)-0b11_111|
00000220  31 2D 30 58 31 63 29 2C 4A 79 20 61 6E 64 20 4A  |1-0X1c),Jy and J|
00000230  79 2B 79 4C 2B 30 78 44 32 43 31 2C 50 53 2C 78  |y+yL+0xD2C1,PS,x|
00000240  5B 30 42 31 31 5F 30 31 31 31 30 31 31 30 5D 28  |[0B11_01110110](|
00000250  79 4C 2C 32 30 5F 34 30 31 29 2C 4E 63 2B 79 4C  |yL,20_401),Nc+yL|
00000260  2B 30 58 38 33 64 35 7D 3B 65 6E 64 2C 5B 30 62  |+0X83d5};end,[0b|
00000270  31 5F 31 30 31 31 30 30 30 5F 30 5D 3D 66 75 6E  |1_1011000_0]=fun|
00000280  63 74 69 6F 6E 28 78 2C 65 73 2C 65 73 2C 46 48  |ction(x,es,es,FH|
00000290  2C 41 54 29 41 54 3D 6E 69 6C 3B 46 48 3D 6E 69  |,AT)AT=nil;FH=ni|
000002A0  6C 3B 65 73 3D 30 42 31 30 5F 31 31 30 5F 30 30  |l;es=0B10_110_00|
000002B0  3B 72 65 74 75 72 6E 20 65 73 2C 41 54 2C 46 48  |;return es,AT,FH|
000002C0  20 65 6E 64 2C 5B 30 58 37 5F 45 5D 3D 66 75 6E  | end,[0X7_E]=fun|
000002D0  63 74 69 6F 6E 28 78 2C 6B 2C 41 2C 6D 2C 54 29  |ction(x,k,A,m,T)|
000002E0  6C 6F 63 61 6C 20 6C 48 3D 33 38 3B 6C 6F 63 61  |local lH=38;loca|
000002F0  6C 20 4C 43 2C 6E 6D 3B 6C 6F 63 61 6C 20 5A 3D  |l LC,nm;local Z=|
00000300  30 62 31 30 30 5F 31 5F 31 5F 30 3B 6C 6F 63 61  |0b100_1_1_0;loca|
00000310  6C 20 71 3D 37 34 3B 72 65 70 65 61 74 20 69 66  |l q=74;repeat if|
00000320  28 28 6C 48 2B 71 29 3D 3D 28 5A 2B 71 29 29 74  |((lH+q)==(Z+q))t|
00000330  68 65 6E 20 4C 43 3D 28 78 29 5B 30 78 33 39 64  |hen LC=(x)[0x39d|
00000340  5D 28 6E 6D 20 6F 72 20 30 42 31 30 5F 31 31 2C  |](nm or 0B10_11,|
00000350  30 42 31 31 5F 31 31 30 31 30 30 30 30 31 5F 31  |0B11_110100001_1|
00000360  5F 30 29 3B 6C 48 3D 30 78 37 30 3B 63 6F 6E 74  |_0);lH=0x70;cont|
00000370  69 6E 75 65 3B 65 6C 73 65 69 66 28 28 6C 48 2D  |inue;elseif((lH-|
00000380  71 29 3D 3D 5A 29 74 68 65 6E 20 6E 6D 3D 78 5B  |q)==Z)then nm=x[|
00000390  30 42 31 31 5F 30 5F 31 5F 31 5F 31 30 5F 31 31  |0B11_0_1_1_10_11|
000003A0  5F 30 5D 28 4C 43 20 6F 72 20 30 62 31 31 31 31  |_0](LC or 0b1111|
000003B0  5F 30 5F 31 5F 30 30 30 5F 30 31 5F 31 30 2C 30  |_0_1_000_01_10,0|
000003C0  78 42 29 3B 62 72 65 61 6B 3B 65 6C 73 65 20 62  |xB);break;else b|
000003D0  72 65 61 6B 3B 65 6E 64 3B 75 6E 74 69 6C 20 66  |reak;end;until f|
000003E0  61 6C 73 65 3B 69 66 20 78 5B 38 38 36 5D 28 4C  |alse;if x[886](L|
000003F0  43 2C 6E 6D 29 7E 3D 30 42 31 5F 30 31 31 20 74  |C,nm)~=0B1_011 t|
00000400  68 65 6E 20 72 65 74 75 72 6E 20 65 6E 64 3B 6C  |hen return end;l|
00000410  6F 63 61 6C 20 59 6F 2C 45 61 2C 43 58 3B 66 6F  |ocal Yo,Ea,CX;fo|
00000420  72 20 54 3D 30 42 30 5F 30 31 2C 30 62 31 20 64  |r T=0B0_01,0b1 d|
00000430  6F 20 45 61 3D 78 5B 30 78 32 39 64 5D 3B 69 66  |o Ea=x[0x29d];if|
00000440  20 78 5B 30 78 31 39 31 5D 28 78 2C 45 61 29 3D  | x[0x191](x,Ea)=|
00000450  3D 28 78 29 5B 33 38 36 5D 28 78 2C 30 58 41 2C  |=(x)[386](x,0XA,|
00000460  30 42 31 31 30 5F 31 31 5F 30 30 2C 30 42 31 31  |0B110_11_00,0B11|
00000470  31 31 5F 31 31 5F 31 2C 30 78 36 34 2C 30 62 31  |11_11_1,0x64,0b1|
00000480  31 30 31 30 5F 30 31 2C 30 58 37 5F 65 2C 30 42  |1010_01,0X7_e,0B|
00000490  31 31 5F 30 5F 30 5F 30 31 5F 31 2C 31 30 31 2C  |11_0_0_01_1,101,|
000004A0  31 30 30 29 74 68 65 6E 20 43 58 3D 45 61 28 29  |100)then CX=Ea()|
000004B0  3B 65 6C 73 65 20 43 58 3D 45 61 3B 65 6E 64 3B  |;else CX=Ea;end;|
000004C0  59 6F 3D 78 5B 30 62 31 31 30 31 31 31 30 31 31  |Yo=x[0b110111011|
000004D0  5F 30 5D 28 59 6F 20 6F 72 20 30 42 30 5F 30 31  |_0](Yo or 0B0_01|
000004E0  2C 43 58 20 61 6E 64 20 30 58 33 20 6F 72 20 30  |,CX and 0X3 or 0|
000004F0  78 37 29 3B 45 61 3D 78 5B 34 31 5D 3B 69 66 20  |x7);Ea=x[41];if |
00000500  78 5B 30 58 31 5F 39 31 5D 28 78 2C 45 61 29 3D  |x[0X1_91](x,Ea)=|
00000510  3D 78 5B 30 42 31 31 30 30 30 30 30 31 5F 30 5D  |=x[0B11000001_0]|
00000520  28 78 2C 30 78 41 2C 30 78 36 5F 63 2C 30 42 31  |(x,0xA,0x6_c,0B1|
00000530  31 31 31 5F 31 5F 31 31 2C 30 42 31 31 30 5F 30  |111_1_11,0B110_0|
00000540  31 30 30 2C 30 42 31 31 30 5F 31 5F 30 30 5F 31  |100,0B110_1_00_1|
00000550  2C 30 58 37 65 2C 39 39 2C 30 78 36 35 2C 30 42  |,0X7e,99,0x65,0B|
00000560  31 31 5F 30 30 31 5F 30 30 29 74 68 65 6E 20 43  |11_001_00)then C|
00000570  58 3D 45 61 28 29 3B 65 6C 73 65 20 43 58 3D 45  |X=Ea();else CX=E|
00000580  61 3B 65 6E 64 3B 59 6F 3D 78 5B 30 42 31 31 30  |a;end;Yo=x[0B110|
00000590  31 31 5F 31 30 5F 31 31 5F 30 5D 28 59 6F 20 6F  |11_10_11_0](Yo o|
000005A0  72 20 30 42 31 30 2C 43 58 20 61 6E 64 20 30 78  |r 0B10,CX and 0x|
000005B0  34 20 6F 72 20 30 58 38 29 3B 45 61 3D 78 5B 30  |4 or 0X8);Ea=x[0|
000005C0  58 34 38 66 5D 3B 69 66 28 78 29 5B 30 78 31 39  |X48f];if(x)[0x19|
000005D0  31 5D 28 78 2C 45 61 29 3D 3D 78 5B 30 78 31 38  |1](x,Ea)==x[0x18|
000005E0  32 5D 28 78 2C 31 30 2C 30 58 36 43 2C 30 78 37  |2](x,10,0X6C,0x7|
000005F0  46 2C 31 30 30 2C 30 62 31 31 30 31 30 5F 30 31  |F,100,0b11010_01|
00000600  2C 30 42 31 31 5F 31 5F 31 31 5F 31 30 2C 30 62  |,0B11_1_11_10,0b|
00000610  31 5F 31 30 5F 30 5F 30 31 31 2C 30 58 36 35 2C  |1_10_0_011,0X65,|
00000620  30 58 36 5F 34 29 74 68 65 6E 20 43 58 3D 45 61  |0X6_4)then CX=Ea|
00000630  28 29 3B 65 6C 73 65 20 43 58 3D 45 61 3B 65 6E  |();else CX=Ea;en|
00000640  64 3B 59 6F 3D 78 5B 30 58 33 37 36 5D 28 59 6F  |d;Yo=x[0X376](Yo|
00000650  20 6F 72 20 30 62 31 31 2C 43 58 20 61 6E 64 20  | or 0b11,CX and |
00000660  30 58 35 20 6F 72 20 30 42 31 5F 30 30 5F 31 29  |0X5 or 0B1_00_1)|
00000670  3B 45 61 3D 28 78 29 5B 30 58 33 38 5F 36 5D 3B  |;Ea=(x)[0X38_6];|
00000680  69 66 28 78 29 5B 30 42 31 31 30 30 31 30 30 30  |if(x)[0B11001000|
00000690  31 5D 28 78 2C 45 61 29 3D 3D 78 5B 33 38 36 5D  |1](x,Ea)==x[386]|
000006A0  28 78 2C 31 30 2C 30 78 36 63 2C 30 62 31 31 31  |(x,10,0x6c,0b111|
000006B0  31 31 5F 31 5F 31 2C 30 58 36 5F 34 2C 30 58 36  |11_1_1,0X6_4,0X6|
000006C0  39 2C 30 58 37 5F 45 2C 30 58 36 5F 33 2C 30 42  |9,0X7_E,0X6_3,0B|
000006D0  31 31 30 30 5F 31 30 31 2C 30 78 36 5F 34 29 74  |1100_101,0x6_4)t|
000006E0  68 65 6E 20 43 58 3D 45 61 28 29 3B 65 6C 73 65  |hen CX=Ea();else|
000006F0  20 43 58 3D 45 61 3B 65 6E 64 3B 59 6F 3D 78 5B  | CX=Ea;end;Yo=x[|
00000700  30 78 33 37 36 5D 28 59 6F 20 6F 72 20 30 62 31  |0x376](Yo or 0b1|
00000710  30 30 2C 43 58 20 61 6E 64 20 30 58 36 20 6F 72  |00,CX and 0X6 or|
00000720  20 30 62 31 5F 30 31 30 29 3B 45 61 3D 78 5B 30  | 0b1_010);Ea=x[0|
00000730  78 35 5F 38 5F 35 5D 3B 69 66 20 78 5B 30 62 31  |x5_8_5];if x[0b1|
00000740  31 5F 30 30 31 30 5F 30 30 31 5D 28 78 2C 45 61  |1_0010_001](x,Ea|
00000750  29 3D 3D 78 5B 30 58 31 38 32 5D 28 78 2C 30 58  |)==x[0X182](x,0X|
00000760  61 2C 31 30 38 2C 30 42 31 5F 31 5F 31 5F 31 5F  |a,108,0B1_1_1_1_|
00000770  31 31 31 2C 31 30 30 2C 30 42 31 31 5F 30 31 30  |111,100,0B11_010|
00000780  30 31 2C 30 42 31 5F 31 31 31 31 31 30 2C 30 42  |01,0B1_111110,0B|
00000790  31 31 30 5F 30 30 31 5F 31 2C 30 58 36 35 2C 30  |110_001_1,0X65,0|
000007A0  42 31 5F 31 5F 30 30 31 30 5F 30 29 74 68 65 6E  |B1_1_0010_0)then|
000007B0  20 43 58 3D 45 61 28 29 3B 65 6C 73 65 20 43 58  | CX=Ea();else CX|
000007C0  3D 45 61 3B 65 6E 64 3B 59 6F 3D 78 5B 30 62 31  |=Ea;end;Yo=x[0b1|
000007D0  31 5F 30 31 31 31 30 31 31 5F 30 5D 28 59 6F 20  |1_0111011_0](Yo |
000007E0  6F 72 20 30 78 35 2C 43 58 20 61 6E 64 20 30 42  |or 0x5,CX and 0B|
000007F0  31 31 31 20 6F 72 20 30 42 31 30 5F 31 31 29 3B  |111 or 0B10_11);|
00000800  65 6E 64 3B 72 65 74 75 72 6E 20 59 6F 20 65 6E  |end;return Yo en|
00000810  64 2C 5B 33 33 30 5D 3D 66 75 6E 63 74 69 6F 6E  |d,[330]=function|
00000820  28 78 29 6C 6F 63 61 6C 20 41 7A 3D 30 58 32 5F  |(x)local Az=0X2_|
00000830  39 3B 6C 6F 63 61 6C 20 4F 50 2C 59 64 3B 6C 6F  |9;local OP,Yd;lo|
00000840  63 61 6C 20 42 3D 30 42 31 30 31 30 30 5F 31 3B  |cal B=0B10100_1;|
00000850  6C 6F 63 61 6C 20 46 3D 30 62 31 31 31 5F 31 5F  |local F=0b111_1_|
00000860  30 5F 30 31 3B 72 65 70 65 61 74 20 69 66 28 28  |0_01;repeat if((|
00000870  41 7A 2B 46 29 3D 3D 28 42 2B 46 29 29 74 68 65  |Az+F)==(B+F))the|
00000880  6E 20 4F 50 3D 78 5B 30 42 31 30 30 31 30 30 30  |n OP=x[0B1001000|
00000890  5F 30 30 30 31 5D 28 59 64 20 6F 72 20 32 30 2C  |_0001](Yd or 20,|
000008A0  30 78 39 39 66 39 29 3B 41 7A 3D 30 42 31 30 31  |0x99f9);Az=0B101|
000008B0  30 30 30 5F 31 5F 30 3B 63 6F 6E 74 69 6E 75 65  |000_1_0;continue|
000008C0  3B 65 6C 73 65 69 66 28 28 41 7A 2D 46 29 3D 3D  |;elseif((Az-F)==|
000008D0  42 29 74 68 65 6E 20 59 64 3D 78 5B 30 78 33 5F  |B)then Yd=x[0x3_|
000008E0  39 64 5D 28 4F 50 20 6F 72 20 30 58 39 39 66 39  |9d](OP or 0X99f9|
000008F0  2C 32 30 29 3B 62 72 65 61 6B 3B 65 6C 73 65 20  |,20);break;else |
00000900  62 72 65 61 6B 3B 65 6E 64 3B 75 6E 74 69 6C 20  |break;end;until |
00000910  66 61 6C 73 65 3B 69 66 20 78 5B 30 78 33 37 36  |false;if x[0x376|
00000920  5D 28 4F 50 2C 59 64 29 7E 3D 30 58 39 39 65 39  |](OP,Yd)~=0X99e9|
00000930  20 74 68 65 6E 20 72 65 74 75 72 6E 20 65 6E 64  | then return end|
00000940  3B 72 65 74 75 72 6E 20 78 5B 34 32 31 5D 28 78  |;return x[421](x|
00000950  5B 39 32 35 5D 28 78 5B 30 42 31 31 30 31 31 31  |[925](x[0B110111|
00000960  30 31 31 30 5D 28 28 78 29 5B 30 62 31 31 5F 31  |0110]((x)[0b11_1|
00000970  5F 31 5F 31 5F 31 30 31 31 31 5D 2C 78 5B 31 5F  |_1_1_10111],x[1_|
00000980  39 35 36 5D 29 2C 32 35 35 29 29 2E 2E 28 78 29  |956]),255))..(x)|
00000990  5B 30 42 31 31 30 31 30 30 31 5F 30 5F 31 5D 28  |[0B1101001_0_1](|
000009A0  78 5B 30 58 33 39 44 5D 28 28 78 29 5B 30 58 33  |x[0X39D]((x)[0X3|
000009B0  37 5F 36 5D 28 78 5B 30 78 32 43 5D 2C 78 5B 30  |7_6](x[0x2C],x[0|
000009C0  62 31 31 31 31 30 31 30 30 5F 31 30 5F 30 5D 29  |b11110100_10_0])|
000009D0  2C 30 58 46 5F 66 29 29 65 6E 64 2C 5B 30 42 31  |,0XF_f))end,[0B1|
000009E0  5F 30 31 31 31 30 30 30 5F 31 31 5D 3D 66 75 6E  |_0111000_11]=fun|
000009F0  63 74 69 6F 6E 28 78 29 6C 6F 63 61 6C 20 47 73  |ction(x)local Gs|
00000A00  2C 69 44 3B 6C 6F 63 61 6C 20 4D 3D 30 62 31 30  |,iD;local M=0b10|
00000A10  30 5F 30 5F 31 5F 30 31 3B 6C 6F 63 61 6C 20 70  |0_0_1_01;local p|
00000A20  3D 30 58 33 5F 33 3B 66 6F 72 20 4C 3D 31 2C 30  |=0X3_3;for L=1,0|
00000A30  78 31 20 64 6F 20 69 66 20 6E 6F 74 28 28 4D 2B  |x1 do if not((M+|
00000A40  70 29 3D 3D 30 78 37 5F 38 29 74 68 65 6E 20 65  |p)==0x7_8)then e|
00000A50  6C 73 65 20 47 73 3D 78 5B 39 32 35 5D 28 69 44  |lse Gs=x[925](iD|
00000A60  20 6F 72 20 30 78 66 42 2C 32 5F 30 35 35 29 3B  | or 0xfB,2_055);|
00000A70  69 44 3D 78 5B 38 38 36 5D 28 47 73 20 6F 72 20  |iD=x[886](Gs or |
00000A80  30 42 31 30 5F 30 30 30 30 30 5F 30 30 5F 31 31  |0B10_00000_00_11|
00000A90  31 2C 30 62 31 5F 31 31 5F 31 31 30 31 31 29 3B  |1,0b1_11_11011);|
00000AA0  65 6E 64 3B 65 6E 64 3B 69 66 20 78 5B 30 58 33  |end;end;if x[0X3|
00000AB0  37 36 5D 28 47 73 2C 69 44 29 7E 3D 30 42 31 31  |76](Gs,iD)~=0B11|
00000AC0  31 31 5F 31 30 31 31 20 74 68 65 6E 20 72 65 74  |11_1011 then ret|
00000AD0  75 72 6E 20 65 6E 64 3B 72 65 74 75 72 6E 20 78  |urn end;return x|
00000AE0  5B 30 58 31 61 35 5D 28 78 5B 39 32 35 5D 28 78  |[0X1a5](x[925](x|
00000AF0  5B 30 58 33 37 36 5D 28 78 5B 30 42 31 31 31 30  |[0X376](x[0B1110|
00000B00  5F 31 5F 30 31 30 30 31 31 5D 2C 78 5B 30 78 37  |_1_010011],x[0x7|
00000B10  41 34 5D 29 2C 32 35 35 29 29 2E 2E 78 5B 34 32  |A4]),255))..x[42|
00000B20  31 5D 28 28 78 29 5B 39 32 35 5D 28 78 5B 30 42  |1]((x)[925](x[0B|
00000B30  31 5F 31 30 31 31 31 30 31 5F 31 30 5D 28 78 5B  |1_1011101_10](x[|
00000B40  31 5F 37 38 37 5D 2C 78 5B 30 58 37 61 5F 34 5D  |1_787],x[0X7a_4]|
00000B50  29 2C 30 62 31 31 31 5F 31 5F 31 5F 31 31 31 29  |),0b111_1_1_111)|
00000B60  29 65 6E 64 2C 5B 34 32 31 5D 3D 73 74 72 69 6E  |)end,[421]=strin|
00000B70  67 2E 63 68 61 72 2C 5B 30 58 31 5F 39 31 5D 3D  |g.char,[0X1_91]=|
00000B80  66 75 6E 63 74 69 6F 6E 28 78 2C 41 2C 54 2C 58  |function(x,A,T,X|
00000B90  2C 6D 29 69 66 28 28 28 30 78 32 41 3C 30 42 31  |,m)if(((0x2A<0B1|
00000BA0  5F 30 5F 31 5F 30 30 31 5F 30 20 61 6E 64 20 30  |_0_1_001_0 and 0|
00000BB0  42 31 30 31 30 30 31 30 3C 30 42 31 5F 30 31 31  |B1010010<0B1_011|
00000BC0  30 5F 30 31 29 6F 72 28 30 42 31 30 30 31 5F 31  |0_01)or(0B1001_1|
00000BD0  31 31 30 31 31 31 30 30 31 31 30 7E 3D 30 78 39  |11011100110~=0x9|
00000BE0  45 65 38 29 29 29 74 68 65 6E 20 6C 6F 63 61 6C  |Ee8)))then local|
00000BF0  20 53 74 3D 37 31 3B 6C 6F 63 61 6C 20 74 66 2C  | St=71;local tf,|
00000C00  61 54 3B 6C 6F 63 61 6C 20 6F 3D 30 78 34 37 3B  |aT;local o=0x47;|
00000C10  6C 6F 63 61 6C 20 61 3D 30 58 35 37 3B 72 65 70  |local a=0X57;rep|
00000C20  65 61 74 20 69 66 28 28 53 74 2B 61 29 3D 3D 28  |eat if((St+a)==(|
00000C30  6F 2B 61 29 29 74 68 65 6E 20 74 66 3D 78 5B 30  |o+a))then tf=x[0|
00000C40  62 31 31 5F 31 30 30 31 5F 31 31 5F 30 31 5D 28  |b11_1001_11_01](|
00000C50  61 54 20 6F 72 20 30 42 31 30 30 5F 30 5F 31 30  |aT or 0B100_0_10|
00000C60  5F 31 2C 31 32 5F 34 38 30 29 3B 53 74 3D 31 35  |_1,12_480);St=15|
00000C70  38 3B 63 6F 6E 74 69 6E 75 65 3B 65 6C 73 65 69  |8;continue;elsei|
00000C80  66 28 28 53 74 2D 61 29 3D 3D 6F 29 74 68 65 6E  |f((St-a)==o)then|
00000C90  20 61 54 3D 28 78 29 5B 38 38 36 5D 28 74 66 20  | aT=(x)[886](tf |
00000CA0  6F 72 20 30 42 31 5F 31 30 30 30 5F 30 31 31 30  |or 0B1_1000_0110|
00000CB0  30 30 30 30 5F 30 2C 30 42 31 30 5F 30 5F 30 5F  |0000_0,0B10_0_0_|
00000CC0  31 30 31 29 3B 62 72 65 61 6B 3B 65 6C 73 65 20  |101);break;else |
00000CD0  62 72 65 61 6B 3B 65 6E 64 3B 75 6E 74 69 6C 20  |break;end;until |
00000CE0  66 61 6C 73 65 3B 69 66 28 78 29 5B 30 62 31 5F  |false;if(x)[0b1_|
00000CF0  31 5F 30 31 31 5F 31 30 5F 31 31 30 5D 28 74 66  |1_011_10_110](tf|
00000D00  2C 61 54 29 7E 3D 36 39 20 74 68 65 6E 20 72 65  |,aT)~=69 then re|
00000D10  74 75 72 6E 20 65 6E 64 3B 72 65 70 65 61 74 20  |turn end;repeat |
00000D20  69 66 20 53 74 7E 3D 30 62 31 30 5F 30 5F 30 31  |if St~=0b10_0_01|
00000D30  31 31 20 74 68 65 6E 20 6D 3D 28 78 29 5B 30 58  |11 then m=(x)[0X|
00000D40  37 35 31 5D 28 30 62 30 2C 31 35 38 29 3B 58 3D  |751](0b0,158);X=|
00000D50  6D 5B 78 5B 30 42 31 31 30 30 30 30 5F 30 5F 31  |m[x[0B110000_0_1|
00000D60  30 5D 28 78 2C 30 42 31 30 31 30 2C 30 58 37 65  |0](x,0B1010,0X7e|
00000D70  2C 30 42 31 31 31 30 5F 30 5F 31 31 2C 31 32 32  |,0B1110_0_11,122|
00000D80  2C 31 31 31 29 5D 3B 54 3D 58 28 41 29 3B 62 72  |,111)];T=X(A);br|
00000D90  65 61 6B 3B 65 6C 73 65 20 6D 3D 78 5B 38 38 36  |eak;else m=x[886|
00000DA0  5D 28 37 34 2C 30 42 31 30 31 5F 30 5F 30 30 5F  |](74,0B101_0_00_|
00000DB0  31 31 29 3B 62 72 65 61 6B 3B 65 6E 64 3B 75 6E  |11);break;end;un|
00000DC0  74 69 6C 20 66 61 6C 73 65 3B 72 65 74 75 72 6E  |til false;return|
00000DD0  20 54 3B 65 6C 73 65 20 72 65 74 75 72 6E 20 30  | T;else return 0|
00000DE0  42 31 30 30 5F 31 30 31 30 3B 65 6E 64 3B 65 6E  |B100_1010;end;en|
00000DF0  64 2C 5B 30 42 31 31 30 31 30 31 5F 31 5D 3D 66  |d,[0B110101_1]=f|
00000E00  75 6E 63 74 69 6F 6E 28 78 29 72 65 74 75 72 6E  |unction(x)return|
00000E10  7B 5B 28 78 29 5B 30 42 31 31 30 5F 30 30 30 5F  |{[(x)[0B110_000_|
00000E20  30 31 30 5D 28 78 2C 31 30 2C 30 62 31 30 5F 30  |010](x,10,0b10_0|
00000E30  5F 31 5F 30 30 5F 31 29 5D 3D 78 5B 31 36 32 5D  |_1_00_1)]=x[162]|
00000E40  2C 5B 78 5B 30 62 31 31 30 5F 30 30 30 30 5F 31  |,[x[0b110_0000_1|
00000E50  30 5D 28 78 2C 31 30 2C 30 58 34 45 29 5D 3D 28  |0](x,10,0X4E)]=(|
00000E60  78 29 5B 30 58 31 61 5F 35 5D 2C 5B 78 5B 33 38  |x)[0X1a_5],[x[38|
00000E70  36 5D 28 78 2C 30 58 61 2C 37 37 29 5D 3D 78 5B  |6](x,0Xa,77)]=x[|
00000E80  31 5F 32 36 37 5D 2C 5B 28 78 29 5B 33 38 36 5D  |1_267],[(x)[386]|
00000E90  28 78 2C 30 62 31 30 31 5F 30 2C 39 35 29 5D 3D  |(x,0b101_0,95)]=|
00000EA0  78 5B 30 42 31 5F 31 5F 31 30 31 5F 30 31 5D 2C  |x[0B1_1_101_01],|
00000EB0  5B 78 5B 30 42 31 31 30 30 30 30 30 31 30 5D 28  |[x[0B110000010](|
00000EC0  78 2C 30 58 61 2C 31 31 31 29 5D 3D 78 5B 30 62  |x,0Xa,111)]=x[0b|
00000ED0  31 31 5F 30 31 31 30 5F 31 30 5D 2C 5B 78 5B 30  |11_0110_10],[x[0|
00000EE0  58 31 38 32 5D 28 78 2C 30 78 41 2C 30 62 31 30  |X182](x,0xA,0b10|
00000EF0  30 30 31 31 30 29 5D 3D 78 5B 37 31 31 5D 2C 5B  |00110)]=x[711],[|
00000F00  78 5B 33 38 36 5D 28 78 2C 30 42 31 5F 30 31 30  |x[386](x,0B1_010|
00000F10  2C 30 58 34 5F 35 29 5D 3D 78 5B 30 58 37 35 31  |,0X4_5)]=x[0X751|
00000F20  5D 2C 5B 28 78 29 5B 30 58 31 38 5F 32 5D 28 78  |],[(x)[0X18_2](x|
00000F30  2C 30 78 61 2C 38 38 29 5D 3D 78 5B 30 78 33 38  |,0xa,88)]=x[0x38|
00000F40  5D 2C 5B 78 5B 30 62 31 5F 31 30 5F 30 30 30 30  |],[x[0b1_10_0000|
00000F50  5F 31 5F 30 5D 28 78 2C 31 30 2C 30 78 34 5F 34  |_1_0](x,10,0x4_4|
00000F60  29 5D 3D 78 5B 30 58 36 5F 62 34 5D 2C 5B 78 5B  |)]=x[0X6_b4],[x[|
00000F70  30 78 31 38 5F 32 5D 28 78 2C 30 42 31 30 31 5F  |0x18_2](x,0B101_|
00000F80  30 2C 39 33 29 5D 3D 78 5B 30 42 31 30 5F 30 31  |0,93)]=x[0B10_01|
00000F90  5F 30 5F 31 31 31 5F 30 5F 31 5F 30 5D 2C 5B 78  |_0_111_0_1_0],[x|
00000FA0  5B 30 62 31 31 30 5F 30 30 5F 30 30 5F 31 5F 30  |[0b110_00_00_1_0|
00000FB0  5D 28 78 2C 30 78 61 2C 30 58 36 36 29 5D 3D 28  |](x,0xa,0X66)]=(|
00000FC0  78 29 5B 35 32 33 5D 7D 65 6E 64 2C 5B 30 78 44  |x)[523]}end,[0xD|
00000FD0  5F 41 5D 3D 74 61 62 6C 65 2E 69 6E 73 65 72 74  |_A]=table.insert|
00000FE0  2C 5B 30 58 35 36 5F 61 5D 3D 66 75 6E 63 74 69  |,[0X56_a]=functi|
00000FF0  6F 6E 28 78 2C 6B 2C 54 2C 41 2C 58 2C 72 29 69  |on(x,k,T,A,X,r)i|
00001000  66 28 28 28 34 37 3C 30 78 33 32 20 61 6E 64 20  |f(((47<0x32 and |
00001010  30 78 33 32 3C 30 58 35 30 29 6F 72 28 30 58 33  |0x32<0X50)or(0X3|
00001020  44 5F 36 61 7E 3D 30 58 33 5F 64 36 44 29 29 29  |D_6a~=0X3_d6D)))|
00001030  74 68 65 6E 20 6C 6F 63 61 6C 20 45 68 2C 70 63  |then local Eh,pc|
00001040  3B 6C 6F 63 61 6C 20 67 3D 30 78 33 5F 39 3B 6C  |;local g=0x3_9;l|
00001050  6F 63 61 6C 20 6E 3D 30 42 31 31 30 5F 31 5F 30  |ocal n=0B110_1_0|
00001060  31 30 3B 66 6F 72 20 4F 3D 30 42 30 5F 30 31 2C  |10;for O=0B0_01,|
00001070  30 42 30 5F 30 31 20 64 6F 20 69 66 20 6E 6F 74  |0B0_01 do if not|
00001080  28 28 67 2B 6E 29 3D 3D 30 58 61 33 29 74 68 65  |((g+n)==0Xa3)the|
00001090  6E 20 65 6C 73 65 20 45 68 3D 28 78 29 5B 39 32  |n else Eh=(x)[92|
000010A0  35 5D 28 70 63 20 6F 72 20 30 58 35 36 2C 30 58  |5](pc or 0X56,0X|
000010B0  65 64 36 39 29 3B 70 63 3D 78 5B 38 38 36 5D 28  |ed69);pc=x[886](|
000010C0  45 68 20 6F 72 20 36 30 5F 37 37 37 2C 30 58 35  |Eh or 60_777,0X5|
000010D0  36 29 3B 65 6E 64 3B 65 6E 64 3B 69 66 20 78 5B  |6);end;end;if x[|
000010E0  30 78 33 37 5F 36 5D 28 45 68 2C 70 63 29 7E 3D  |0x37_6](Eh,pc)~=|
000010F0  30 78 35 5F 36 20 74 68 65 6E 20 72 65 74 75 72  |0x5_6 then retur|
00001100  6E 20 65 6E 64 3B 72 65 70 65 61 74 20 69 66 20  |n end;repeat if |
00001110  54 41 7E 3D 30 42 31 31 5F 31 30 30 5F 31 20 74  |TA~=0B11_100_1 t|
00001120  68 65 6E 20 54 3D 78 5B 30 78 37 5F 35 5F 31 5D  |hen T=x[0x7_5_1]|
00001130  28 30 58 30 2C 30 42 31 5F 30 5F 31 30 30 30 31  |(0X0,0B1_0_10001|
00001140  31 29 3B 6B 3D 54 5B 28 78 29 5B 33 38 36 5D 28  |1);k=T[(x)[386](|
00001150  78 2C 30 58 34 36 2C 33 34 2C 30 58 32 5F 33 2C  |x,0X46,34,0X2_3,|
00001160  30 42 31 30 5F 30 31 5F 30 5F 30 2C 30 58 33 5F  |0B10_01_0_0,0X3_|
00001170  33 2C 30 62 31 30 5F 30 30 30 31 29 5D 3B 62 72  |3,0b10_0001)];br|
00001180  65 61 6B 3B 65 6C 73 65 20 54 3D 78 5B 30 58 33  |eak;else T=x[0X3|
00001190  37 36 5D 28 30 42 31 5F 31 31 31 30 5F 30 2C 30  |76](0B1_1110_0,0|
000011A0  42 31 5F 30 31 5F 30 5F 31 30 30 30 29 3B 62 72  |B1_01_0_1000);br|
000011B0  65 61 6B 3B 65 6E 64 3B 75 6E 74 69 6C 20 66 61  |eak;end;until fa|
000011C0  6C 73 65 3B 72 65 74 75 72 6E 20 6B 3B 65 6C 73  |lse;return k;els|
000011D0  65 20 72 65 74 75 72 6E 20 30 58 33 63 3B 65 6E  |e return 0X3c;en|
000011E0  64 3B 65 6E 64 2C 5B 30 42 31 30 31 30 30 5F 30  |d;end,[0B10100_0|
000011F0  5F 31 30 31 5F 31 30 5D 3D 66 75 6E 63 74 69 6F  |_101_10]=functio|
00001200  6E 28 78 2C 75 4E 29 6C 6F 63 61 6C 20 6D 50 3D  |n(x,uN)local mP=|
00001210  78 5B 30 62 31 30 5F 31 5F 30 5F 31 5F 30 30 31  |x[0b10_1_0_1_001|
00001220  31 5F 31 30 5D 28 78 2C 75 4E 29 3B 72 65 74 75  |1_10](x,uN);retu|
00001230  72 6E 20 6D 50 3B 65 6E 64 2C 5B 31 5F 31 30 33  |rn mP;end,[1_103|
00001240  5D 3D 30 58 32 43 2C 5B 39 32 35 5D 3D 28 66 75  |]=0X2C,[925]=(fu|
00001250  6E 63 74 69 6F 6E 28 29 6C 6F 63 61 6C 20 71 4C  |nction()local qL|
00001260  2C 43 66 2C 52 64 3D 62 69 74 33 32 2E 62 61 6E  |,Cf,Rd=bit32.ban|
00001270  64 2C 74 79 70 65 2C 74 6F 6E 75 6D 62 65 72 3B  |d,type,tonumber;|
00001280  6C 6F 63 61 6C 20 77 57 3D 22 6E 75 6D 62 65 72  |local wW="number|
00001290  22 3B 72 65 74 75 72 6E 20 66 75 6E 63 74 69 6F  |";return functio|
000012A0  6E 28 66 2C 54 2C 58 2C 6B 29 6C 6F 63 61 6C 20  |n(f,T,X,k)local |
000012B0  76 59 2C 47 69 3D 30 42 31 2C 71 4C 28 28 28 30  |vY,Gi=0B1,qL(((0|
000012C0  62 31 31 5F 31 5F 31 30 30 31 5F 30 5F 31 31 31  |b11_1_1001_0_111|
000012D0  31 30 30 31 31 29 2B 28 30 78 33 39 29 29 2C 31  |10011)+(0x39)),1|
000012E0  39 5F 34 37 35 29 3B 72 65 70 65 61 74 20 69 66  |9_475);repeat if|
000012F0  20 76 59 3D 3D 30 62 31 20 74 68 65 6E 20 69 66  | vY==0b1 then if|
00001300  20 43 66 28 66 29 7E 3D 77 57 20 74 68 65 6E 20  | Cf(f)~=wW then |
00001310  66 3D 52 64 28 66 29 6F 72 20 30 58 30 3B 65 6E  |f=Rd(f)or 0X0;en|
00001320  64 3B 76 59 3D 30 78 32 3B 63 6F 6E 74 69 6E 75  |d;vY=0x2;continu|
00001330  65 3B 65 6C 73 65 69 66 20 76 59 3D 3D 30 42 31  |e;elseif vY==0B1|
00001340  30 20 74 68 65 6E 20 69 66 20 43 66 28 54 29 7E  |0 then if Cf(T)~|
00001350  3D 77 57 20 74 68 65 6E 20 54 3D 52 64 28 54 29  |=wW then T=Rd(T)|
00001360  6F 72 20 30 62 30 3B 65 6E 64 3B 47 69 3D 71 4C  |or 0b0;end;Gi=qL|
00001370  28 47 69 2C 28 28 30 42 31 30 30 5F 30 30 30 30  |(Gi,((0B100_0000|
00001380  30 30 5F 30 30 31 5F 31 5F 31 30 30 31 29 2D 28  |00_001_1_1001)-(|
00001390  30 42 31 5F 31 31 30 31 30 29 29 29 3B 62 72 65  |0B1_11010)));bre|
000013A0  61 6B 3B 65 6C 73 65 20 62 72 65 61 6B 3B 65 6E  |ak;else break;en|
000013B0  64 3B 75 6E 74 69 6C 20 66 61 6C 73 65 3B 72 65  |d;until false;re|
000013C0  74 75 72 6E 20 71 4C 28 66 2C 54 29 3B 65 6E 64  |turn qL(f,T);end|
000013D0  3B 65 6E 64 29 28 29 2C 5B 30 62 31 31 30 31 30  |;end)(),[0b11010|
000013E0  31 31 5F 31 5F 30 31 30 5D 3D 62 75 66 66 65 72  |11_1_010]=buffer|
000013F0  2E 72 65 61 64 75 38 2C 5B 30 42 31 31 30 30 5F  |.readu8,[0B1100_|
00001400  30 30 5F 30 31 5F 30 5D 3D 66 75 6E 63 74 69 6F  |00_01_0]=functio|
00001410  6E 28 78 2C 72 79 2C 2E 2E 2E 29 6C 6F 63 61 6C  |n(x,ry,...)local|
00001420  20 63 52 3D 7B 2E 2E 2E 7D 3B 6C 6F 63 61 6C 20  | cR={...};local |
00001430  65 45 3D 22 22 3B 6C 6F 63 61 6C 20 72 57 3D 30  |eE="";local rW=0|
00001440  58 31 5F 37 3B 6C 6F 63 61 6C 20 4B 55 3D 31 31  |X1_7;local KU=11|
00001450  3B 6C 6F 63 61 6C 20 4A 51 2C 56 52 3B 6C 6F 63  |;local JQ,VR;loc|
00001460  61 6C 20 76 3D 30 42 31 30 5F 31 31 3B 6C 6F 63  |al v=0B10_11;loc|
00001470  61 6C 20 48 3D 30 42 31 31 30 31 5F 30 30 31 3B  |al H=0B1101_001;|
00001480  72 65 70 65 61 74 20 69 66 28 28 4B 55 2B 48 29  |repeat if((KU+H)|
00001490  3D 3D 28 76 2B 48 29 29 74 68 65 6E 20 4A 51 3D  |==(v+H))then JQ=|
000014A0  78 5B 30 62 31 30 5F 30 5F 31 30 5F 30 5F 30 30  |x[0b10_0_10_0_00|
000014B0  30 5F 30 31 5D 28 56 52 20 6F 72 20 38 35 2C 30  |0_01](VR or 85,0|
000014C0  42 31 5F 30 5F 30 30 5F 30 5F 31 31 5F 31 30 30  |B1_0_00_0_11_100|
000014D0  5F 31 5F 31 30 5F 31 5F 31 5F 31 29 3B 4B 55 3D  |_1_10_1_1_1);KU=|
000014E0  30 78 37 34 3B 63 6F 6E 74 69 6E 75 65 3B 65 6C  |0x74;continue;el|
000014F0  73 65 69 66 28 28 4B 55 2D 48 29 3D 3D 76 29 74  |seif((KU-H)==v)t|
00001500  68 65 6E 20 56 52 3D 78 5B 30 42 31 5F 31 31 30  |hen VR=x[0B1_110|
00001510  5F 30 31 31 5F 31 30 31 5D 28 4A 51 20 6F 72 20  |_011_101](JQ or |
00001520  30 62 31 5F 30 30 30 5F 30 31 5F 31 31 30 30 31  |0b1_000_01_11001|
00001530  31 5F 30 5F 31 5F 31 5F 31 2C 30 58 35 5F 35 29  |1_0_1_1_1,0X5_5)|
00001540  3B 62 72 65 61 6B 3B 65 6C 73 65 20 62 72 65 61  |;break;else brea|
00001550  6B 3B 65 6E 64 3B 75 6E 74 69 6C 20 66 61 6C 73  |k;end;until fals|
00001560  65 3B 69 66 28 78 29 5B 30 78 33 5F 37 5F 36 5D  |e;if(x)[0x3_7_6]|
00001570  28 4A 51 2C 56 52 29 7E 3D 30 58 38 37 5F 32 32  |(JQ,VR)~=0X87_22|
00001580  20 74 68 65 6E 20 72 65 74 75 72 6E 20 65 6E 64  | then return end|
00001590  3B 72 65 70 65 61 74 20 69 66 20 72 57 3D 3D 30  |;repeat if rW==0|
000015A0  62 31 30 5F 31 31 31 20 74 68 65 6E 20 67 53 3D  |b10_111 then gS=|
000015B0  78 5B 30 58 33 5F 37 36 5D 28 28 28 30 78 61 5F  |x[0X3_76](((0xa_|
000015C0  61 34 46 29 2D 30 78 31 31 2D 30 58 31 5F 33 29  |a4F)-0x11-0X1_3)|
000015D0  2C 30 62 31 5F 30 5F 30 30 30 31 5F 31 5F 31 30  |,0b1_0_0001_1_10|
000015E0  31 31 30 5F 30 30 29 3B 72 57 3D 30 78 39 41 3B  |110_00);rW=0x9A;|
000015F0  63 6F 6E 74 69 6E 75 65 3B 65 6C 73 65 69 66 20  |continue;elseif |
00001600  72 57 3D 3D 30 42 31 30 30 5F 31 31 5F 30 31 30  |rW==0B100_11_010|
00001610  20 74 68 65 6E 20 66 6F 72 20 6A 6B 3D 30 42 30  | then for jk=0B0|
00001620  5F 30 31 2C 23 63 52 20 64 6F 20 6C 6F 63 61 6C  |_01,#cR do local|
00001630  20 4E 4A 3D 28 78 29 5B 30 78 33 37 36 5D 28 63  | NJ=(x)[0x376](c|
00001640  52 5B 6A 6B 5D 2C 72 79 29 3B 65 45 3D 65 45 2E  |R[jk],ry);eE=eE.|
00001650  2E 78 5B 30 62 31 31 30 5F 31 5F 30 5F 30 31 5F  |.x[0b110_1_0_01_|
00001660  30 31 5D 28 78 5B 30 62 31 31 31 30 30 5F 31 31  |01](x[0b11100_11|
00001670  31 5F 30 31 5D 28 4E 4A 2C 30 62 31 31 31 31 5F  |1_01](NJ,0b1111_|
00001680  31 31 31 5F 31 29 29 3B 65 6E 64 3B 72 57 3D 30  |111_1));end;rW=0|
00001690  62 31 30 30 31 30 31 5F 30 31 31 3B 63 6F 6E 74  |b100101_011;cont|
000016A0  69 6E 75 65 3B 65 6C 73 65 69 66 20 72 57 3D 3D  |inue;elseif rW==|
000016B0  30 78 31 32 62 20 74 68 65 6E 20 72 65 74 75 72  |0x12b then retur|
000016C0  6E 20 65 45 3B 65 6C 73 65 20 62 72 65 61 6B 3B  |n eE;else break;|
000016D0  65 6E 64 3B 75 6E 74 69 6C 20 66 61 6C 73 65 3B  |end;until false;|
000016E0  72 65 74 75 72 6E 28 65 45 29 65 6E 64 2C 5B 30  |return(eE)end,[0|
000016F0  42 31 30 31 30 31 31 30 30 30 5D 3D 66 75 6E 63  |B101011000]=func|
00001700  74 69 6F 6E 28 78 2C 41 2C 6D 2C 6B 2C 79 29 6C  |tion(x,A,m,k,y)l|
00001710  6F 63 61 6C 20 45 2C 7A 3B 6C 6F 63 61 6C 20 56  |ocal E,z;local V|
00001720  3D 28 78 29 5B 30 58 33 5F 37 5F 36 5D 28 35 34  |=(x)[0X3_7_6](54|
00001730  5F 37 31 38 2C 28 28 30 62 31 5F 31 5F 31 5F 31  |_718,((0b1_1_1_1|
00001740  5F 30 5F 30 5F 31 31 30 5F 31 30 29 2D 30 62 31  |_0_0_110_10)-0b1|
00001750  31 31 5F 30 5F 30 2D 30 42 31 5F 30 31 30 31 29  |11_0_0-0B1_0101)|
00001760  29 3B 41 3D 78 5B 30 42 31 5F 31 31 30 30 5F 31  |);A=x[0B1_1100_1|
00001770  31 31 30 31 5D 28 41 2C 30 62 31 31 5F 31 5F 31  |1101](A,0b11_1_1|
00001780  31 5F 31 5F 31 5F 31 31 31 31 31 31 31 31 5F 31  |1_1_1_11111111_1|
00001790  5F 31 31 31 31 31 5F 31 31 31 31 5F 31 5F 31 31  |_11111_1111_1_11|
000017A0  31 31 5F 31 31 29 3B 45 3D 28 78 29 5B 31 5F 33  |11_11);E=(x)[1_3|
000017B0  30 31 5D 28 41 2C 30 42 31 5F 31 30 5F 31 29 3B  |01](A,0B1_10_1);|
000017C0  41 3D 78 5B 30 62 31 31 30 5F 31 31 31 30 31 31  |A=x[0b110_111011|
000017D0  30 5D 28 41 2C 45 29 3B 7A 3D 78 5B 30 58 36 31  |0](A,E);z=x[0X61|
000017E0  5F 32 5D 28 41 2C 30 78 31 31 29 3B 41 3D 78 5B  |_2](A,0x11);A=x[|
000017F0  30 42 31 5F 31 30 31 5F 31 31 30 31 31 30 5D 28  |0B1_101_110110](|
00001800  41 2C 7A 29 3B 45 3D 78 5B 30 58 35 31 35 5D 28  |A,z);E=x[0X515](|
00001810  41 2C 35 29 3B 41 3D 78 5B 38 38 36 5D 28 41 2C  |A,5);A=x[886](A,|
00001820  45 29 3B 56 3D 78 5B 30 42 31 5F 31 31 30 30 5F  |E);V=x[0B1_1100_|
00001830  31 31 31 5F 30 5F 31 5D 28 56 2B 45 2B 28 7A 20  |111_0_1](V+E+(z |
00001840  6F 72 20 30 78 30 29 2C 28 28 34 5F 32 39 34 5F  |or 0x0),((4_294_|
00001850  39 36 37 5F 32 39 38 29 2D 28 30 62 31 5F 31 29  |967_298)-(0b1_1)|
00001860  29 29 3B 72 65 74 75 72 6E 20 78 5B 30 62 31 31  |));return x[0b11|
00001870  5F 31 30 30 5F 31 31 5F 31 30 31 5D 28 41 2C 30  |_100_11_101](A,0|
00001880  42 31 31 31 31 5F 31 31 5F 31 5F 31 31 31 31 31  |B1111_11_1_11111|
00001890  5F 31 31 31 31 31 5F 31 31 5F 31 5F 31 31 31 31  |_11111_11_1_1111|
000018A0  31 31 31 31 31 31 31 31 29 65 6E 64 2C 5B 30 78  |11111111)end,[0x|
000018B0  36 5F 31 32 5D 3D 62 69 74 33 32 2E 72 73 68 69  |6_12]=bit32.rshi|
000018C0  66 74 2C 5B 30 58 36 5F 45 5F 30 5D 3D 66 75 6E  |ft,[0X6_E_0]=fun|
000018D0  63 74 69 6F 6E 28 78 2C 76 43 2C 4E 74 2C 53 6A  |ction(x,vC,Nt,Sj|
000018E0  2C 71 6A 29 6C 6F 63 61 6C 20 4A 76 3B 66 6F 72  |,qj)local Jv;for|
000018F0  20 5A 52 3D 30 42 30 2C 30 78 36 31 44 31 2D 30  | ZR=0B0,0x61D1-0|
00001900  62 31 5F 30 2C 30 78 32 20 64 6F 20 6C 6F 63 61  |b1_0,0x2 do loca|
00001910  6C 20 70 58 3D 4E 74 2E 78 28 78 5B 31 5F 37 32  |l pX=Nt.x(x[1_72|
00001920  32 5D 28 76 43 2C 5A 52 29 2C 28 28 53 6A 2B 28  |2](vC,ZR),((Sj+(|
00001930  28 30 62 31 30 31 31 31 30 31 30 30 31 30 5F 30  |(0b10111010010_0|
00001940  31 30 30 31 30 31 30 5F 31 31 5F 31 31 30 31 31  |1001010_11_11011|
00001950  5F 30 31 30 30 30 29 2D 28 30 58 31 29 29 2B 28  |_01000)-(0X1))+(|
00001960  5A 52 2B 30 62 31 29 2A 28 28 30 58 41 33 37 39  |ZR+0b1)*((0XA379|
00001970  29 2B 28 30 42 31 31 5F 31 31 31 5F 31 29 29 29  |)+(0B11_111_1)))|
00001980  25 32 35 36 29 29 3B 6C 6F 63 61 6C 20 6E 47 3D  |%256));local nG=|
00001990  4E 74 2E 78 28 78 5B 30 78 36 62 61 5D 28 76 43  |Nt.x(x[0x6ba](vC|
000019A0  2C 5A 52 2B 30 42 30 5F 30 31 29 2C 28 28 53 6A  |,ZR+0B0_01),((Sj|
000019B0  2B 28 28 30 78 35 44 32 5F 34 41 46 5F 38 63 29  |+((0x5D2_4AF_8c)|
000019C0  2D 30 42 31 31 31 31 30 2D 30 42 31 5F 31 31 29  |-0B11110-0B1_11)|
000019D0  2B 28 5A 52 2B 32 29 2A 30 62 31 30 5F 31 5F 30  |+(ZR+2)*0b10_1_0|
000019E0  30 5F 30 5F 31 5F 31 31 5F 30 31 5F 31 5F 31 30  |0_0_1_11_01_1_10|
000019F0  5F 30 30 29 25 30 78 31 30 30 29 29 3B 28 78 29  |_00)%0x100));(x)|
00001A00  5B 30 42 31 30 31 5F 30 30 31 30 31 30 5F 31 5D  |[0B101_001010_1]|
00001A10  28 76 43 2C 5A 52 2C 6E 47 29 3B 78 5B 30 58 32  |(vC,ZR,nG);x[0X2|
00001A20  5F 39 35 5D 28 76 43 2C 5A 52 2B 30 78 31 2C 70  |_95](vC,ZR+0x1,p|
00001A30  58 29 3B 65 6E 64 3B 69 66 20 30 42 31 5F 31 30  |X);end;if 0B1_10|
00001A40  5F 30 30 30 5F 31 5F 31 31 30 5F 31 30 30 30 31  |_000_1_110_10001|
00001A50  25 30 58 32 3D 3D 30 42 31 20 74 68 65 6E 20 5A  |%0X2==0B1 then Z|
00001A60  52 3D 30 42 31 5F 31 30 30 30 30 31 31 31 30 5F  |R=0B1_100001110_|
00001A70  31 30 5F 30 30 31 2D 30 42 31 3B 78 5B 30 78 32  |10_001-0B1;x[0x2|
00001A80  39 35 5D 28 76 43 2C 5A 52 2C 4E 74 2E 78 28 78  |95](vC,ZR,Nt.x(x|
00001A90  5B 30 42 31 5F 31 30 31 30 31 5F 31 31 30 5F 31  |[0B1_10101_110_1|
00001AA0  5F 30 5D 28 76 43 2C 5A 52 29 2C 28 28 53 6A 2B  |_0](vC,ZR),((Sj+|
00001AB0  30 42 31 30 5F 31 5F 31 31 5F 30 31 30 30 31 5F  |0B10_1_11_01001_|
00001AC0  30 30 5F 31 30 30 31 5F 30 31 30 5F 31 31 5F 31  |00_1001_010_11_1|
00001AD0  31 30 5F 31 31 30 5F 30 5F 31 31 5F 31 2B 28 5A  |10_110_0_11_1+(Z|
00001AE0  52 2B 30 42 30 5F 30 31 29 2A 30 62 31 30 31 30  |R+0B0_01)*0b1010|
00001AF0  30 5F 30 5F 31 31 31 30 5F 31 31 31 30 30 30 29  |0_0_1110_111000)|
00001B00  25 30 62 31 30 30 30 30 30 5F 30 30 30 29 29 29  |%0b100000_000)))|
00001B10  3B 65 6E 64 3B 53 6A 3D 78 5B 33 34 34 5D 28 78  |;end;Sj=x[344](x|
00001B20  2C 53 6A 2B 28 28 30 62 31 30 30 5F 30 5F 30 31  |,Sj+((0b100_0_01|
00001B30  5F 30 30 5F 31 5F 30 31 30 30 30 5F 30 30 5F 30  |_00_1_01000_00_0|
00001B40  31 30 30 5F 30 30 30 31 5F 31 30 31 5F 31 31 29  |100_0001_101_11)|
00001B50  2B 28 30 42 30 5F 30 31 29 29 2B 30 42 31 2A 30  |+(0B0_01))+0B1*0|
00001B60  78 63 5F 33 5F 33 5F 34 29 3B 72 65 74 75 72 6E  |xc_3_3_4);return|
00001B70  20 78 5B 30 42 31 5F 31 30 30 5F 31 5F 30 5F 31  | x[0B1_100_1_0_1|
00001B80  5F 31 5F 30 5F 30 31 5D 28 78 2C 76 43 2C 4E 74  |_1_0_01](x,vC,Nt|
00001B90  2C 53 6A 2C 71 6A 29 65 6E 64 2C 5B 30 78 37 62  |,Sj,qj)end,[0x7b|
00001BA0  35 5D 3D 66 75 6E 63 74 69 6F 6E 28 78 2C 56 6E  |5]=function(x,Vn|
00001BB0  2C 50 55 29 6C 6F 63 61 6C 20 69 77 3D 78 5B 30  |,PU)local iw=x[0|
00001BC0  58 32 5F 30 42 5D 28 56 6E 29 6F 72 20 30 62 31  |X2_0B](Vn)or 0b1|
00001BD0  30 31 30 31 5F 30 5F 30 31 31 30 31 5F 31 5F 30  |0101_0_01101_1_0|
00001BE0  30 30 30 3B 6C 6F 63 61 6C 20 4D 68 3D 78 5B 30  |000;local Mh=x[0|
00001BF0  78 32 30 42 5D 28 50 55 29 6F 72 20 30 62 31 5F  |x20B](PU)or 0b1_|
00001C00  30 5F 30 5F 31 5F 31 5F 30 30 30 30 31 5F 30 30  |0_0_1_1_00001_00|
00001C10  31 30 31 5F 31 3B 69 66 28 28 28 30 42 31 31 31  |101_1;if(((0B111|
00001C20  5F 30 5F 31 2A 30 58 32 39 29 25 30 62 31 5F 31  |_0_1*0X29)%0b1_1|
00001C30  5F 31 30 30 30 31 31 3E 32 29 29 74 68 65 6E 20  |_100011>2))then |
00001C40  6C 6F 63 61 6C 20 6C 44 2C 58 61 2C 63 41 3B 6C  |local lD,Xa,cA;l|
00001C50  6F 63 61 6C 20 56 46 3D 34 36 3B 77 68 69 6C 65  |ocal VF=46;while|
00001C60  20 74 72 75 65 20 64 6F 20 69 66 20 56 46 3D 3D  | true do if VF==|
00001C70  30 58 32 45 20 74 68 65 6E 20 6C 44 3D 4D 68 3B  |0X2E then lD=Mh;|
00001C80  58 61 3D 78 5B 30 78 32 34 37 5D 28 78 2C 69 77  |Xa=x[0x247](x,iw|
00001C90  2C 4D 68 29 3B 56 46 3D 30 42 31 30 30 5F 31 30  |,Mh);VF=0B100_10|
00001CA0  31 5F 31 31 3B 65 6C 73 65 69 66 20 56 46 3D 3D  |1_11;elseif VF==|
00001CB0  30 42 31 30 30 31 30 5F 31 31 31 20 74 68 65 6E  |0B10010_111 then|
00001CC0  20 6C 6F 63 61 6C 20 53 6C 3D 30 42 31 5F 31 5F  | local Sl=0B1_1_|
00001CD0  31 3B 72 65 70 65 61 74 20 69 66 20 53 6C 3D 3D  |1;repeat if Sl==|
00001CE0  30 58 37 20 74 68 65 6E 20 63 41 3D 28 78 29 5B  |0X7 then cA=(x)[|
00001CF0  30 58 33 39 44 5D 28 58 61 20 6F 72 20 30 58 39  |0X39D](Xa or 0X9|
00001D00  30 2C 31 38 5F 36 32 32 29 3B 53 6C 3D 31 38 3B  |0,18_622);Sl=18;|
00001D10  63 6F 6E 74 69 6E 75 65 3B 65 6C 73 65 20 62 72  |continue;else br|
00001D20  65 61 6B 3B 65 6E 64 3B 75 6E 74 69 6C 20 66 61  |eak;end;until fa|
00001D30  6C 73 65 3B 56 46 3D 32 36 33 3B 65 6C 73 65 20  |lse;VF=263;else |
00001D40  58 61 3D 78 5B 30 58 33 37 36 5D 28 63 41 20 6F  |Xa=x[0X376](cA o|
00001D50  72 20 30 62 31 5F 30 5F 31 30 30 30 2C 30 58 44  |r 0b1_0_1000,0XD|
00001D60  5F 36 5F 66 39 29 3B 69 66 20 78 5B 30 78 33 5F  |_6_f9);if x[0x3_|
00001D70  37 5F 36 5D 28 58 61 20 6F 72 20 30 42 31 30 30  |7_6](Xa or 0B100|
00001D80  5F 31 5F 30 30 5F 30 2C 30 58 31 5F 38 29 7E 3D  |_1_00_0,0X1_8)~=|
00001D90  30 58 64 5F 38 20 74 68 65 6E 20 63 41 3D 28 78  |0Xd_8 then cA=(x|
00001DA0  29 5B 30 78 33 39 44 5D 28 58 61 20 6F 72 20 39  |)[0x39D](Xa or 9|
00001DB0  33 2C 30 42 31 30 5F 30 30 31 31 30 31 29 3B 65  |3,0B10_001101);e|
00001DC0  6E 64 3B 78 5B 35 38 33 5D 28 78 2C 69 77 2C 4D  |nd;x[583](x,iw,M|
00001DD0  68 29 3B 62 72 65 61 6B 3B 65 6E 64 3B 65 6E 64  |h);break;end;end|
00001DE0  3B 72 65 74 75 72 6E 20 63 41 20 6F 72 20 58 61  |;return cA or Xa|
00001DF0  20 65 6C 73 65 20 72 65 74 75 72 6E 20 30 42 31  | else return 0B1|
00001E00  30 5F 31 31 20 65 6E 64 3B 65 6E 64 2C 5B 30 58  |0_11 end;end,[0X|
00001E10  33 30 5F 46 5D 3D 30 78 36 5F 36 2C 5B 30 42 31  |30_F]=0x6_6,[0B1|
00001E20  30 30 5F 30 30 5F 30 30 5F 30 5F 30 5D 3D 66 75  |00_00_00_0_0]=fu|
00001E30  6E 63 74 69 6F 6E 28 78 29 6C 6F 63 61 6C 20 6C  |nction(x)local l|
00001E40  6B 3D 78 5B 31 5F 39 36 38 5D 3B 69 66 20 6E 6F  |k=x[1_968];if no|
00001E50  74 20 6C 6B 20 74 68 65 6E 20 6C 6F 63 61 6C 20  |t lk then local |
00001E60  41 65 3D 78 5B 30 78 33 39 44 5D 28 30 42 31 5F  |Ae=x[0x39D](0B1_|
00001E70  30 5F 31 30 2C 32 34 35 29 3B 6C 6B 3D 66 75 6E  |0_10,245);lk=fun|
00001E80  63 74 69 6F 6E 28 78 29 6C 6F 63 61 6C 20 68 75  |ction(x)local hu|
00001E90  3D 30 78 33 44 3B 6C 6F 63 61 6C 20 4B 42 2C 6E  |=0x3D;local KB,n|
00001EA0  4F 2C 67 7A 2C 49 59 2C 42 4C 2C 67 45 2C 52 73  |O,gz,IY,BL,gE,Rs|
00001EB0  2C 79 4D 2C 4D 50 2C 61 51 2C 4F 53 2C 65 4D 2C  |,yM,MP,aQ,OS,eM,|
00001EC0  65 61 3B 6C 6F 63 61 6C 20 5A 4C 2C 41 64 2C 72  |ea;local ZL,Ad,r|
00001ED0  6C 2C 48 42 2C 77 68 2C 57 72 2C 55 70 2C 53 73  |l,HB,wh,Wr,Up,Ss|
00001EE0  2C 77 72 2C 41 63 3B 6C 6F 63 61 6C 20 54 6D 3D  |,wr,Ac;local Tm=|
00001EF0  7B 7D 3B 72 65 70 65 61 74 20 69 66 20 68 75 3D  |{};repeat if hu=|
00001F00  3D 30 58 33 64 20 74 68 65 6E 20 4B 42 3D 78 5B  |=0X3d then KB=x[|
00001F10  39 32 35 5D 28 6E 4F 20 6F 72 20 30 42 31 30 31  |925](nO or 0B101|
00001F20  30 30 30 30 5F 30 2C 34 30 5F 39 33 35 29 3B 49  |0000_0,40_935);I|
00001F30  59 3D 78 5B 30 42 31 31 5F 31 31 31 31 30 5D 28  |Y=x[0B11_11110](|
00001F40  78 2C 30 78 33 44 2C 30 58 62 30 29 3B 5A 4C 3D  |x,0x3D,0Xb0);ZL=|
00001F50  78 5B 30 78 33 5F 35 37 5D 28 78 2C 33 31 32 29  |x[0x3_57](x,312)|
00001F60  3B 69 66 20 5A 4C 3D 3D 30 78 32 61 20 74 68 65  |;if ZL==0x2a the|
00001F70  6E 20 5A 4C 3D 78 5B 30 62 31 31 5F 31 5F 30 5F  |n ZL=x[0b11_1_0_|
00001F80  30 5F 30 31 5F 31 30 30 31 5D 28 78 2C 30 42 31  |0_01_1001](x,0B1|
00001F90  5F 30 5F 30 31 31 31 5F 30 30 30 29 3B 65 6E 64  |_0_0111_000);end|
00001FA0  3B 41 64 3D 28 78 29 5B 30 42 31 30 31 30 5F 30  |;Ad=(x)[0B1010_0|
00001FB0  30 5F 30 30 30 31 30 5D 28 78 2C 31 36 30 2C 30  |0_00010](x,160,0|
00001FC0  62 31 30 30 31 31 31 31 31 31 31 31 5F 30 30 31  |b10011111111_001|
00001FD0  31 5F 31 29 3B 68 75 3D 30 42 31 5F 30 31 31 5F  |1_1);hu=0B1_011_|
00001FE0  30 30 30 30 3B 63 6F 6E 74 69 6E 75 65 3B 65 6C  |0000;continue;el|
00001FF0  73 65 69 66 20 68 75 3D 3D 30 78 62 30 20 74 68  |seif hu==0xb0 th|
00002000  65 6E 20 72 6C 2C 48 42 3D 78 5B 39 32 35 5D 2C  |en rl,HB=x[925],|
00002010  78 5B 30 78 37 5F 38 32 5D 28 78 29 3B 77 68 2C  |x[0x7_82](x);wh,|
00002020  57 72 3D 28 78 5B 30 42 31 30 30 30 5F 30 5F 30  |Wr=(x[0B1000_0_0|
00002030  5F 31 5F 30 31 31 5D 28 41 64 29 6F 72 20 30 58  |_1_011](Ad)or 0X|
00002040  30 29 2C 28 78 5B 35 32 33 5D 28 48 42 29 6F 72  |0),(x[523](HB)or|
00002050  20 30 62 30 29 3B 68 75 3D 30 62 31 30 5F 30 30  | 0b0);hu=0b10_00|
00002060  30 30 31 5F 30 31 3B 63 6F 6E 74 69 6E 75 65 3B  |001_01;continue;|
00002070  65 6C 73 65 69 66 20 68 75 3D 3D 30 42 31 5F 30  |elseif hu==0B1_0|
00002080  30 30 30 30 31 30 5F 31 20 74 68 65 6E 20 4F 53  |000010_1 then OS|
00002090  3D 78 5B 30 78 33 39 64 5D 28 28 28 78 5B 30 42  |=x[0x39d](((x[0B|
000020A0  31 5F 30 30 30 30 30 5F 31 30 5F 31 31 5D 28 5A  |1_00000_10_11](Z|
000020B0  4C 29 6F 72 20 30 62 30 29 2A 28 28 31 39 38 29  |L)or 0b0)*((198)|
000020C0  2D 32 39 2D 30 58 33 5F 32 29 29 2B 28 28 78 5B  |-29-0X3_2))+((x[|
000020D0  30 42 31 30 30 30 5F 30 30 31 30 5F 31 31 5D 28  |0B1000_0010_11](|
000020E0  41 64 29 6F 72 20 30 29 2A 28 28 30 62 31 31 30  |Ad)or 0)*((0b110|
000020F0  31 30 5F 30 31 29 2D 30 78 35 2D 30 58 39 29 29  |10_01)-0x5-0X9))|
00002100  2B 28 28 78 5B 30 78 32 5F 30 42 5D 28 48 42 29  |+((x[0x2_0B](HB)|
00002110  6F 72 20 30 62 30 29 2A 30 62 31 31 5F 30 30 5F  |or 0b0)*0b11_00_|
00002120  30 5F 30 5F 31 29 2B 35 35 2C 30 58 46 66 29 3B  |0_0_1)+55,0XFf);|
00002130  65 4D 3D 78 5B 30 58 33 39 44 5D 28 78 5B 30 58  |eM=x[0X39D](x[0X|
00002140  33 5F 37 5F 36 5D 28 78 5B 38 38 36 5D 28 78 5B  |3_7_6](x[886](x[|
00002150  30 78 35 5F 31 35 5D 28 28 78 29 5B 30 58 32 30  |0x5_15]((x)[0X20|
00002160  42 5D 28 5A 4C 29 6F 72 20 30 62 30 2C 30 58 35  |B](ZL)or 0b0,0X5|
00002170  29 2C 78 5B 30 78 36 5F 31 5F 32 5D 28 78 5B 30  |),x[0x6_1_2](x[0|
00002180  58 32 5F 30 5F 62 5D 28 41 64 29 6F 72 20 30 78  |X2_0_b](Ad)or 0x|
00002190  30 2C 30 78 32 29 29 2C 78 5B 30 78 35 5F 31 5F  |0,0x2)),x[0x5_1_|
000021A0  35 5D 28 28 78 29 5B 30 78 32 30 62 5D 28 48 42  |5]((x)[0x20b](HB|
000021B0  29 6F 72 20 30 58 30 2C 30 42 30 5F 30 31 29 29  |)or 0X0,0B0_01))|
000021C0  2C 32 35 35 29 3B 65 61 3D 78 5B 30 62 31 31 5F  |,255);ea=x[0b11_|
000021D0  31 5F 30 30 31 31 5F 31 30 5F 31 5D 28 78 5B 30  |1_0011_10_1](x[0|
000021E0  78 34 38 31 5D 28 28 78 29 5B 30 58 33 37 36 5D  |x481]((x)[0X376]|
000021F0  28 78 5B 30 78 32 30 62 5D 28 5A 4C 29 6F 72 20  |(x[0x20b](ZL)or |
00002200  30 78 30 2C 30 78 32 41 29 2C 78 5B 30 78 34 38  |0x0,0x2A),x[0x48|
00002210  5F 31 5D 28 78 5B 30 78 33 37 36 5D 28 78 5B 30  |_1](x[0x376](x[0|
00002220  58 32 30 5F 62 5D 28 41 64 29 6F 72 20 30 58 30  |X20_b](Ad)or 0X0|
00002230  2C 30 58 36 43 29 2C 78 5B 30 58 33 5F 37 5F 36  |,0X6C),x[0X3_7_6|
00002240  5D 28 78 5B 35 32 33 5D 28 48 42 29 6F 72 20 30  |](x[523](HB)or 0|
00002250  62 30 2C 30 58 37 35 29 29 29 2C 30 78 46 66 29  |b0,0X75))),0xFf)|
00002260  3B 61 51 3D 78 5B 39 32 35 5D 28 78 5B 30 58 33  |;aQ=x[925](x[0X3|
00002270  37 36 5D 28 78 5B 38 38 36 5D 28 4F 53 2C 65 4D  |76](x[886](OS,eM|
00002280  29 2C 30 58 35 35 29 2B 65 61 2C 30 62 31 5F 31  |),0X55)+ea,0b1_1|
00002290  31 5F 31 31 31 5F 31 31 29 3B 67 7A 3D 78 5B 30  |1_111_11);gz=x[0|
000022A0  42 31 30 5F 31 31 5F 30 30 5F 31 5F 31 30 31 31  |B10_11_00_1_1011|
000022B0  5D 28 78 2C 61 51 29 3B 53 73 2C 77 72 2C 42 4C  |](x,aQ);Ss,wr,BL|
000022C0  3D 67 7A 2E 53 73 2C 67 7A 2E 77 72 2C 67 7A 2E  |=gz.Ss,gz.wr,gz.|
000022D0  42 6F 3B 41 63 3D 7B 62 3D 28 78 29 5B 30 42 31  |Bo;Ac={b=(x)[0B1|
000022E0  5F 31 31 30 5F 30 31 31 31 30 31 5D 2C 78 3D 78  |_110_011101],x=x|
000022F0  5B 30 42 31 31 5F 30 31 31 5F 31 5F 30 5F 31 31  |[0B11_011_1_0_11|
00002300  5F 30 5D 2C 6C 3D 28 78 29 5B 30 42 31 5F 30 31  |_0],l=(x)[0B1_01|
00002310  30 5F 30 30 31 30 5F 31 5F 30 31 5D 2C 72 3D 28  |0_0010_1_01],r=(|
00002320  78 29 5B 30 78 36 31 32 5D 2C 6F 3D 78 5B 30 78  |x)[0x612],o=x[0x|
00002330  34 38 31 5D 7D 3B 55 70 3D 78 5B 31 5F 31 35 33  |481]};Up=x[1_153|
00002340  5D 28 77 68 2C 57 72 29 3B 4D 50 3D 28 78 29 5B  |](wh,Wr);MP=(x)[|
00002350  38 38 36 5D 28 30 78 37 32 2C 61 51 29 3B 54 6D  |886](0x72,aQ);Tm|
00002360  3D 42 4C 3B 68 75 3D 33 31 32 3B 63 6F 6E 74 69  |=BL;hu=312;conti|
00002370  6E 75 65 3B 65 6C 73 65 69 66 20 68 75 3D 3D 30  |nue;elseif hu==0|
00002380  78 31 33 38 20 74 68 65 6E 20 6E 4F 3D 78 5B 30  |x138 then nO=x[0|
00002390  62 31 5F 31 30 5F 31 5F 31 31 5F 30 5F 31 5F 31  |b1_10_1_11_0_1_1|
000023A0  5F 30 5D 28 4B 42 20 6F 72 20 30 62 31 30 5F 30  |_0](KB or 0b10_0|
000023B0  5F 31 31 5F 31 5F 31 31 31 5F 31 31 30 30 5F 31  |_11_1_111_1100_1|
000023C0  5F 31 31 2C 49 59 20 6F 72 20 30 78 61 5F 30 29  |_11,IY or 0xa_0)|
000023D0  3B 62 72 65 61 6B 3B 65 6C 73 65 20 62 72 65 61  |;break;else brea|
000023E0  6B 3B 65 6E 64 3B 75 6E 74 69 6C 20 66 61 6C 73  |k;end;until fals|
000023F0  65 3B 72 65 74 75 72 6E 7B 54 6D 3D 54 6D 2C 5A  |e;return{Tm=Tm,Z|
00002400  4C 3D 5A 4C 2C 41 64 3D 41 64 2C 72 6C 3D 30 78  |L=ZL,Ad=Ad,rl=0x|
00002410  30 2C 48 42 3D 48 42 2C 77 68 3D 77 68 2C 57 72  |0,HB=HB,wh=wh,Wr|
00002420  3D 57 72 2C 55 70 3D 55 70 2C 61 51 3D 61 51 2C  |=Wr,Up=Up,aQ=aQ,|
00002430  65 61 3D 65 61 2C 4D 50 3D 4D 50 2C 53 73 3D 53  |ea=ea,MP=MP,Ss=S|
00002440  73 2C 77 72 3D 77 72 2C 42 6F 3D 42 4C 2C 41 63  |s,wr=wr,Bo=BL,Ac|
00002450  3D 41 63 7D 65 6E 64 3B 78 5B 30 58 37 42 30 5D  |=Ac}end;x[0X7B0]|
00002460  3D 6C 6B 3B 65 6C 73 65 20 6C 6F 63 61 6C 20 41  |=lk;else local A|
00002470  65 3D 78 5B 38 38 36 5D 28 30 78 61 2C 30 62 31  |e=x[886](0xa,0b1|
00002480  5F 31 5F 31 31 30 31 30 31 29 3B 65 6E 64 3B 72  |_1_110101);end;r|
00002490  65 74 75 72 6E 20 6C 6B 28 78 29 3B 65 6E 64 2C  |eturn lk(x);end,|
000024A0  5B 30 42 31 31 5F 31 5F 30 31 31 30 5F 30 5F 31  |[0B11_1_0110_0_1|
000024B0  5D 3D 66 75 6E 63 74 69 6F 6E 28 78 2C 61 53 2C  |]=function(x,aS,|
000024C0  58 55 2C 4D 74 2C 4E 67 2C 47 4E 29 6C 6F 63 61  |XU,Mt,Ng,GN)loca|
000024D0  6C 20 68 45 3D 28 78 29 5B 30 42 31 31 31 30 30  |l hE=(x)[0B11100|
000024E0  31 31 31 5F 30 5F 31 5D 28 28 47 4E 20 6F 72 20  |111_0_1]((GN or |
000024F0  30 42 30 5F 30 31 29 2B 28 28 30 58 66 5F 37 29  |0B0_01)+((0Xf_7)|
00002500  2D 28 34 29 29 2C 30 78 66 66 29 2B 30 42 31 3B  |-(4)),0xff)+0B1;|
00002510  6C 6F 63 61 6C 20 4C 69 3D 78 5B 30 58 33 37 36  |local Li=x[0X376|
00002520  5D 28 47 4E 20 6F 72 20 30 58 30 2C 28 28 30 62  |](GN or 0X0,((0b|
00002530  31 5F 30 5F 31 30 30 31 30 5F 30 5F 30 31 5F 31  |1_0_10010_0_01_1|
00002540  5F 31 5F 31 31 29 2D 30 78 45 2D 30 58 44 29 29  |_1_11)-0xE-0XD))|
00002550  3B 4D 74 5B 30 42 30 5F 30 31 5D 3D 7B 5B 68 45  |;Mt[0B0_01]={[hE|
00002560  5D 3D 4C 69 7D 3B 4E 67 5B 30 42 31 5D 3D 23 4D  |]=Li};Ng[0B1]=#M|
00002570  74 2B 68 45 2B 4C 69 3B 4E 67 5B 32 5D 3D 7B 5B  |t+hE+Li;Ng[2]={[|
00002580  68 45 5D 3D 4D 74 7D 3B 58 55 5B 30 58 31 5D 3D  |hE]=Mt};XU[0X1]=|
00002590  7B 7B 7D 2C 66 61 6C 73 65 2C 4C 69 2C 7B 7D 7D  |{{},false,Li,{}}|
000025A0  3B 58 55 5B 30 58 32 5D 3D 7B 5B 68 45 5D 3D 4D  |;XU[0X2]={[hE]=M|
000025B0  74 7D 3B 61 53 2E 65 69 3D 7B 5B 30 42 30 5F 30  |t};aS.ei={[0B0_0|
000025C0  31 5D 3D 7B 7D 2C 5B 32 5D 3D 4C 69 7D 3B 61 53  |1]={},[2]=Li};aS|
000025D0  2E 4A 6C 3D 30 62 31 30 31 30 5F 30 31 30 3B 78  |.Jl=0b1010_010;x|
000025E0  5B 30 58 34 32 41 5D 3D 7B 5B 68 45 5D 3D 4D 74  |[0X42A]={[hE]=Mt|
000025F0  7D 3B 78 5B 30 78 36 62 41 5D 3D 7B 5B 68 45 5D  |};x[0x6bA]={[hE]|
00002600  3D 4C 69 7D 3B 78 5B 30 58 34 44 5F 64 5D 3D 4D  |=Li};x[0X4D_d]=M|
00002610  74 3B 78 5B 38 34 37 5D 3D 4E 67 3B 78 5B 30 58  |t;x[847]=Ng;x[0X|
00002620  63 63 5D 3D 58 55 3B 78 5B 30 58 33 37 37 5D 3D  |cc]=XU;x[0X377]=|
00002630  61 53 3B 78 5B 30 58 35 32 38 5D 3D 66 75 6E 63  |aS;x[0X528]=func|
00002640  74 69 6F 6E 28 2E 2E 2E 29 72 65 74 75 72 6E 20  |tion(...)return |
00002650  78 5B 30 78 36 62 41 5D 28 2E 2E 2E 29 65 6E 64  |x[0x6bA](...)end|
00002660  3B 72 65 74 75 72 6E 20 4C 69 20 65 6E 64 2C 5B  |;return Li end,[|
00002670  32 37 34 5D 3D 66 75 6E 63 74 69 6F 6E 28 78 2C  |274]=function(x,|
00002680  68 68 2C 57 74 2C 77 44 2C 53 49 29 6C 6F 63 61  |hh,Wt,wD,SI)loca|
00002690  6C 20 6A 73 2C 52 76 2C 62 6C 3B 28 78 29 5B 30  |l js,Rv,bl;(x)[0|
000026A0  62 31 31 31 30 31 5F 31 31 30 31 30 5F 31 5D 2E  |b11101_11010_1].|
000026B0  65 69 3D 68 68 3B 6C 6F 63 61 6C 20 5A 6E 3D 78  |ei=hh;local Zn=x|
000026C0  5B 30 42 31 31 5F 31 30 5F 30 31 31 31 5F 30 5F  |[0B11_10_0111_0_|
000026D0  31 5D 28 30 62 31 31 5F 31 5F 30 31 2C 30 78 41  |1](0b11_1_01,0xA|
000026E0  65 5F 33 5F 65 29 3B 6C 6F 63 61 6C 20 56 4B 3D  |e_3_e);local VK=|
000026F0  7B 7D 3B 66 6F 72 20 75 56 3D 30 78 31 2C 28 28  |{};for uV=0x1,((|
00002700  30 62 31 31 31 31 29 2B 28 30 58 33 5F 31 29 29  |0b1111)+(0X3_1))|
00002710  64 6F 20 6C 6F 63 61 6C 20 42 44 3D 28 78 29 5B  |do local BD=(x)[|
00002720  30 78 36 5F 38 39 5D 28 78 2C 28 78 29 5B 30 42  |0x6_89](x,(x)[0B|
00002730  31 30 5F 30 30 31 5F 30 30 31 31 5D 2C 30 42 31  |10_001_0011],0B1|
00002740  30 30 30 30 30 5F 30 30 2B 75 56 29 3B 56 4B 5B  |00000_00+uV);VK[|
00002750  75 56 5D 3D 78 5B 30 58 31 5F 61 35 5D 28 78 5B  |uV]=x[0X1_a5](x[|
00002760  30 58 36 62 41 5D 28 78 5B 30 62 31 5F 31 5F 31  |0X6bA](x[0b1_1_1|
00002770  30 5F 31 5F 31 5F 31 5F 30 31 5F 30 5F 31 5D 2E  |0_1_1_1_01_0_1].|
00002780  65 69 2C 42 44 2D 30 58 31 29 25 30 58 31 30 30  |ei,BD-0X1)%0X100|
00002790  29 3B 65 6E 64 3B 28 78 29 5B 31 5F 33 31 34 5D  |);end;(x)[1_314]|
000027A0  3D 78 5B 30 58 37 35 5D 28 56 4B 29 3B 6C 6F 63  |=x[0X75](VK);loc|
000027B0  61 6C 20 59 6A 3D 7B 7D 3B 66 6F 72 20 75 4D 3D  |al Yj={};for uM=|
000027C0  30 62 31 2C 36 34 20 64 6F 20 6C 6F 63 61 6C 20  |0b1,64 do local |
000027D0  47 57 3D 78 5B 30 78 36 38 39 5D 28 78 2C 28 78  |GW=x[0x689](x,(x|
000027E0  29 5B 30 62 31 30 5F 30 30 31 30 30 5F 31 31 5D  |)[0b10_00100_11]|
000027F0  2C 31 39 32 2B 75 4D 29 3B 59 6A 5B 75 4D 5D 3D  |,192+uM);Yj[uM]=|
00002800  78 5B 30 78 31 5F 61 35 5D 28 28 78 29 5B 31 5F  |x[0x1_a5]((x)[1_|
00002810  37 32 32 5D 28 28 78 29 5B 31 5F 39 30 39 5D 2E  |722]((x)[1_909].|
00002820  65 69 2C 47 57 2D 30 78 31 29 25 30 62 31 30 30  |ei,GW-0x1)%0b100|
00002830  30 30 5F 30 5F 30 30 30 29 3B 65 6E 64 3B 78 5B  |00_0_000);end;x[|
00002840  30 62 31 5F 31 5F 30 30 5F 30 30 30 30 30 5F 31  |0b1_1_00_00000_1|
00002850  5F 30 5D 3D 78 5B 30 62 31 31 5F 31 30 5F 31 30  |_0]=x[0b11_10_10|
00002860  31 5D 28 59 6A 29 3B 6C 6F 63 61 6C 20 45 71 3D  |1](Yj);local Eq=|
00002870  7B 7D 3B 66 6F 72 20 72 7A 3D 30 78 31 2C 30 58  |{};for rz=0x1,0X|
00002880  34 5F 30 20 64 6F 20 6C 6F 63 61 6C 20 47 63 3D  |4_0 do local Gc=|
00002890  78 5B 30 62 31 5F 31 30 31 30 30 5F 30 5F 31 5F  |x[0b1_10100_0_1_|
000028A0  30 30 31 5D 28 78 2C 28 78 29 5B 32 37 35 5D 2C  |001](x,(x)[275],|
000028B0  30 62 31 5F 30 5F 30 30 30 31 5F 31 31 30 31 5F  |0b1_0_0001_1101_|
000028C0  30 5F 30 2B 72 7A 29 3B 45 71 5B 72 7A 5D 3D 78  |0_0+rz);Eq[rz]=x|
000028D0  5B 30 78 31 41 5F 35 5D 28 78 5B 30 62 31 31 30  |[0x1A_5](x[0b110|
000028E0  5F 31 5F 30 5F 31 31 5F 31 5F 30 31 30 5D 28 78  |_1_0_11_1_010](x|
000028F0  5B 30 78 37 5F 37 35 5D 2E 65 69 2C 47 63 2D 30  |[0x7_75].ei,Gc-0|
00002900  58 31 29 25 30 62 31 30 30 30 30 5F 30 30 30 30  |X1)%0b10000_0000|
00002910  29 3B 65 6E 64 3B 78 5B 30 78 31 5F 30 39 5D 3D  |);end;x[0x1_09]=|
00002920  28 78 29 5B 30 78 37 35 5D 28 45 71 29 3B 6C 6F  |(x)[0x75](Eq);lo|
00002930  63 61 6C 20 71 69 3D 7B 7D 3B 66 6F 72 20 58 72  |cal qi={};for Xr|
00002940  3D 31 2C 28 28 30 78 38 61 29 2D 30 58 32 30 2D  |=1,((0x8a)-0X20-|
00002950  30 58 32 5F 61 29 64 6F 20 6C 6F 63 61 6C 20 6E  |0X2_a)do local n|
00002960  76 3D 78 5B 30 58 36 38 5F 39 5D 28 78 2C 28 78  |v=x[0X68_9](x,(x|
00002970  29 5B 30 78 31 31 33 5D 2C 28 28 30 58 37 34 29  |)[0x113],((0X74)|
00002980  2D 30 62 31 5F 30 30 2D 30 78 33 30 29 2B 58 72  |-0b1_00-0x30)+Xr|
00002990  29 3B 71 69 5B 58 72 5D 3D 78 5B 30 58 31 61 35  |);qi[Xr]=x[0X1a5|
000029A0  5D 28 78 5B 30 78 36 5F 42 5F 61 5D 28 78 5B 30  |](x[0x6_B_a](x[0|
000029B0  78 37 37 35 5D 2E 65 69 2C 6E 76 2D 30 42 30 5F  |x775].ei,nv-0B0_|
000029C0  30 31 29 25 30 78 31 30 5F 30 29 3B 65 6E 64 3B  |01)%0x10_0);end;|
000029D0  78 5B 30 62 31 5F 30 5F 31 5F 30 31 31 30 30 30  |x[0b1_0_1_011000|
000029E0  31 5F 31 5D 3D 28 78 29 5B 31 31 37 5D 28 71 69  |1_1]=(x)[117](qi|
000029F0  29 3B 6C 6F 63 61 6C 20 46 44 3D 7B 7D 3B 66 6F  |);local FD={};fo|
00002A00  72 20 49 6E 3D 30 42 30 5F 30 31 2C 30 78 34 5F  |r In=0B0_01,0x4_|
00002A10  30 20 64 6F 20 6C 6F 63 61 6C 20 56 53 3D 78 5B  |0 do local VS=x[|
00002A20  30 78 36 5F 38 39 5D 28 78 2C 28 78 29 5B 30 78  |0x6_89](x,(x)[0x|
00002A30  31 31 33 5D 2C 30 78 34 37 42 2B 49 6E 29 3B 46  |113],0x47B+In);F|
00002A40  44 5B 49 6E 5D 3D 78 5B 30 58 31 5F 61 35 5D 28  |D[In]=x[0X1_a5](|
00002A50  28 78 29 5B 30 78 36 5F 42 41 5D 28 78 5B 30 62  |(x)[0x6_BA](x[0b|
00002A60  31 5F 31 31 30 5F 31 5F 31 5F 31 30 5F 31 30 31  |1_110_1_1_10_101|
00002A70  5D 2E 65 69 2C 56 53 2D 30 42 31 29 25 30 78 31  |].ei,VS-0B1)%0x1|
00002A80  5F 30 5F 30 29 3B 65 6E 64 3B 78 5B 31 5F 32 38  |_0_0);end;x[1_28|
00002A90  31 5D 3D 78 5B 30 62 31 5F 31 5F 31 5F 30 31 30  |1]=x[0b1_1_1_010|
00002AA0  31 5D 28 46 44 29 3B 6C 6F 63 61 6C 20 4B 47 3D  |1](FD);local KG=|
00002AB0  7B 7D 3B 66 6F 72 20 66 72 3D 30 42 30 5F 30 31  |{};for fr=0B0_01|
00002AC0  2C 30 62 31 30 30 30 30 30 30 20 64 6F 20 6C 6F  |,0b1000000 do lo|
00002AD0  63 61 6C 20 72 6D 3D 28 78 29 5B 30 78 36 38 39  |cal rm=(x)[0x689|
00002AE0  5D 28 78 2C 78 5B 32 37 35 5D 2C 30 78 38 5F 62  |](x,x[275],0x8_b|
00002AF0  5F 34 2B 66 72 29 3B 4B 47 5B 66 72 5D 3D 78 5B  |_4+fr);KG[fr]=x[|
00002B00  30 58 31 61 35 5D 28 78 5B 30 42 31 31 5F 30 5F  |0X1a5](x[0B11_0_|
00002B10  31 5F 30 31 31 5F 31 30 31 30 5D 28 78 5B 30 42  |1_011_1010](x[0B|
00002B20  31 31 5F 31 30 31 31 31 30 31 5F 30 31 5D 2E 65  |11_1011101_01].e|
00002B30  69 2C 72 6D 2D 30 42 31 29 25 32 35 36 29 3B 65  |i,rm-0B1)%256);e|
00002B40  6E 64 3B 78 5B 30 58 35 30 61 5D 3D 78 5B 30 58  |nd;x[0X50a]=x[0X|
00002B50  37 35 5D 28 4B 47 29 3B 6C 6F 63 61 6C 20 58 66  |75](KG);local Xf|
00002B60  3D 7B 7D 3B 66 6F 72 20 48 50 3D 30 42 30 5F 30  |={};for HP=0B0_0|
00002B70  31 2C 30 78 34 5F 30 20 64 6F 20 6C 6F 63 61 6C  |1,0x4_0 do local|
00002B80  20 48 73 3D 78 5B 30 42 31 31 5F 30 31 30 30 30  | Hs=x[0B11_01000|
00002B90  5F 31 5F 30 30 31 5D 28 78 2C 78 5B 30 42 31 30  |_1_001](x,x[0B10|
00002BA0  30 5F 30 31 5F 30 5F 30 5F 31 31 5D 2C 30 78 30  |0_01_0_0_11],0x0|
00002BB0  2B 48 50 29 3B 58 66 5B 48 50 5D 3D 78 5B 34 32  |+HP);Xf[HP]=x[42|
00002BC0  31 5D 28 28 78 29 5B 30 42 31 31 30 31 5F 30 31  |1]((x)[0B1101_01|
00002BD0  31 31 5F 30 31 30 5D 28 78 5B 30 42 31 31 5F 31  |11_010](x[0B11_1|
00002BE0  5F 30 31 31 31 30 31 30 31 5D 2E 65 69 2C 48 73  |_01110101].ei,Hs|
00002BF0  2D 30 42 30 5F 30 31 29 25 30 42 31 30 30 5F 30  |-0B0_01)%0B100_0|
00002C00  30 30 30 30 30 29 3B 65 6E 64 3B 28 78 29 5B 30  |00000);end;(x)[0|
00002C10  78 32 5F 33 35 5D 3D 78 5B 30 78 37 35 5D 28 58  |x2_35]=x[0x75](X|
00002C20  66 29 3B 6C 6F 63 61 6C 20 65 44 3D 7B 7D 3B 66  |f);local eD={};f|
00002C30  6F 72 20 54 48 3D 30 58 31 2C 30 78 33 5F 37 5F  |or TH=0X1,0x3_7_|
00002C40  42 20 64 6F 20 6C 6F 63 61 6C 20 75 58 3D 78 5B  |B do local uX=x[|
00002C50  30 78 36 38 39 5D 28 78 2C 28 78 29 5B 30 58 31  |0x689](x,(x)[0X1|
00002C60  31 5F 33 5D 2C 28 28 30 78 31 31 5F 65 29 2D 30  |1_3],((0x11_e)-0|
00002C70  58 31 5F 37 2D 30 62 31 5F 31 5F 31 29 2B 54 48  |X1_7-0b1_1_1)+TH|
00002C80  29 3B 65 44 5B 54 48 5D 3D 78 5B 30 42 31 5F 31  |);eD[TH]=x[0B1_1|
00002C90  30 31 30 5F 30 5F 31 30 5F 31 5D 28 78 5B 30 78  |010_0_10_1](x[0x|
00002CA0  36 42 41 5D 28 28 78 29 5B 30 62 31 31 31 30 5F  |6BA]((x)[0b1110_|
00002CB0  31 5F 31 31 30 31 5F 30 31 5D 2E 65 69 2C 75 58  |1_1101_01].ei,uX|
00002CC0  2D 31 29 25 32 35 36 29 3B 65 6E 64 3B 78 5B 30  |-1)%256);end;x[0|
00002CD0  62 31 30 30 30 30 5F 31 30 30 31 30 5D 3D 78 5B  |b10000_10010]=x[|
00002CE0  30 42 31 5F 31 5F 31 30 31 30 31 5D 28 65 44 29  |0B1_1_10101](eD)|
00002CF0  3B 6C 6F 63 61 6C 20 51 51 3D 7B 7D 3B 66 6F 72  |;local QQ={};for|
00002D00  20 66 75 3D 30 42 30 5F 30 31 2C 28 28 39 35 38  | fu=0B0_01,((958|
00002D10  29 2D 30 58 32 5F 39 2D 30 42 31 31 31 5F 30 5F  |)-0X2_9-0B111_0_|
00002D20  30 29 64 6F 20 6C 6F 63 61 6C 20 71 4A 3D 78 5B  |0)do local qJ=x[|
00002D30  30 42 31 31 30 31 30 5F 30 5F 30 31 5F 30 5F 30  |0B11010_0_01_0_0|
00002D40  5F 31 5D 28 78 2C 78 5B 30 42 31 30 5F 30 30 31  |_1](x,x[0B10_001|
00002D50  5F 30 30 5F 31 31 5D 2C 28 28 30 78 34 5F 43 44  |_00_11],((0x4_CD|
00002D60  29 2D 28 30 58 31 5F 32 29 29 2B 66 75 29 3B 51  |)-(0X1_2))+fu);Q|
00002D70  51 5B 66 75 5D 3D 28 78 29 5B 30 78 31 41 5F 35  |Q[fu]=(x)[0x1A_5|
00002D80  5D 28 78 5B 30 78 36 42 61 5D 28 78 5B 30 42 31  |](x[0x6Ba](x[0B1|
00002D90  31 5F 31 30 5F 31 31 31 5F 30 5F 31 30 5F 31 5D  |1_10_111_0_10_1]|
00002DA0  2E 65 69 2C 71 4A 2D 30 58 31 29 25 30 62 31 30  |.ei,qJ-0X1)%0b10|
00002DB0  30 5F 30 5F 30 30 30 30 30 29 3B 65 6E 64 3B 78  |0_0_00000);end;x|
00002DC0  5B 30 58 37 32 38 5D 3D 78 5B 31 31 37 5D 28 51  |[0X728]=x[117](Q|
00002DD0  51 29 3B 6C 6F 63 61 6C 20 6F 48 3D 7B 7D 3B 66  |Q);local oH={};f|
00002DE0  6F 72 20 70 44 3D 30 42 30 5F 30 31 2C 30 58 34  |or pD=0B0_01,0X4|
00002DF0  5F 30 20 64 6F 20 6C 6F 63 61 6C 20 65 58 3D 78  |_0 do local eX=x|
00002E00  5B 30 62 31 5F 31 5F 30 5F 31 30 30 30 31 30 5F  |[0b1_1_0_100010_|
00002E10  30 31 5D 28 78 2C 78 5B 30 42 31 30 30 30 31 5F  |01](x,x[0B10001_|
00002E20  30 30 31 31 5D 2C 30 62 31 30 30 30 30 30 31 31  |0011],0b10000011|
00002E30  30 31 5F 30 30 2B 70 44 29 3B 6F 48 5B 70 44 5D  |01_00+pD);oH[pD]|
00002E40  3D 28 78 29 5B 30 42 31 31 5F 30 31 5F 30 30 31  |=(x)[0B11_01_001|
00002E50  5F 30 31 5D 28 28 78 29 5B 31 5F 37 32 32 5D 28  |_01]((x)[1_722](|
00002E60  78 5B 30 62 31 31 31 30 31 5F 31 5F 31 30 5F 31  |x[0b11101_1_10_1|
00002E70  30 31 5D 2E 65 69 2C 65 58 2D 31 29 25 30 78 31  |01].ei,eX-1)%0x1|
00002E80  30 30 29 3B 65 6E 64 3B 28 78 29 5B 30 42 31 5F  |00);end;(x)[0B1_|
00002E90  31 5F 30 31 31 30 30 30 5D 3D 78 5B 30 78 37 35  |1_011000]=x[0x75|
00002EA0  5D 28 6F 48 29 3B 6A 73 3D 78 5B 30 58 62 30 5D  |](oH);js=x[0Xb0]|
00002EB0  28 28 28 32 32 5F 37 30 36 29 2B 28 34 33 29 29  |(((22_706)+(43))|
00002EC0  29 3B 52 76 3D 30 78 30 3B 66 6F 72 20 77 70 3D  |);Rv=0x0;for wp=|
00002ED0  30 78 31 2C 30 42 31 30 31 31 30 5F 30 30 31 31  |0x1,0B10110_0011|
00002EE0  5F 30 5F 31 31 31 5F 30 31 20 64 6F 20 6C 6F 63  |_0_111_01 do loc|
00002EF0  61 6C 20 53 79 3D 28 78 29 5B 30 58 36 5F 38 39  |al Sy=(x)[0X6_89|
00002F00  5D 28 78 2C 28 78 29 5B 30 42 31 30 30 30 31 30  |](x,(x)[0B100010|
00002F10  5F 30 31 31 5D 2C 32 5F 32 39 32 2B 77 70 29 3B  |_011],2_292+wp);|
00002F20  6C 6F 63 61 6C 20 41 70 3D 78 5B 30 42 31 31 30  |local Ap=x[0B110|
00002F30  31 5F 30 31 31 31 30 5F 31 30 5D 28 78 5B 30 42  |1_01110_10](x[0B|
00002F40  31 31 31 30 31 5F 31 31 30 31 5F 30 5F 31 5D 2E  |11101_1101_0_1].|
00002F50  65 69 2C 53 79 2D 31 29 3B 69 66 20 41 70 7E 3D  |ei,Sy-1);if Ap~=|
00002F60  28 7B 7D 29 5B 31 5F 31 35 39 5F 39 37 38 5D 74  |({})[1_159_978]t|
00002F70  68 65 6E 20 78 5B 36 36 31 5D 28 6A 73 2C 52 76  |hen x[661](js,Rv|
00002F80  2C 28 41 70 29 25 30 62 31 30 30 30 30 30 30 30  |,(Ap)%0b10000000|
00002F90  30 29 3B 52 76 3D 52 76 2B 30 62 31 3B 65 6E 64  |0);Rv=Rv+0b1;end|
00002FA0  3B 65 6E 64 3B 62 6C 3D 52 76 3B 78 5B 31 5F 30  |;end;bl=Rv;x[1_0|
00002FB0  36 36 5D 3D 78 5B 30 42 31 5F 30 31 31 31 5F 30  |66]=x[0B1_0111_0|
00002FC0  30 31 30 5F 31 30 5D 28 78 2C 6A 73 29 3B 78 5B  |010_10](x,js);x[|
00002FD0  30 78 37 37 5F 35 5D 2E 65 69 3D 28 7B 7D 29 5B  |0x77_5].ei=({})[|
00002FE0  34 5F 30 32 32 5F 31 34 32 5D 3B 6C 6F 63 61 6C  |4_022_142];local|
00002FF0  20 6A 6E 3D 57 74 2E 62 28 78 5B 30 42 31 5F 31  | jn=Wt.b(x[0B1_1|
00003000  30 31 5F 31 31 30 31 31 5F 30 5D 28 77 44 20 6F  |01_11011_0](wD o|
00003010  72 20 30 42 30 2C 23 53 49 29 2C 30 62 31 31 5F  |r 0B0,#SI),0b11_|
00003020  31 5F 31 31 5F 31 5F 31 31 29 3B 78 5B 30 78 37  |1_11_1_11);x[0x7|
00003030  37 5F 35 5D 2E 4A 6C 3D 30 42 31 31 31 31 31 5F  |7_5].Jl=0B11111_|
00003040  31 30 31 31 3B 72 65 74 75 72 6E 20 78 5B 31 5F  |1011;return x[1_|
00003050  33 32 30 5D 28 78 2C 6A 6E 29 65 6E 64 2C 5B 30  |320](x,jn)end,[0|
00003060  62 31 31 30 31 5F 30 31 5F 30 31 31 5F 31 5D 3D  |b1101_01_011_1]=|
00003070  66 75 6E 63 74 69 6F 6E 28 78 2C 41 2C 6B 2C 79  |function(x,A,k,y|
00003080  2C 54 2C 58 29 69 66 28 28 28 30 58 31 5F 65 3C  |,T,X)if(((0X1_e<|
00003090  30 58 34 31 20 61 6E 64 20 30 62 31 30 30 30 30  |0X41 and 0b10000|
000030A0  30 5F 31 3C 30 58 34 46 29 6F 72 28 30 58 36 32  |0_1<0X4F)or(0X62|
000030B0  38 66 7E 3D 30 58 36 32 61 39 29 29 29 74 68 65  |8f~=0X62a9)))the|
000030C0  6E 20 6C 6F 63 61 6C 20 68 6A 3D 33 36 3B 6C 6F  |n local hj=36;lo|
000030D0  63 61 6C 20 66 57 2C 48 58 3B 6C 6F 63 61 6C 20  |cal fW,HX;local |
000030E0  44 3D 30 78 32 5F 34 3B 6C 6F 63 61 6C 20 74 3D  |D=0x2_4;local t=|
000030F0  30 62 31 30 5F 30 30 31 30 5F 30 5F 30 3B 72 65  |0b10_0010_0_0;re|
00003100  70 65 61 74 20 69 66 28 28 68 6A 2B 74 29 3D 3D  |peat if((hj+t)==|
00003110  28 44 2B 74 29 29 74 68 65 6E 20 66 57 3D 78 5B  |(D+t))then fW=x[|
00003120  30 62 31 5F 31 31 5F 30 5F 30 5F 31 5F 31 31 30  |0b1_11_0_0_1_110|
00003130  31 5D 28 28 78 29 5B 30 58 35 5F 31 35 5D 28 48  |1]((x)[0X5_15](H|
00003140  58 20 6F 72 20 31 32 32 2C 30 78 32 29 2C 30 62  |X or 122,0x2),0b|
00003150  31 31 31 31 31 31 5F 31 31 31 31 31 5F 31 31 31  |111111_11111_111|
00003160  31 31 29 3B 68 6A 3D 30 78 61 43 3B 63 6F 6E 74  |11);hj=0xaC;cont|
00003170  69 6E 75 65 3B 65 6C 73 65 69 66 28 28 68 6A 2D  |inue;elseif((hj-|
00003180  74 29 3D 3D 44 29 74 68 65 6E 20 48 58 3D 78 5B  |t)==D)then HX=x[|
00003190  31 5F 35 35 34 5D 28 66 57 20 6F 72 20 30 62 31  |1_554](fW or 0b1|
000031A0  31 31 5F 31 31 5F 30 30 5F 30 5F 30 31 5F 31 31  |11_11_00_0_01_11|
000031B0  2C 30 42 30 5F 30 31 29 3B 62 72 65 61 6B 3B 65  |,0B0_01);break;e|
000031C0  6C 73 65 20 62 72 65 61 6B 3B 65 6E 64 3B 75 6E  |lse break;end;un|
000031D0  74 69 6C 20 66 61 6C 73 65 3B 69 66 20 78 5B 30  |til false;if x[0|
000031E0  58 33 37 36 5D 28 66 57 2C 48 58 29 7E 3D 30 78  |X376](fW,HX)~=0x|
000031F0  31 31 63 20 74 68 65 6E 20 72 65 74 75 72 6E 20  |11c then return |
00003200  65 6E 64 3B 6C 6F 63 61 6C 20 63 4B 3D 37 31 3B  |end;local cK=71;|
00003210  72 65 70 65 61 74 20 69 66 20 63 4B 3D 3D 37 31  |repeat if cK==71|
00003220  20 74 68 65 6E 20 76 56 3D 78 5B 30 42 31 31 31  | then vV=x[0B111|
00003230  30 31 5F 30 5F 30 31 30 5F 30 5D 28 78 2C 78 5B  |01_0_010_0](x,x[|
00003240  30 42 31 31 30 31 30 30 31 30 31 5D 28 29 29 3B  |0B110100101]());|
00003250  79 58 3D 78 5B 30 62 31 31 30 31 31 31 30 5F 31  |yX=x[0b1101110_1|
00003260  5F 31 30 5D 28 30 42 31 30 5F 31 31 30 30 30 30  |_10](0B10_110000|
00003270  30 31 31 30 30 30 5F 31 5F 31 2C 30 58 32 36 62  |011000_1_1,0X26b|
00003280  5F 39 29 3B 63 4B 3D 30 78 39 34 3B 63 6F 6E 74  |_9);cK=0x94;cont|
00003290  69 6E 75 65 3B 65 6C 73 65 69 66 20 63 4B 3D 3D  |inue;elseif cK==|
000032A0  30 78 39 34 20 74 68 65 6E 20 72 56 3D 78 5B 30  |0x94 then rV=x[0|
000032B0  78 31 5F 38 32 5D 28 78 2C 30 58 41 2C 30 42 31  |x1_82](x,0XA,0B1|
000032C0  30 31 5F 31 31 31 30 2C 30 62 31 31 30 5F 30 30  |01_1110,0b110_00|
000032D0  31 5F 30 2C 30 42 31 5F 31 30 31 31 31 31 2C 30  |1_0,0B1_101111,0|
000032E0  42 31 5F 30 31 5F 30 31 30 2C 30 42 31 5F 31 30  |B1_01_010,0B1_10|
000032F0  5F 30 31 31 31 2C 31 31 31 2C 30 42 31 31 31 31  |_0111,111,0B1111|
00003300  31 5F 31 30 2C 30 78 36 62 2C 30 58 37 45 2C 30  |1_10,0x6b,0X7E,0|
00003310  42 31 31 30 31 5F 30 31 31 2C 30 58 36 38 2C 30  |B1101_011,0X68,0|
00003320  58 36 5F 36 2C 30 78 36 46 2C 34 32 2C 39 39 2C  |X6_6,0x6F,42,99,|
00003330  31 32 31 2C 30 78 32 5F 61 2C 30 78 36 5F 36 2C  |121,0x2_a,0x6_6,|
00003340  31 30 31 2C 30 78 36 39 2C 30 42 31 31 5F 30 30  |101,0x69,0B11_00|
00003350  5F 30 5F 30 31 2C 31 31 31 2C 31 31 30 29 3B 79  |_0_01,111,110);y|
00003360  58 3D 78 5B 30 42 31 31 5F 31 5F 30 30 31 31 31  |X=x[0B11_1_00111|
00003370  30 31 5D 28 79 58 20 6F 72 20 30 42 31 30 30 31  |01](yX or 0B1001|
00003380  31 5F 30 31 5F 30 31 31 31 30 30 31 2C 30 62 31  |1_01_0111001,0b1|
00003390  5F 30 5F 31 31 30 5F 30 30 5F 30 5F 30 5F 31 31  |_0_110_00_0_0_11|
000033A0  30 5F 30 30 5F 31 31 29 3B 69 66 20 76 56 7E 3D  |0_00_11);if vV~=|
000033B0  72 56 20 74 68 65 6E 20 72 65 74 75 72 6E 20 78  |rV then return x|
000033C0  5B 30 42 31 31 30 5F 31 5F 31 5F 31 30 31 31 30  |[0B110_1_1_10110|
000033D0  5D 28 30 62 31 5F 30 31 30 5F 31 30 2C 28 28 30  |](0b1_010_10,((0|
000033E0  78 37 29 2B 28 36 32 29 29 29 3B 65 6E 64 3B 62  |x7)+(62)));end;b|
000033F0  72 65 61 6B 3B 65 6C 73 65 20 62 72 65 61 6B 3B  |reak;else break;|
00003400  65 6E 64 3B 75 6E 74 69 6C 20 66 61 6C 73 65 3B  |end;until false;|
00003410  72 65 74 75 72 6E 28 28 30 42 31 5F 30 30 5F 31  |return((0B1_00_1|
00003420  5F 30 5F 30 29 2B 28 36 29 29 3B 65 6E 64 3B 72  |_0_0)+(6));end;r|
00003430  65 74 75 72 6E 28 78 29 5B 30 62 31 5F 31 5F 30  |eturn(x)[0b1_1_0|
00003440  31 5F 31 31 5F 30 5F 31 5F 31 5F 30 5D 28 28 28  |1_11_0_1_1_0](((|
00003450  35 39 29 2D 28 31 37 29 29 2C 30 78 34 5F 35 29  |59)-(17)),0x4_5)|
00003460  3B 65 6E 64 2C 5B 38 38 33 5D 3D 66 75 6E 63 74  |;end,[883]=funct|
00003470  69 6F 6E 28 78 2C 6D 2C 41 2C 6B 2C 79 29 6C 6F  |ion(x,m,A,k,y)lo|
00003480  63 61 6C 20 76 45 2C 74 72 2C 54 6E 3B 6C 6F 63  |cal vE,tr,Tn;loc|
00003490  61 6C 20 72 6E 3D 6D 25 30 78 34 3B 54 6E 3D 28  |al rn=m%0x4;Tn=(|
000034A0  78 29 5B 30 62 31 31 30 31 5F 31 31 5F 30 31 31  |x)[0b1101_11_011|
000034B0  30 5D 28 6D 20 6F 72 20 30 62 30 2C 30 58 34 41  |0](m or 0b0,0X4A|
000034C0  29 3B 69 66 20 72 6E 3D 3D 28 28 2D 30 62 31 5F  |);if rn==((-0b1_|
000034D0  30 30 5F 30 5F 30 29 2B 28 30 42 31 5F 30 30 30  |00_0_0)+(0B1_000|
000034E0  5F 30 29 29 74 68 65 6E 20 76 45 3D 28 78 29 5B  |_0))then vE=(x)[|
000034F0  30 42 31 5F 30 31 30 31 31 30 5F 30 30 31 31 5D  |0B1_010110_0011]|
00003500  3B 74 72 3D 31 38 30 20 65 6C 73 65 69 66 20 72  |;tr=180 elseif r|
00003510  6E 3D 3D 28 28 30 58 32 37 29 2D 30 58 39 2D 30  |n==((0X27)-0X9-0|
00003520  58 31 44 29 74 68 65 6E 20 76 45 3D 78 5B 30 78  |X1D)then vE=x[0x|
00003530  64 5F 38 5D 3B 74 72 3D 30 42 31 31 31 31 30 20  |d_8];tr=0B11110 |
00003540  65 6C 73 65 69 66 20 72 6E 3D 3D 30 58 32 20 74  |elseif rn==0X2 t|
00003550  68 65 6E 20 76 45 3D 78 5B 30 58 35 30 41 5D 3B  |hen vE=x[0X50A];|
00003560  74 72 3D 30 42 31 5F 31 31 30 30 30 30 5F 31 20  |tr=0B1_110000_1 |
00003570  65 6C 73 65 69 66 20 72 6E 3D 3D 30 62 31 5F 31  |elseif rn==0b1_1|
00003580  20 74 68 65 6E 20 76 45 3D 28 78 29 5B 30 62 31  | then vE=(x)[0b1|
00003590  30 30 30 5F 30 5F 31 5F 30 30 31 5D 3B 74 72 3D  |000_0_1_001];tr=|
000035A0  28 28 31 39 35 29 2D 30 42 31 5F 31 31 5F 31 5F  |((195)-0B1_11_1_|
000035B0  30 5F 31 2D 30 42 31 30 5F 30 30 31 30 29 65 6E  |0_1-0B10_0010)en|
000035C0  64 3B 6C 6F 63 61 6C 20 45 70 3D 28 78 29 5B 30  |d;local Ep=(x)[0|
000035D0  42 31 30 31 30 30 30 5F 31 30 5D 28 76 45 2C 28  |B101000_10](vE,(|
000035E0  6D 2D 72 6E 29 2F 30 62 31 5F 30 30 2B 30 42 30  |m-rn)/0b1_00+0B0|
000035F0  5F 30 31 29 3B 69 66 20 6E 6F 74 20 45 70 20 74  |_01);if not Ep t|
00003600  68 65 6E 20 72 65 74 75 72 6E 20 6E 69 6C 20 65  |hen return nil e|
00003610  6E 64 3B 54 6E 3D 78 5B 30 58 33 39 5F 64 5D 28  |nd;Tn=x[0X39_d](|
00003620  54 6E 2B 72 6E 2C 28 28 30 62 31 5F 30 30 5F 31  |Tn+rn,((0b1_00_1|
00003630  31 31 5F 30 31 5F 31 29 2D 34 37 2D 30 62 31 5F  |11_01_1)-47-0b1_|
00003640  31 30 5F 31 29 29 3B 45 70 3D 45 70 2D 74 72 3B  |10_1));Ep=Ep-tr;|
00003650  69 66 20 45 70 3C 30 62 30 20 74 68 65 6E 20 45  |if Ep<0b0 then E|
00003660  70 3D 45 70 2B 30 62 31 30 5F 30 30 30 30 5F 30  |p=Ep+0b10_0000_0|
00003670  5F 30 30 20 65 6E 64 3B 72 65 74 75 72 6E 20 45  |_00 end;return E|
00003680  70 20 65 6E 64 2C 5B 30 58 31 34 30 5D 3D 30 78  |p end,[0X140]=0x|
00003690  35 38 2C 5B 30 42 31 30 30 5F 31 30 5F 31 30 31  |58,[0B100_10_101|
000036A0  31 30 5D 3D 66 75 6E 63 74 69 6F 6E 28 78 2C 41  |10]=function(x,A|
000036B0  2C 66 2C 58 2C 6B 29 6C 6F 63 61 6C 20 42 4E 2C  |,f,X,k)local BN,|
000036C0  41 4D 2C 62 53 2C 79 63 3B 6C 6F 63 61 6C 20 6E  |AM,bS,yc;local n|
000036D0  50 3D 30 78 31 66 3B 72 65 70 65 61 74 20 69 66  |P=0x1f;repeat if|
000036E0  20 6E 50 3D 3D 33 31 20 74 68 65 6E 20 42 4E 3D  | nP==31 then BN=|
000036F0  41 5B 30 78 36 5D 6F 72 20 30 62 30 3B 41 4D 3D  |A[0x6]or 0b0;AM=|
00003700  41 5B 37 5D 6F 72 20 30 62 30 3B 69 51 3D 78 5B  |A[7]or 0b0;iQ=x[|
00003710  30 58 33 37 5F 36 5D 28 42 4E 20 6F 72 20 30 58  |0X37_6](BN or 0X|
00003720  30 2C 41 4D 20 6F 72 20 30 42 30 29 3B 6E 50 3D  |0,AM or 0B0);nP=|
00003730  28 28 30 62 31 31 31 5F 31 30 30 31 5F 31 29 2D  |((0b111_1001_1)-|
00003740  30 58 33 35 2D 31 31 29 3B 63 6F 6E 74 69 6E 75  |0X35-11);continu|
00003750  65 3B 65 6C 73 65 69 66 20 6E 50 3D 3D 28 28 30  |e;elseif nP==((0|
00003760  62 31 31 31 31 30 30 31 31 29 2D 30 42 31 5F 31  |b11110011)-0B1_1|
00003770  30 31 30 5F 31 2D 30 62 31 30 31 5F 31 29 74 68  |010_1-0b101_1)th|
00003780  65 6E 20 62 53 3D 41 5B 30 62 31 30 31 5D 6F 72  |en bS=A[0b101]or|
00003790  20 30 78 30 3B 79 63 3D 28 62 53 2B 41 4D 29 25  | 0x0;yc=(bS+AM)%|
000037A0  30 78 31 30 5F 30 3B 62 72 65 61 6B 3B 65 6C 73  |0x10_0;break;els|
000037B0  65 20 62 72 65 61 6B 3B 65 6E 64 3B 75 6E 74 69  |e break;end;unti|
000037C0  6C 20 66 61 6C 73 65 3B 72 65 74 75 72 6E 28 42  |l false;return(B|
000037D0  4E 2D 79 63 29 25 28 28 30 62 31 30 30 31 30 31  |N-yc)%((0b100101|
000037E0  5F 31 5F 30 5F 31 29 2D 28 30 42 31 30 31 31 5F  |_1_0_1)-(0B1011_|
000037F0  30 31 29 29 65 6E 64 2C 5B 30 62 31 31 5F 31 5F  |01))end,[0b11_1_|
00003800  30 31 5F 30 30 31 30 5F 31 31 5D 3D 66 75 6E 63  |01_0010_11]=func|
00003810  74 69 6F 6E 28 78 2C 2E 2E 2E 29 72 65 74 75 72  |tion(x,...)retur|
00003820  6E 7B 5B 30 58 31 5D 3D 7B 2E 2E 2E 7D 2C 5B 30  |n{[0X1]={...},[0|
00003830  42 31 30 5D 3D 28 78 29 5B 30 42 31 31 30 5F 31  |B10]=(x)[0B110_1|
00003840  30 31 31 30 31 5F 30 30 5D 28 22 23 22 2C 2E 2E  |01101_00]("#",..|
00003850  2E 29 7D 65 6E 64 2C 5B 31 5F 32 32 38 5D 3D 66  |.)}end,[1_228]=f|
00003860  75 6E 63 74 69 6F 6E 28 78 2C 41 2C 79 2C 6D 2C  |unction(x,A,y,m,|
00003870  6B 29 6C 6F 63 61 6C 20 62 45 3D 78 5B 30 62 31  |k)local bE=x[0b1|
00003880  31 31 31 30 30 31 5F 31 5F 31 30 30 5D 3B 69 66  |111001_1_100];if|
00003890  20 6E 6F 74 20 62 45 20 74 68 65 6E 20 6C 6F 63  | not bE then loc|
000038A0  61 6C 20 75 6D 3D 78 5B 30 62 31 31 31 5F 30 30  |al um=x[0b111_00|
000038B0  31 5F 31 5F 31 30 31 5D 28 30 62 31 30 31 31 30  |1_1_101](0b10110|
000038C0  30 5F 30 2C 30 42 31 31 31 31 31 31 29 3B 62 45  |0_0,0B111111);bE|
000038D0  3D 66 75 6E 63 74 69 6F 6E 28 78 2C 41 2C 79 2C  |=function(x,A,y,|
000038E0  6D 2C 6B 29 69 66 28 28 28 30 78 31 41 2A 30 58  |m,k)if(((0x1A*0X|
000038F0  32 2B 30 62 31 30 31 29 25 30 62 31 31 31 5F 31  |2+0b101)%0b111_1|
00003900  30 5F 30 30 7E 3D 30 62 31 30 5F 30 5F 30 30 30  |0_00~=0b10_0_000|
00003910  5F 31 29 29 74 68 65 6E 20 6C 6F 63 61 6C 20 72  |_1))then local r|
00003920  44 2C 64 6A 2C 65 5A 2C 64 55 2C 6C 6E 2C 75 66  |D,dj,eZ,dU,ln,uf|
00003930  3B 72 44 2C 65 5A 2C 64 6A 3D 28 78 29 5B 30 42  |;rD,eZ,dj=(x)[0B|
00003940  31 5F 31 30 5F 31 31 30 30 30 30 5D 28 78 2C 65  |1_10_110000](x,e|
00003950  5A 2C 30 42 31 5F 30 31 31 30 30 30 2C 64 6A 2C  |Z,0B1_011000,dj,|
00003960  65 5A 29 3B 72 44 2C 65 5A 2C 64 55 3D 78 5B 30  |eZ);rD,eZ,dU=x[0|
00003970  42 31 30 30 31 5F 30 31 5F 31 5F 31 31 31 31 5D  |B1001_01_1_1111]|
00003980  28 78 2C 65 5A 2C 72 44 2C 64 55 29 3B 6C 6E 2C  |(x,eZ,rD,dU);ln,|
00003990  72 44 2C 75 66 3D 78 5B 30 78 34 33 5F 39 5D 28  |rD,uf=x[0x43_9](|
000039A0  78 2C 72 44 2C 64 55 2C 32 30 33 29 3B 65 5A 3D  |x,rD,dU,203);eZ=|
000039B0  6E 69 6C 3B 6C 6E 2C 75 66 3D 78 5B 30 78 35 35  |nil;ln,uf=x[0x55|
000039C0  5F 38 5D 28 78 2C 28 78 29 5B 30 42 31 30 30 31  |_8](x,(x)[0B1001|
000039D0  30 30 31 30 30 5F 31 31 5D 2C 72 44 2C 75 66 29  |00100_11],rD,uf)|
000039E0  3B 69 66 20 6C 6E 7E 3D 2D 32 20 74 68 65 6E 20  |;if ln~=-2 then |
000039F0  65 6C 73 65 20 72 65 74 75 72 6E 20 78 5B 30 58  |else return x[0X|
00003A00  34 34 38 5D 28 78 2C 64 55 29 3B 65 6E 64 3B 6C  |448](x,dU);end;l|
00003A10  6F 63 61 6C 20 44 4A 3D 30 58 34 33 3B 6C 6F 63  |ocal DJ=0X43;loc|
00003A20  61 6C 20 42 72 2C 44 57 3B 6C 6F 63 61 6C 20 46  |al Br,DW;local F|
00003A30  4A 3D 30 78 34 5F 33 3B 6C 6F 63 61 6C 20 47 68  |J=0x4_3;local Gh|
00003A40  3D 30 62 31 30 5F 30 30 31 5F 30 5F 30 3B 72 65  |=0b10_001_0_0;re|
00003A50  70 65 61 74 20 69 66 28 28 44 4A 2B 47 68 29 3D  |peat if((DJ+Gh)=|
00003A60  3D 28 46 4A 2B 47 68 29 29 74 68 65 6E 20 42 72  |=(FJ+Gh))then Br|
00003A70  3D 78 5B 39 32 35 5D 28 78 5B 30 78 35 31 5F 35  |=x[925](x[0x51_5|
00003A80  5D 28 44 57 20 6F 72 20 30 78 32 34 2C 30 78 32  |](DW or 0x24,0x2|
00003A90  29 2C 36 35 5F 35 33 35 29 3B 44 4A 3D 30 62 31  |),65_535);DJ=0b1|
00003AA0  5F 30 5F 30 30 5F 30 31 31 31 3B 63 6F 6E 74 69  |_0_00_0111;conti|
00003AB0  6E 75 65 3B 65 6C 73 65 69 66 28 28 44 4A 2D 47  |nue;elseif((DJ-G|
00003AC0  68 29 3D 3D 46 4A 29 74 68 65 6E 20 44 57 3D 78  |h)==FJ)then DW=x|
00003AD0  5B 30 62 31 5F 31 5F 30 5F 30 5F 30 30 5F 31 30  |[0b1_1_0_0_00_10|
00003AE0  5F 30 31 30 5D 28 42 72 20 6F 72 20 35 37 5F 34  |_010](Br or 57_4|
00003AF0  35 35 2C 30 62 31 29 3B 62 72 65 61 6B 3B 65 6C  |55,0b1);break;el|
00003B00  73 65 20 62 72 65 61 6B 3B 65 6E 64 3B 75 6E 74  |se break;end;unt|
00003B10  69 6C 20 66 61 6C 73 65 3B 69 66 20 78 5B 30 42  |il false;if x[0B|
00003B20  31 31 30 31 5F 31 31 30 31 5F 31 30 5D 28 42 72  |1101_1101_10](Br|
00003B30  2C 44 57 29 7E 3D 30 42 31 5F 31 30 31 5F 31 30  |,DW)~=0B1_101_10|
00003B40  30 30 20 74 68 65 6E 20 72 65 74 75 72 6E 20 65  |00 then return e|
00003B50  6E 64 3B 72 65 70 65 61 74 20 69 66 20 72 44 3D  |nd;repeat if rD=|
00003B60  3D 30 78 35 38 20 74 68 65 6E 20 67 62 3D 78 5B  |=0x58 then gb=x[|
00003B70  30 42 31 31 5F 31 30 30 31 31 5F 31 5F 30 31 5D  |0B11_10011_1_01]|
00003B80  28 4B 75 20 6F 72 20 30 78 43 62 2C 30 62 31 5F  |(Ku or 0xCb,0b1_|
00003B90  30 5F 31 30 31 31 5F 31 30 30 5F 30 31 30 31 31  |0_1011_100_01011|
00003BA0  29 3B 79 54 3D 78 5B 39 32 35 5D 28 64 6A 20 6F  |);yT=x[925](dj o|
00003BB0  72 20 30 58 32 66 5F 64 42 2C 30 78 43 39 41 29  |r 0X2f_dB,0xC9A)|
00003BC0  3B 42 72 3D 78 3B 72 44 3D 30 58 36 65 3B 63 6F  |;Br=x;rD=0X6e;co|
00003BD0  6E 74 69 6E 75 65 3B 65 6C 73 65 69 66 20 72 44  |ntinue;elseif rD|
00003BE0  3D 3D 31 31 30 20 74 68 65 6E 20 4B 75 3D 28 78  |==110 then Ku=(x|
00003BF0  29 5B 30 58 33 37 36 5D 28 67 62 20 6F 72 20 30  |)[0X376](gb or 0|
00003C00  42 31 30 31 30 31 31 5F 31 30 30 5F 30 31 5F 30  |B101011_100_01_0|
00003C10  5F 31 5F 31 2C 30 58 31 33 29 3B 41 3D 30 42 31  |_1_1,0X13);A=0B1|
00003C20  30 30 5F 31 31 5F 31 30 31 31 5F 30 31 3B 72 44  |00_11_1011_01;rD|
00003C30  3D 30 78 31 31 36 3B 63 6F 6E 74 69 6E 75 65 3B  |=0x116;continue;|
00003C40  65 6C 73 65 69 66 20 72 44 3D 3D 32 37 38 20 74  |elseif rD==278 t|
00003C50  68 65 6E 20 64 6A 3D 78 5B 30 42 31 30 30 5F 31  |hen dj=x[0B100_1|
00003C60  30 5F 30 30 30 30 30 5F 31 5D 28 79 54 20 6F 72  |0_00000_1](yT or|
00003C70  20 30 58 63 42 2C 4B 75 20 6F 72 20 30 62 31 30  | 0XcB,Ku or 0b10|
00003C80  30 31 31 29 3B 44 4A 3D 78 5B 30 78 34 46 5D 28  |011);DJ=x[0x4F](|
00003C90  78 2C 30 78 34 65 5F 44 29 3B 43 46 3D 78 5B 39  |x,0x4e_D);CF=x[9|
00003CA0  32 35 5D 28 64 6A 20 6F 72 20 30 42 31 5F 30 31  |25](dj or 0B1_01|
00003CB0  5F 30 5F 31 5F 31 5F 31 30 30 30 5F 31 5F 30 5F  |_0_1_1_1000_1_0_|
00003CC0  31 31 2C 30 62 31 31 30 30 31 5F 30 5F 31 31 29  |11,0b11001_0_11)|
00003CD0  3B 62 72 65 61 6B 3B 65 6C 73 65 20 62 72 65 61  |;break;else brea|
00003CE0  6B 3B 65 6E 64 3B 75 6E 74 69 6C 20 66 61 6C 73  |k;end;until fals|
00003CF0  65 3B 6C 6F 63 61 6C 20 65 75 3D 66 75 6E 63 74  |e;local eu=funct|
00003D00  69 6F 6E 28 74 42 2C 2E 2E 2E 29 72 65 74 75 72  |ion(tB,...)retur|
00003D10  6E 20 74 42 28 42 72 2C 2E 2E 2E 29 65 6E 64 3B  |n tB(Br,...)end;|
00003D20  6C 6F 63 61 6C 20 72 59 3D 66 75 6E 63 74 69 6F  |local rY=functio|
00003D30  6E 28 2E 2E 2E 29 65 75 28 44 4A 2C 2E 2E 2E 29  |n(...)eu(DJ,...)|
00003D40  65 6E 64 3B 28 78 29 5B 30 42 31 31 30 5F 30 30  |end;(x)[0B110_00|
00003D50  5F 31 5F 31 30 30 5F 30 5D 28 78 2C 65 5A 2C 65  |_1_100_0](x,eZ,e|
00003D60  5A 2C 64 55 29 3B 64 55 3D 6E 69 6C 3B 72 65 74  |Z,dU);dU=nil;ret|
00003D70  75 72 6E 20 72 59 3B 65 6C 73 65 20 72 65 74 75  |urn rY;else retu|
00003D80  72 6E 20 41 3B 65 6E 64 3B 65 6E 64 3B 78 5B 30  |rn A;end;end;x[0|
00003D90  58 37 39 63 5D 3D 62 45 3B 65 6C 73 65 20 6C 6F  |X79c]=bE;else lo|
00003DA0  63 61 6C 20 75 6D 3D 28 78 29 5B 30 58 33 37 36  |cal um=(x)[0X376|
00003DB0  5D 28 30 58 35 38 2C 30 42 31 31 31 31 31 31 29  |](0X58,0B111111)|
00003DC0  3B 65 6E 64 3B 72 65 74 75 72 6E 20 62 45 28 78  |;end;return bE(x|
00003DD0  2C 41 2C 79 2C 6D 2C 6B 29 3B 65 6E 64 2C 5B 30  |,A,y,m,k);end,[0|
00003DE0  42 31 5F 30 30 31 5F 30 5F 30 30 31 5F 31 5F 31  |B1_001_0_001_1_1|
00003DF0  5D 3D 66 75 6E 63 74 69 6F 6E 28 78 2C 6E 57 2C  |]=function(x,nW,|
00003E00  6E 57 2C 53 53 2C 48 45 2C 43 73 29 6C 6F 63 61  |nW,SS,HE,Cs)loca|
00003E10  6C 20 45 54 3D 78 5B 30 42 31 5F 30 30 5F 30 30  |l ET=x[0B1_00_00|
00003E20  5F 30 31 30 31 31 5D 28 6E 57 29 6F 72 20 30 62  |_01011](nW)or 0b|
00003E30  31 5F 31 30 30 5F 31 5F 31 30 5F 30 31 31 31 31  |1_100_1_10_01111|
00003E40  31 30 3B 6C 6F 63 61 6C 20 4D 46 3D 78 5B 30 42  |10;local MF=x[0B|
00003E50  31 30 5F 30 5F 30 5F 30 5F 30 5F 31 30 31 5F 31  |10_0_0_0_0_101_1|
00003E60  5D 28 6E 57 29 6F 72 20 30 58 35 46 5F 66 5F 45  |](nW)or 0X5F_f_E|
00003E70  3B 6C 6F 63 61 6C 20 65 4B 3D 78 5B 30 58 32 30  |;local eK=x[0X20|
00003E80  42 5D 28 53 53 29 6F 72 20 34 31 5F 36 32 34 3B  |B](SS)or 41_624;|
00003E90  6C 6F 63 61 6C 20 54 55 3D 28 78 29 5B 35 32 33  |local TU=(x)[523|
00003EA0  5D 28 48 45 29 6F 72 20 30 62 31 31 31 5F 31 30  |](HE)or 0b111_10|
00003EB0  5F 30 31 31 5F 30 30 31 5F 31 31 5F 31 3B 6C 6F  |_011_001_11_1;lo|
00003EC0  63 61 6C 20 6F 6D 3D 78 5B 30 58 32 30 62 5D 28  |cal om=x[0X20b](|
00003ED0  43 73 29 6F 72 20 36 31 5F 34 39 39 3B 69 66 28  |Cs)or 61_499;if(|
00003EE0  28 28 30 42 31 31 30 31 2A 31 33 2B 30 58 32 33  |((0B1101*13+0X23|
00003EF0  5F 32 29 25 39 31 31 3E 30 58 31 5F 62 29 29 74  |_2)%911>0X1_b))t|
00003F00  68 65 6E 20 6C 6F 63 61 6C 20 49 61 2C 68 46 2C  |hen local Ia,hF,|
00003F10  75 51 3B 6C 6F 63 61 6C 20 53 6F 3D 30 62 31 30  |uQ;local So=0b10|
00003F20  5F 30 31 3B 77 68 69 6C 65 20 74 72 75 65 20 64  |_01;while true d|
00003F30  6F 20 69 66 20 53 6F 3D 3D 30 42 31 5F 30 5F 30  |o if So==0B1_0_0|
00003F40  5F 31 20 74 68 65 6E 20 49 61 3D 45 54 3B 68 46  |_1 then Ia=ET;hF|
00003F50  3D 28 78 29 5B 30 62 31 31 31 31 30 5F 31 31 30  |=(x)[0b11110_110|
00003F60  5F 31 5F 30 5F 31 5D 28 78 2C 45 54 2C 4D 46 29  |_1_0_1](x,ET,MF)|
00003F70  3B 53 6F 3D 31 32 32 3B 65 6C 73 65 69 66 20 53  |;So=122;elseif S|
00003F80  6F 3D 3D 30 58 37 61 20 74 68 65 6E 20 6C 6F 63  |o==0X7a then loc|
00003F90  61 6C 20 75 52 3D 30 78 34 3B 72 65 70 65 61 74  |al uR=0x4;repeat|
00003FA0  20 69 66 20 75 52 3D 3D 30 62 31 30 30 20 74 68  | if uR==0b100 th|
00003FB0  65 6E 20 75 51 3D 78 5B 30 62 31 31 31 30 30 31  |en uQ=x[0b111001|
00003FC0  31 31 30 5F 31 5D 28 68 46 20 6F 72 20 31 31 37  |110_1](hF or 117|
00003FD0  2C 30 42 31 5F 30 31 30 30 30 5F 30 30 31 5F 31  |,0B1_01000_001_1|
00003FE0  31 30 5F 31 30 5F 31 29 3B 75 52 3D 30 62 31 30  |10_10_1);uR=0b10|
00003FF0  5F 30 30 30 31 3B 63 6F 6E 74 69 6E 75 65 3B 65  |_0001;continue;e|
00004000  6C 73 65 20 62 72 65 61 6B 3B 65 6E 64 3B 75 6E  |lse break;end;un|
00004010  74 69 6C 20 66 61 6C 73 65 3B 53 6F 3D 30 58 43  |til false;So=0XC|
00004020  44 3B 65 6C 73 65 20 68 46 3D 78 5B 30 58 33 5F  |D;else hF=x[0X3_|
00004030  37 36 5D 28 75 51 20 6F 72 20 30 62 31 31 30 31  |76](uQ or 0b1101|
00004040  30 5F 31 30 30 2C 30 78 44 5F 31 30 36 29 3B 69  |0_100,0xD_106);i|
00004050  66 20 78 5B 30 42 31 31 5F 30 31 5F 31 31 5F 30  |f x[0B11_01_11_0|
00004060  31 5F 31 5F 30 5D 28 68 46 20 6F 72 20 30 58 63  |1_1_0](hF or 0Xc|
00004070  5F 63 2C 30 58 32 5F 30 29 7E 3D 30 62 31 30 31  |_c,0X2_0)~=0b101|
00004080  30 30 5F 31 30 20 74 68 65 6E 20 75 51 3D 28 78  |00_10 then uQ=(x|
00004090  29 5B 30 58 33 39 5F 44 5D 28 68 46 20 6F 72 20  |)[0X39_D](hF or |
000040A0  30 62 31 31 5F 30 31 31 31 30 2C 30 62 31 30 30  |0b11_01110,0b100|
000040B0  31 30 30 30 30 29 3B 65 6E 64 3B 78 5B 30 58 37  |10000);end;x[0X7|
000040C0  42 35 5D 28 78 2C 45 54 2C 4D 46 29 3B 62 72 65  |B5](x,ET,MF);bre|
000040D0  61 6B 3B 65 6E 64 3B 65 6E 64 3B 72 65 74 75 72  |ak;end;end;retur|
000040E0  6E 20 75 51 20 6F 72 20 68 46 20 65 6C 73 65 20  |n uQ or hF else |
000040F0  72 65 74 75 72 6E 20 31 38 39 20 65 6E 64 3B 65  |return 189 end;e|
00004100  6E 64 2C 5B 30 58 36 5F 44 61 5D 3D 70 63 61 6C  |nd,[0X6_Da]=pcal|
00004110  6C 2C 5B 35 36 31 5D 3D 66 75 6E 63 74 69 6F 6E  |l,[561]=function|
00004120  28 78 2C 70 41 29 6C 6F 63 61 6C 20 4C 53 3D 70  |(x,pA)local LS=p|
00004130  41 2E 55 4B 3B 78 5B 30 42 31 30 31 30 5F 30 31  |A.UK;x[0B1010_01|
00004140  30 5F 31 30 31 5D 28 4C 53 2C 30 78 30 2C 78 5B  |0_101](LS,0x0,x[|
00004150  30 58 35 31 5F 36 5D 28 78 2C 70 41 29 29 3B 78  |0X51_6](x,pA));x|
00004160  5B 36 36 31 5D 28 4C 53 2C 30 42 30 5F 30 31 2C  |[661](LS,0B0_01,|
00004170  78 5B 30 62 31 30 5F 31 5F 30 5F 30 30 31 30 31  |x[0b10_1_0_00101|
00004180  31 30 5D 28 78 2C 70 41 29 29 3B 72 65 74 75 72  |10](x,pA));retur|
00004190  6E 20 78 5B 30 42 31 5F 30 30 5F 31 31 5F 30 31  |n x[0B1_00_11_01|
000041A0  5F 31 31 5F 30 5F 31 5D 28 4C 53 2C 30 29 3B 65  |_11_0_1](LS,0);e|
000041B0  6E 64 2C 5B 30 58 37 5F 35 43 5D 3D 7B 7D 2C 5B  |nd,[0X7_5C]={},[|
000041C0  30 78 34 31 44 5D 3D 7B 7D 2C 5B 30 58 32 35 5F  |0x41D]={},[0X25_|
000041D0  38 5D 3D 7B 5B 28 28 30 62 31 30 5F 30 30 30 31  |8]={[((0b10_0001|
000041E0  5F 30 31 31 5F 31 29 2D 28 30 42 31 5F 31 31 5F  |_011_1)-(0B1_11_|
000041F0  30 29 29 5D 3D 30 58 37 38 2C 5B 30 58 32 33 37  |0))]=0X78,[0X237|
00004200  5D 3D 28 28 30 78 41 5F 34 29 2D 28 30 62 31 5F  |]=((0xA_4)-(0b1_|
00004210  30 5F 30 31 29 29 2C 5B 30 58 32 35 5F 41 5D 3D  |0_01)),[0X25_A]=|
00004220  28 28 31 35 36 29 2D 36 30 2D 30 62 31 31 30 5F  |((156)-60-0b110_|
00004230  30 29 2C 5B 28 28 30 42 31 30 31 5F 30 30 31 5F  |0),[((0B101_001_|
00004240  31 31 31 30 29 2D 28 30 58 32 35 29 29 5D 3D 28  |1110)-(0X25))]=(|
00004250  28 30 42 31 30 30 30 30 30 31 31 29 2D 28 30 58  |(0B10000011)-(0X|
00004260  33 31 29 29 7D 2C 5B 30 62 31 30 30 30 31 5F 30  |31))},[0b10001_0|
00004270  5F 31 5F 30 5F 31 5F 31 5D 3D 66 75 6E 63 74 69  |_1_0_1_1]=functi|
00004280  6F 6E 28 78 2C 48 61 2C 48 64 2C 4E 73 2C 62 69  |on(x,Ha,Hd,Ns,bi|
00004290  29 6C 6F 63 61 6C 20 77 74 3B 6C 6F 63 61 6C 20  |)local wt;local |
000042A0  4C 72 3D 62 69 5B 30 62 31 5D 3B 6C 6F 63 61 6C  |Lr=bi[0b1];local|
000042B0  20 4A 66 2C 54 51 2C 50 51 2C 65 63 3D 4C 72 5B  | Jf,TQ,PQ,ec=Lr[|
000042C0  30 42 30 5F 30 31 5D 2C 4C 72 5B 30 78 32 5D 2C  |0B0_01],Lr[0x2],|
000042D0  4C 72 5B 30 62 31 5F 31 5D 2C 4C 72 5B 30 58 34  |Lr[0b1_1],Lr[0X4|
000042E0  5D 3B 6C 6F 63 61 6C 20 62 51 3D 23 4A 66 3B 66  |];local bQ=#Jf;f|
000042F0  6F 72 20 6C 47 3D 30 62 30 2C 30 42 31 5F 31 30  |or lG=0b0,0B1_10|
00004300  30 30 30 31 31 31 5F 30 5F 31 30 30 30 5F 31 2D  |000111_0_1000_1-|
00004310  30 42 30 5F 30 31 20 64 6F 20 6C 6F 63 61 6C 20  |0B0_01 do local |
00004320  46 76 3D 28 28 6C 47 25 62 51 29 2B 30 42 30 5F  |Fv=((lG%bQ)+0B0_|
00004330  30 31 29 3B 6C 6F 63 61 6C 20 77 79 3D 6C 47 2B  |01);local wy=lG+|
00004340  30 42 30 5F 30 31 3B 6C 6F 63 61 6C 20 74 71 3D  |0B0_01;local tq=|
00004350  28 54 51 2B 77 79 2A 50 51 2B 28 77 79 25 32 35  |(TQ+wy*PQ+(wy%25|
00004360  31 29 2A 65 63 29 25 30 62 31 30 5F 30 30 30 30  |1)*ec)%0b10_0000|
00004370  5F 30 30 30 3B 6C 6F 63 61 6C 20 77 6F 3D 48 64  |_000;local wo=Hd|
00004380  2E 78 28 4A 66 5B 46 76 5D 2C 74 71 29 3B 77 79  |.x(Jf[Fv],tq);wy|
00004390  3D 48 64 2E 78 28 78 5B 31 5F 37 32 32 5D 28 48  |=Hd.x(x[1_722](H|
000043A0  61 2C 6C 47 29 2C 28 28 4E 73 2B 30 62 31 31 5F  |a,lG),((Ns+0b11_|
000043B0  31 5F 30 30 5F 30 31 31 30 5F 31 5F 30 30 31 30  |1_00_0110_1_0010|
000043C0  31 5F 30 31 31 30 31 30 31 5F 31 31 30 30 5F 30  |1_0110101_1100_0|
000043D0  30 30 30 30 2B 28 77 79 29 2A 30 58 34 33 32 62  |0000+(wy)*0X432b|
000043E0  29 25 30 42 31 5F 30 30 30 30 5F 30 30 30 30 29  |)%0B1_0000_0000)|
000043F0  29 3B 78 5B 30 62 31 5F 30 31 30 30 5F 31 30 31  |);x[0b1_0100_101|
00004400  30 31 5D 28 48 61 2C 6C 47 2C 48 64 2E 78 28 77  |01](Ha,lG,Hd.x(w|
00004410  79 2C 77 6F 29 29 3B 65 6E 64 3B 4E 73 3D 78 5B  |y,wo));end;Ns=x[|
00004420  30 62 31 5F 30 31 30 5F 31 31 30 30 5F 30 5D 28  |0b1_010_1100_0](|
00004430  78 2C 4E 73 2B 28 28 30 78 36 64 5F 36 43 32 64  |x,Ns+((0x6d_6C2d|
00004440  5F 41 5F 63 29 2D 28 35 31 29 29 2B 30 62 31 5F  |_A_c)-(51))+0b1_|
00004450  31 2A 28 28 30 58 65 38 36 63 29 2B 28 30 78 31  |1*((0Xe86c)+(0x1|
00004460  5F 66 29 29 29 3B 72 65 74 75 72 6E 28 78 29 5B  |_f)));return(x)[|
00004470  30 42 31 5F 30 30 30 5F 31 30 30 31 30 5D 28 78  |0B1_000_10010](x|
00004480  2C 48 61 2C 48 64 2C 4E 73 2C 62 69 29 65 6E 64  |,Ha,Hd,Ns,bi)end|
00004490  2C 5B 30 78 33 65 35 5D 3D 66 75 6E 63 74 69 6F  |,[0x3e5]=functio|
000044A0  6E 28 78 2C 54 2C 72 2C 79 2C 41 29 6C 6F 63 61  |n(x,T,r,y,A)loca|
000044B0  6C 20 45 76 2C 63 79 2C 6F 4A 3B 6C 6F 63 61 6C  |l Ev,cy,oJ;local|
000044C0  20 4B 4B 3D 54 25 30 42 31 30 30 3B 6F 4A 3D 78  | KK=T%0B100;oJ=x|
000044D0  5B 30 42 31 31 30 5F 31 31 31 5F 30 31 31 30 5D  |[0B110_111_0110]|
000044E0  28 54 20 6F 72 20 30 42 30 2C 28 28 30 62 31 30  |(T or 0B0,((0b10|
000044F0  30 31 31 31 31 31 31 29 2D 30 42 31 5F 30 30 5F  |0111111)-0B1_00_|
00004500  31 31 2D 35 35 29 29 3B 69 66 20 4B 4B 3D 3D 28  |11-55));if KK==(|
00004510  28 39 38 29 2D 30 42 31 30 31 31 30 31 2D 30 58  |(98)-0B101101-0X|
00004520  33 35 29 74 68 65 6E 20 45 76 3D 78 5B 31 5F 35  |35)then Ev=x[1_5|
00004530  33 38 5D 3B 63 79 3D 30 78 64 5F 34 20 65 6C 73  |38];cy=0xd_4 els|
00004540  65 69 66 20 4B 4B 3D 3D 28 28 30 78 31 41 29 2D  |eif KK==((0x1A)-|
00004550  28 30 62 31 31 5F 30 30 5F 31 29 29 74 68 65 6E  |(0b11_00_1))then|
00004560  20 45 76 3D 28 78 29 5B 30 78 35 5F 32 32 5D 3B  | Ev=(x)[0x5_22];|
00004570  63 79 3D 30 42 31 30 30 31 5F 30 5F 31 20 65 6C  |cy=0B1001_0_1 el|
00004580  73 65 69 66 20 4B 4B 3D 3D 32 20 74 68 65 6E 20  |seif KK==2 then |
00004590  45 76 3D 28 78 29 5B 35 36 35 5D 3B 63 79 3D 30  |Ev=(x)[565];cy=0|
000045A0  42 31 30 31 31 31 31 20 65 6C 73 65 69 66 20 4B  |B101111 elseif K|
000045B0  4B 3D 3D 33 20 74 68 65 6E 20 45 76 3D 78 5B 30  |K==3 then Ev=x[0|
000045C0  58 35 30 31 5D 3B 63 79 3D 30 42 31 5F 30 31 20  |X501];cy=0B1_01 |
000045D0  65 6E 64 3B 6C 6F 63 61 6C 20 5A 49 3D 78 5B 30  |end;local ZI=x[0|
000045E0  78 41 32 5D 28 45 76 2C 28 54 2D 4B 4B 29 2F 28  |xA2](Ev,(T-KK)/(|
000045F0  28 2D 30 58 31 63 29 2B 28 30 62 31 30 30 30 30  |(-0X1c)+(0b10000|
00004600  30 29 29 2B 30 42 30 5F 30 31 29 3B 69 66 20 6E  |0))+0B0_01);if n|
00004610  6F 74 20 5A 49 20 74 68 65 6E 20 72 65 74 75 72  |ot ZI then retur|
00004620  6E 20 6E 69 6C 20 65 6E 64 3B 6F 4A 3D 78 5B 30  |n nil end;oJ=x[0|
00004630  78 33 39 64 5D 28 6F 4A 2B 4B 4B 2C 28 28 30 62  |x39d](oJ+KK,((0b|
00004640  31 30 30 31 31 5F 31 31 31 30 29 2D 30 62 31 31  |10011_1110)-0b11|
00004650  31 31 31 30 2D 30 62 31 29 29 3B 5A 49 3D 5A 49  |1110-0b1));ZI=ZI|
00004660  2D 63 79 3B 69 66 20 5A 49 3C 30 78 30 20 74 68  |-cy;if ZI<0x0 th|
00004670  65 6E 20 5A 49 3D 5A 49 2B 30 42 31 30 30 30 5F  |en ZI=ZI+0B1000_|
00004680  30 30 5F 30 30 30 20 65 6E 64 3B 72 65 74 75 72  |00_000 end;retur|
00004690  6E 20 5A 49 20 65 6E 64 2C 5B 30 42 31 30 5F 31  |n ZI end,[0B10_1|
000046A0  5F 31 5F 30 31 5F 30 5F 30 31 5F 31 30 5D 3D 28  |_1_01_0_01_10]=(|
000046B0  28 30 58 32 5F 38 3C 30 78 36 5F 42 20 61 6E 64  |(0X2_8<0x6_B and|
000046C0  20 30 78 61 32 5F 31 39 7E 3D 30 42 31 30 31 30  | 0xa2_19~=0B1010|
000046D0  5F 30 30 31 30 5F 30 5F 30 5F 31 31 5F 30 5F 31  |_0010_0_0_11_0_1|
000046E0  5F 30 30 29 61 6E 64 28 28 31 32 2B 30 58 35 29  |_00)and((12+0X5)|
000046F0  2B 28 30 58 36 2B 30 78 32 5F 46 29 29 6F 72 28  |+(0X6+0x2_F))or(|
00004700  30 42 31 5F 30 31 5F 30 5F 30 30 31 5F 31 2D 30  |0B1_01_0_001_1-0|
00004710  62 31 30 30 30 30 30 29 29 2C 5B 30 58 34 42 5F  |b100000)),[0X4B_|
00004720  46 5D 3D 66 75 6E 63 74 69 6F 6E 28 78 2C 52 63  |F]=function(x,Rc|
00004730  2C 76 49 2C 6E 75 29 6E 75 3D 6E 75 20 6F 72 7B  |,vI,nu)nu=nu or{|
00004740  7D 3B 69 66 20 76 49 3D 3D 30 58 35 5F 38 20 74  |};if vI==0X5_8 t|
00004750  68 65 6E 20 6E 75 5B 28 28 30 62 31 31 5F 31 30  |hen nu[((0b11_10|
00004760  31 30 29 2D 28 31 37 29 29 5D 3D 65 72 72 6F 72  |10)-(17))]=error|
00004770  3B 65 6C 73 65 20 6E 75 5B 28 28 30 62 31 5F 31  |;else nu[((0b1_1|
00004780  31 5F 30 31 30 29 2D 28 30 78 31 31 29 29 5D 3D  |1_010)-(0x11))]=|
00004790  70 63 61 6C 6C 3B 65 6E 64 3B 6E 75 5B 28 28 30  |pcall;end;nu[((0|
000047A0  62 31 5F 31 31 30 30 5F 31 29 2B 28 30 58 32 5F  |b1_1100_1)+(0X2_|
000047B0  64 29 29 5D 3D 6E 69 6C 3B 52 63 3D 6E 69 6C 3B  |d))]=nil;Rc=nil;|
000047C0  72 65 74 75 72 6E 20 76 49 2C 52 63 2C 6E 75 20  |return vI,Rc,nu |
000047D0  65 6E 64 2C 5B 30 42 31 5F 30 31 5F 30 5F 30 5F  |end,[0B1_01_0_0_|
000047E0  30 31 30 31 5F 30 5F 31 5D 3D 62 69 74 33 32 2E  |0101_0_1]=bit32.|
000047F0  6C 73 68 69 66 74 2C 5B 39 30 32 5D 3D 66 75 6E  |lshift,[902]=fun|
00004800  63 74 69 6F 6E 28 29 72 65 74 75 72 6E 7B 5B 28  |ction()return{[(|
00004810  28 30 62 31 5F 30 5F 31 31 30 30 30 29 2D 30 58  |(0b1_0_11000)-0X|
00004820  31 34 2D 30 62 31 30 30 5F 30 30 30 30 29 5D 3D  |14-0b100_0000)]=|
00004830  30 62 31 31 30 7D 65 6E 64 2C 5B 30 78 36 5F 35  |0b110}end,[0x6_5|
00004840  66 5D 3D 66 75 6E 63 74 69 6F 6E 28 78 29 6C 6F  |f]=function(x)lo|
00004850  63 61 6C 20 66 63 3D 30 78 31 35 3B 6C 6F 63 61  |cal fc=0x15;loca|
00004860  6C 20 71 5A 2C 62 6A 3B 6C 6F 63 61 6C 20 73 3D  |l qZ,bj;local s=|
00004870  30 42 31 5F 30 31 30 31 3B 6C 6F 63 61 6C 20 50  |0B1_0101;local P|
00004880  3D 30 42 31 5F 31 31 30 31 30 30 3B 72 65 70 65  |=0B1_110100;repe|
00004890  61 74 20 69 66 28 28 66 63 2B 50 29 3D 3D 28 73  |at if((fc+P)==(s|
000048A0  2B 50 29 29 74 68 65 6E 20 71 5A 3D 78 5B 30 58  |+P))then qZ=x[0X|
000048B0  34 38 31 5D 28 62 6A 20 6F 72 20 30 42 31 30 5F  |481](bj or 0B10_|
000048C0  30 5F 30 31 2C 30 62 31 30 31 30 31 31 30 5F 31  |0_01,0b1010110_1|
000048D0  31 30 31 5F 31 31 31 30 30 29 3B 66 63 3D 30 58  |101_11100);fc=0X|
000048E0  38 39 3B 63 6F 6E 74 69 6E 75 65 3B 65 6C 73 65  |89;continue;else|
000048F0  69 66 28 28 66 63 2D 50 29 3D 3D 73 29 74 68 65  |if((fc-P)==s)the|
00004900  6E 20 62 6A 3D 78 5B 30 78 33 39 5F 44 5D 28 71  |n bj=x[0x39_D](q|
00004910  5A 20 6F 72 20 30 78 41 44 5F 62 43 2C 30 62 31  |Z or 0xAD_bC,0b1|
00004920  5F 30 5F 30 30 31 29 3B 62 72 65 61 6B 3B 65 6C  |_0_001);break;el|
00004930  73 65 20 62 72 65 61 6B 3B 65 6E 64 3B 75 6E 74  |se break;end;unt|
00004940  69 6C 20 66 61 6C 73 65 3B 69 66 20 78 5B 30 42  |il false;if x[0B|
00004950  31 31 5F 30 31 31 31 30 5F 31 31 5F 30 5D 28 71  |11_01110_11_0](q|
00004960  5A 2C 62 6A 29 7E 3D 34 34 5F 34 36 30 20 74 68  |Z,bj)~=44_460 th|
00004970  65 6E 20 72 65 74 75 72 6E 20 65 6E 64 3B 6C 6F  |en return end;lo|
00004980  63 61 6C 20 62 6A 3D 7B 7D 3B 62 6A 5B 28 28 33  |cal bj={};bj[((3|
00004990  36 29 2D 30 78 32 2D 30 42 31 30 30 5F 30 30 5F  |6)-0x2-0B100_00_|
000049A0  31 29 5D 3D 22 41 4E 54 49 21 21 55 77 4B 7A 2F  |1)]="ANTI!!UwKz/|
000049B0  2A 48 52 74 33 34 30 76 21 35 41 41 63 55 2E 56  |*HRt340v!5AAcU.V|
000049C0  6A 65 48 53 73 33 66 33 42 21 29 2C 6C 36 77 63  |jeHSs3f3B!),l6wc|
000049D0  49 48 44 33 58 7A 73 21 3F 36 5E 3F 65 2B 38 29  |IHD3Xzs!?6^?e+8)|
000049E0  4F 30 69 47 53 6E 23 63 3D 30 65 53 35 56 63 69  |O0iGSn#c=0eS5Vci|
000049F0  48 2F 59 68 35 29 37 2B 3A 4F 36 71 43 44 2E 6B  |H/Yh5)7+:O6qCD.k|
00004A00  29 67 46 61 3B 31 2A 26 54 5F 70 21 49 60 7A 61  |)gFa;1*&T_p!I`za|
00004A10  40 48 46 59 4B 6F 75 59 7A 35 6D 4F 3B 70 2D 3C  |@HFYKouYz5mO;p-<|
00004A20  61 4F 2A 30 77 71 4E 41 6C 5E 3B 41 6F 24 21 78  |aO*0wqNAl^;Ao$!x|
00004A30  72 56 74 59 49 46 62 28 43 43 49 58 2A 41 6D 7A  |rVtYIFb(CCIX*Amz|
00004A40  21 4C 51 36 3B 39 73 4C 71 39 57 53 37 4A 53 26  |!LQ6;9sLq9WS7JS&|
00004A50  77 5F 52 4D 35 71 61 4F 2E 42 29 61 6D 46 2A 51  |w_RM5qaO.B)amF*Q|
00004A60  30 6D 25 3B 65 29 55 3F 40 40 69 57 3A 44 28 53  |0m%;e)U?@@iW:D(S|
00004A70  3D 6A 4E 2D 6D 5F 57 35 74 5F 24 45 61 46 6A 70  |=jN-m_W5t_$EaFjp|
00004A80  4E 6F 70 39 2F 60 67 63 3E 44 72 6C 32 40 70 4E  |Nop9/`gc>Drl2@pN|
00004A90  74 32 3B 4C 36 23 25 44 79 31 57 60 30 29 7A 6C  |t2;L6#%Dy1W`0)zl|
00004AA0  50 44 50 74 2F 61 57 52 53 36 63 43 2B 3E 44 2C  |PDPt/aWRS6cC+>D,|
00004AB0  4D 53 43 78 38 57 41 54 4A 3C 39 55 69 69 41 34  |MSCx8WATJ<9UiiA4|
00004AC0  33 40 3C 57 54 78 3A 3E 54 7A 6F 32 2B 78 48 38  |3@<WTx:>Tzo2+xH8|
00004AD0  5A 50 41 36 40 64 69 45 2E 2E 3E 58 4E 2F 3D 44  |ZPA6@diE..>XN/=D|
00004AE0  70 4B 31 6D 75 36 60 33 33 41 44 3D 6C 2A 66 6C  |pK1mu6`33AD=l*fl|
00004AF0  4E 59 44 6D 72 57 6D 3E 34 38 5A 25 2A 54 4F 75  |NYDmrWm>48Z%*TOu|
00004B00  72 3A 33 4E 60 54 6E 37 70 59 5F 3A 65 6A 51 41  |r:3N`Tn7pY_:ejQA|
00004B10  4E 49 2B 46 56 64 39 2D 36 29 6A 6D 28 43 60 58  |NI+FVd9-6)jm(C`X|
00004B20  6C 6B 36 68 76 52 5F 4F 3A 39 2E 6B 6B 71 29 2C  |lk6hvR_O:9.kkq),|
00004B30  77 61 61 48 76 30 25 45 37 29 24 58 37 49 61 42  |waaHv0%E7)$X7IaB|
00004B40  2E 5E 38 53 52 6D 33 70 67 2F 51 38 3E 21 45 56  |.^8SRm3pg/Q8>!EV|
00004B50  36 3E 64 3C 46 46 33 4C 32 29 40 6F 69 64 46 6F  |6>d<FF3L2)@oidFo|
00004B60  42 79 70 24 2B 66 3E 6D 6A 48 42 7A 53 72 49 4E  |Byp$+f>mjHBzSrIN|
00004B70  73 57 7A 58 73 41 32 41 4C 3D 4E 6A 3D 5A 75 5F  |sWzXsA2AL=Nj=Zu_|
00004B80  59 29 5A 66 79 47 6C 77 57 42 73 68 6E 6F 55 60  |Y)ZfyGlwWBshnoU`|
00004B90  38 4D 3C 73 32 26 29 6D 69 2F 7A 26 79 4E 56 32  |8M<s2&)mi/z&yNV2|
00004BA0  4C 51 4C 3F 68 46 65 5A 6D 32 3F 31 41 30 63 68  |LQL?hFeZm2?1A0ch|
00004BB0  2A 24 28 38 72 70 2C 6F 78 69 25 3D 51 25 33 37  |*$(8rp,oxi%=Q%37|
00004BC0  70 42 6C 74 4F 47 41 77 41 3C 4C 30 2B 63 36 69  |pBltOGAwA<L0+c6i|
00004BD0  58 3A 2D 6E 67 6B 76 53 4C 37 6E 4D 46 4E 6E 36  |X:-ngkvSL7nMFNn6|
00004BE0  70 25 6B 5F 59 4F 56 68 2E 46 55 25 60 78 40 6B  |p%k_YOVh.FU%`x@k|
00004BF0  43 77 63 46 59 6D 2F 38 74 32 6D 6A 6A 45 35 5A  |CwcFYm/8t2mjjE5Z|
00004C00  48 21 73 3F 49 3C 25 56 73 74 2D 28 56 63 49 2C  |H!s?I<%Vst-(VcI,|
00004C10  6F 30 76 4E 71 6D 72 4B 3C 3F 2C 25 4B 4E 21 43  |o0vNqmrK<?,%KN!C|
00004C20  2C 2F 63 49 4F 72 78 6B 60 61 5A 4E 70 4F 7A 7A  |,/cIOrxk`aZNpOzz|
00004C30  30 24 5A 30 65 51 73 25 75 21 79 69 49 6D 74 40  |0$Z0eQs%u!yiImt@|
00004C40  58 76 38 31 4F 2C 60 32 41 37 71 57 75 3B 52 42  |Xv81O,`2A7qWu;RB|
00004C50  32 77 47 52 55 79 30 23 26 61 21 73 44 2C 38 41  |2wGRUy0#&a!sD,8A|
00004C60  51 58 6C 26 2F 2A 61 37 43 30 55 74 44 3A 2B 34  |QXl&/*a7C0UtD:+4|
00004C70  44 51 4C 46 79 41 65 3D 64 4A 4D 29 59 3A 46 32  |DQLFyAe=dJM)Y:F2|
00004C80  47 6C 21 69 2E 39 60 2A 59 46 66 41 34 23 39 33  |Gl!i.9`*YFfA4#93|
00004C90  52 71 6D 44 53 54 47 38 31 45 61 46 40 24 71 37  |RqmDSTG81EaF@$q7|
00004CA0  58 72 37 4C 3C 63 6C 37 41 3F 44 58 4C 66 28 73  |Xr7L<cl7A?DXLf(s|
00004CB0  59 4B 45 44 36 4B 75 70 3A 60 3F 37 51 71 64 3A  |YKED6Kup:`?7Qqd:|
00004CC0  34 34 4A 6C 5A 4D 2D 59 3E 63 38 4A 6E 75 35 48  |44JlZM-Y>c8Jnu5H|
00004CD0  6D 37 58 2A 42 72 30 3C 63 62 79 3A 60 72 67 45  |m7X*Br0<cby:`rgE|
00004CE0  26 3B 4C 69 6F 66 56 45 55 6C 23 31 5A 32 2F 74  |&;LiofVEUl#1Z2/t|
00004CF0  2C 71 2F 65 3B 67 57 34 76 46 4D 56 5A 3C 33 31  |,q/e;gW4vFMVZ<31|
00004D00  48 64 29 28 38 57 42 26 42 58 64 77 26 4C 45 30  |Hd)(8WB&BXdw&LE0|
00004D10  55 2C 6C 38 6B 37 3F 38 73 42 42 2A 3F 28 58 2E  |U,l8k7?8sBB*?(X.|
00004D20  6E 73 4E 40 2E 71 6D 7A 37 49 75 25 23 78 55 2A  |nsN@.qmz7Iu%#xU*|
00004D30  2A 68 40 4E 32 38 50 45 24 3A 21 46 44 58 67 38  |*h@N28PE$:!FDXg8|
00004D40  31 58 3E 6B 59 58 45 66 59 54 2E 50 26 47 76 61  |1X>kYXEfYT.P&Gva|
00004D50  6D 47 36 3E 6F 56 5F 21 6D 78 33 3E 3F 6A 37 65  |mG6>oV_!mx3>?j7e|
00004D60  4D 77 59 5E 67 4C 63 60 48 51 73 2B 4D 46 48 44  |MwY^gLc`HQs+MFHD|
00004D70  76 79 48 66 57 74 39 25 26 26 3F 67 62 43 2A 43  |vyHfWt9%&&?gbC*C|
00004D80  64 2F 38 52 6F 61 60 6F 41 59 3E 2C 31 77 35 6D  |d/8Roa`oAY>,1w5m|
00004D90  40 78 66 56 2A 72 78 57 6A 5F 4A 6B 6D 62 51 49  |@xfV*rxWj_JkmbQI|
00004DA0  44 3F 71 3C 34 38 72 30 74 44 5A 68 63 76 69 63  |D?q<48r0tDZhcvic|
00004DB0  4A 53 2C 55 46 43 6E 63 44 66 68 52 33 5F 2F 5A  |JS,UFCncDfhR3_/Z|
00004DC0  69 79 67 37 59 7A 69 40 55 45 34 36 5F 58 36 76  |iyg7Yzi@UE46_X6v|
00004DD0  32 3F 28 37 49 48 2D 24 29 36 58 2E 2F 4D 4F 68  |2?(7IH-$)6X./MOh|
00004DE0  63 53 55 3D 2C 55 33 6B 68 56 3F 44 31 6B 47 54  |cSU=,U3khV?D1kGT|
00004DF0  38 42 46 41 58 26 69 3C 30 3D 46 43 5F 2D 36 6C  |8BFAX&i<0=FC_-6l|
00004E00  63 39 21 5F 5A 35 5F 62 2C 30 73 70 2A 59 77 32  |c9!_Z5_b,0sp*Yw2|
00004E10  5A 2A 51 67 62 3E 3E 42 57 2D 6E 72 47 3F 5E 6E  |Z*Qgb>>BW-nrG?^n|
00004E20  41 31 50 3F 42 58 6C 5A 58 4E 77 5F 47 70 2F 43  |A1P?BXlZXNw_Gp/C|
00004E30  26 3F 3B 5A 35 30 58 71 28 6E 24 6C 68 2F 69 3B  |&?;Z50Xq(n$lh/i;|
00004E40  43 63 73 41 2E 34 2D 33 2E 54 39 35 2E 72 30 59  |CcsA.4-3.T95.r0Y|
00004E50  2A 3C 2E 47 70 5F 34 3C 2B 50 60 75 2B 61 34 54  |*<.Gp_4<+P`u+a4T|
00004E60  74 4C 78 31 4F 35 3D 68 54 6A 21 29 28 7A 55 62  |tLx1O5=hTj!)(zUb|
00004E70  51 63 3D 34 50 66 31 3C 3F 73 2A 71 68 3B 72 48  |Qc=4Pf1<?s*qh;rH|
00004E80  59 4E 4B 79 35 3A 48 47 5E 75 3C 53 24 28 23 49  |YNKy5:HG^u<S$(#I|
00004E90  34 35 77 2D 45 66 6E 44 29 32 28 26 61 60 64 6A  |45w-EfnD)2(&a`dj|
00004EA0  55 28 4B 29 7A 21 37 41 55 6F 60 68 39 26 2A 6D  |U(K)z!7AUo`h9&*m|
00004EB0  4D 45 6A 59 3A 49 51 50 38 64 39 33 53 60 36 33  |MEjY:IQP8d93S`63|
00004EC0  50 75 37 75 69 2D 78 6E 6E 3F 32 60 57 32 3B 56  |Pu7ui-xnn?2`W2;V|
00004ED0  37 24 2C 23 23 7A 72 2A 3F 48 5E 47 56 21 3C 45  |7$,##zr*?H^GV!<E|
00004EE0  4E 49 39 3B 60 3A 23 61 63 75 77 26 6A 72 4D 72  |NI9;`:#acuw&jrMr|
00004EF0  24 2B 64 37 62 3F 56 25 4F 38 41 76 3A 6D 35 2E  |$+d7b?V%O8Av:m5.|
00004F00  4C 4B 47 6A 6C 6D 4F 50 6F 37 55 66 45 38 4E 41  |LKGjlmOPo7UfE8NA|
00004F10  23 6D 2F 44 25 4A 32 75 37 6C 35 38 56 37 62 33  |#m/D%J2u7l58V7b3|
00004F20  31 68 75 29 23 40 57 33 60 2A 49 2F 55 30 31 21  |1hu)#@W3`*I/U01!|
00004F30  35 6F 6E 29 40 64 6C 21 3C 40 2F 2C 77 24 23 2C  |5on)@dl!<@/,w$#,|
00004F40  50 40 3F 2D 52 44 23 2B 4D 31 67 6D 55 5F 70 65  |P@?-RD#+M1gmU_pe|
00004F50  68 3E 36 2A 56 72 2F 47 31 64 49 42 28 33 4D 7A  |h>6*Vr/G1dIB(3Mz|
00004F60  33 5E 36 36 76 44 55 2E 2F 24 28 52 4C 4F 73 6B  |3^66vDU./$(RLOsk|
00004F70  46 78 50 57 4E 46 59 57 70 38 50 55 4E 4F 32 55  |FxPWNFYWp8PUNO2U|
00004F80  2C 6B 33 26 2F 7A 78 29 4C 6A 65 2E 51 4D 78 66  |,k3&/zx)Lje.QMxf|
00004F90  44 25 6B 2A 5E 52 7A 33 2B 42 3A 63 72 42 6E 2B  |D%k*^Rz3+B:crBn+|
00004FA0  41 52 4C 24 2A 49 4B 5F 3B 6A 4F 61 5E 50 38 67  |ARL$*IK_;jOa^P8g|
00004FB0  64 26 68 61 28 59 6C 65 52 6A 4E 6F 5F 66 75 26  |d&ha(YleRjNo_fu&|
00004FC0  35 62 42 44 33 46 42 62 47 76 53 64 64 55 2A 3D  |5bBD3FBbGvSddU*=|
00004FD0  60 6D 53 7A 6D 3C 5A 63 52 46 5A 3D 2E 31 79 38  |`mSzm<ZcRFZ=.1y8|
00004FE0  6A 68 66 48 31 6F 59 73 65 71 72 58 48 74 4D 24  |jhfH1oYseqrXHtM$|
00004FF0  70 47 72 3B 62 2F 39 65 26 72 3C 34 57 4A 3F 4F  |pGr;b/9e&r<4WJ?O|
00005000  6A 6B 6C 53 49 74 3C 3B 6D 56 4D 5F 23 50 5E 2F  |jklSIt<;mVM_#P^/|
00005010  3A 32 79 2B 67 36 50 2F 62 58 2E 52 39 38 5A 63  |:2y+g6P/bX.R98Zc|
00005020  66 31 78 56 69 6B 4F 3A 61 40 52 2C 21 52 37 62  |f1xVikO:a@R,!R7b|
00005030  72 56 41 32 39 2B 5A 5A 60 2D 67 74 49 60 66 74  |rVA29+ZZ`-gtI`ft|
00005040  4A 2F 69 76 77 63 38 57 64 5E 59 29 67 54 4C 74  |J/ivwc8Wd^Y)gTLt|
00005050  40 2C 71 70 74 42 39 73 47 34 69 43 34 43 4C 40  |@,qptB9sG4iC4CL@|
00005060  42 76 77 24 73 2F 75 2A 6F 6C 72 45 6A 70 56 25  |Bvw$s/u*olrEjpV%|
00005070  69 40 26 72 30 68 2A 2E 43 41 4B 6B 2D 77 5A 33  |i@&r0h*.CAKk-wZ3|
00005080  59 45 62 37 34 57 76 69 2E 44 7A 55 3C 75 44 64  |YEb74Wvi.DzU<uDd|
00005090  21 63 39 23 2E 73 4E 3B 4E 31 35 4B 4A 59 6A 4B  |!c9#.sN;N15KJYjK|
000050A0  65 2B 3C 58 53 66 48 37 3B 7A 52 6B 37 69 3D 2F  |e+<XSfH7;zRk7i=/|
000050B0  65 59 54 74 4F 52 33 3A 76 30 53 70 60 48 44 43  |eYTtOR3:v0Sp`HDC|
000050C0  31 72 3B 23 48 38 2A 6A 46 46 2C 30 76 3F 64 72  |1r;#H8*jFF,0v?dr|
000050D0  58 47 74 40 4F 33 64 43 47 56 55 4B 46 6E 3A 46  |XGt@O3dCGVUKFn:F|
000050E0  28 26 2E 66 58 4E 67 47 46 29 23 74 44 31 33 3B  |(&.fXNgGF)#tD13;|
000050F0  61 41 4C 71 2A 29 46 37 3D 26 76 3C 71 67 23 65  |aALq*)F7=&v<qg#e|
00005100  6B 23 5A 3D 38 30 75 56 55 69 42 33 54 40 41 56  |k#Z=80uVUiB3T@AV|
00005110  2A 52 6D 2B 39 2D 28 52 3C 4A 75 3F 61 3C 65 52  |*Rm+9-(R<Ju?a<eR|
00005120  49 2D 5F 23 63 3F 29 3F 3B 44 42 3A 6D 78 32 4A  |I-_#c?)?;DB:mx2J|
00005130  56 57 2D 57 6C 3F 75 2A 52 64 6F 34 4E 4D 2E 6C  |VW-Wl?u*Rdo4NM.l|
00005140  6E 7A 48 3F 5F 52 77 5A 2C 37 6C 59 45 41 3D 4D  |nzH?_RwZ,7lYEA=M|
00005150  73 77 59 78 26 32 50 26 4C 50 33 24 54 2A 26 35  |swYx&2P&LP3$T*&5|
00005160  2B 59 62 2C 3A 58 4E 40 56 47 41 42 58 31 6A 37  |+Yb,:XN@VGABX1j7|
00005170  57 77 63 78 33 6E 21 5F 45 26 3D 74 48 25 78 65  |Wwcx3n!_E&=tH%xe|
00005180  4C 4B 63 56 67 37 3A 42 6C 3F 4A 46 2E 59 73 5F  |LKcVg7:Bl?JF.Ys_|
00005190  73 3E 7A 54 39 46 68 47 52 72 39 5E 2A 56 79 67  |s>zT9FhGRr9^*Vyg|
000051A0  56 50 36 34 33 3A 34 63 2C 3C 4D 43 48 52 78 65  |VP643:4c,<MCHRxe|
000051B0  29 55 30 78 2E 3E 5F 65 3F 4F 73 66 53 54 44 3D  |)U0x.>_e?OsfSTD=|
000051C0  26 6B 6D 56 4B 64 4A 39 25 73 2B 6D 57 6C 58 3A  |&kmVKdJ9%s+mWlX:|
000051D0  59 53 44 49 60 57 36 79 49 2C 2B 6D 4E 6D 74 71  |YSDI`W6yI,+mNmtq|
000051E0  43 74 74 41 2C 76 54 6D 35 2F 21 66 64 2F 38 4B  |CttA,vTm5/!fd/8K|
000051F0  74 2A 4A 21 3E 4D 46 60 2B 42 4B 75 2B 31 6D 47  |t*J!>MF`+BKu+1mG|
00005200  35 4E 2C 30 70 4F 2B 5F 68 2B 26 32 50 57 78 70  |5N,0pO+_h+&2PWxp|
00005210  60 4F 31 65 31 49 79 77 40 4F 6E 3C 67 60 66 56  |`O1e1Iyw@On<g`fV|
00005220  2E 3D 74 71 21 71 59 66 21 56 31 5A 24 5E 2B 48  |.=tq!qYf!V1Z$^+H|
00005230  63 2D 56 51 41 41 69 68 60 40 4C 79 2C 69 52 3F  |c-VQAAih`@Ly,iR?|
00005240  69 53 52 79 4C 30 46 68 67 31 56 6E 5F 2C 23 6D  |iSRyL0Fhg1Vn_,#m|
00005250  28 6E 64 74 2A 7A 2C 62 36 67 6A 2F 30 28 70 23  |(ndt*z,b6gj/0(p#|
00005260  34 33 38 43 23 26 3D 2E 36 43 72 25 65 62 44 38  |438C#&=.6Cr%ebD8|
00005270  3C 4B 60 66 3B 52 42 6D 3C 45 6D 40 4F 72 2D 24  |<K`f;RBm<Em@Or-$|
00005280  47 51 23 33 2B 38 36 70 56 66 41 6A 50 2C 23 79  |GQ#3+86pVfAjP,#y|
00005290  51 33 6B 4D 79 2C 64 2C 3F 33 67 2F 56 50 6A 59  |Q3kMy,d,?3g/VPjY|
000052A0  64 2B 2A 33 48 3F 62 2A 6E 35 58 47 2F 77 3B 5E  |d+*3H?b*n5XG/w;^|
000052B0  61 49 3E 46 64 46 61 6F 46 79 45 60 2F 68 2B 44  |aI>FdFaoFyE`/h+D|
000052C0  4A 31 7A 4D 28 3F 42 6F 45 5F 57 44 47 42 38 23  |J1zM(?BoE_WDGB8#|
000052D0  2B 7A 23 6C 76 2F 51 6B 71 55 46 43 2B 28 49 66  |+z#lv/QkqUFC+(If|
000052E0  58 56 73 45 29 5A 61 3E 60 2A 43 74 2E 49 3A 2A  |XVsE)Za>`*Ct.I:*|
000052F0  3D 76 6A 2A 46 2F 39 70 28 2F 6F 60 67 67 65 2C  |=vj*F/9p(/o`gge,|
00005300  34 3F 21 69 48 36 2F 4A 49 50 46 6B 2E 4D 37 39  |4?!iH6/JIPFk.M79|
00005310  45 51 2C 36 72 47 78 41 68 67 78 71 77 33 28 38  |EQ,6rGxAhgxqw3(8|
00005320  50 4A 5E 63 49 73 38 4D 4F 6F 23 62 64 51 47 3B  |PJ^cIs8MOo#bdQG;|
00005330  71 54 54 49 5F 72 5A 40 4F 4B 71 70 75 63 21 68  |qTTI_rZ@OKqpuc!h|
00005340  26 4A 36 70 28 75 71 35 39 26 4F 68 3C 57 53 64  |&J6p(uq59&Oh<WSd|
00005350  3B 76 5A 5A 52 38 26 73 62 24 52 76 30 4D 53 48  |;vZZR8&sb$Rv0MSH|
00005360  32 6A 43 58 42 6F 5E 3F 2E 70 3C 24 29 60 29 34  |2jCXBo^?.p<$)`)4|
00005370  51 49 67 77 67 42 2A 38 2B 66 75 32 3E 72 72 28  |QIgwgB*8+fu2>rr(|
00005380  39 3F 68 3F 36 4C 5E 36 2C 66 65 4B 42 67 70 70  |9?h?6L^6,feKBgpp|
00005390  79 46 51 65 66 33 74 38 65 77 72 32 73 65 43 63  |yFQef3t8ewr2seCc|
000053A0  34 71 5E 45 7A 56 4F 56 6C 4F 3E 40 4C 62 2A 58  |4q^EzVOVlO>@Lb*X|
000053B0  2C 56 2D 6D 2A 65 24 25 49 2D 54 47 50 28 56 39  |,V-m*e$%I-TGP(V9|
000053C0  3A 42 3C 37 25 46 66 4F 2D 3B 4D 2F 42 6F 41 5E  |:B<7%FfO-;M/BoA^|
000053D0  6A 5E 33 4D 37 51 50 59 50 55 51 72 5F 40 77 59  |j^3M7QPYPUQr_@wY|
000053E0  60 55 79 2A 37 57 35 62 49 7A 65 4E 66 61 63 3C  |`Uy*7W5bIzeNfac<|
000053F0  3A 6F 72 52 79 61 4E 46 5F 59 4F 37 38 3B 77 3B  |:orRyaNF_YO78;w;|
00005400  33 3C 45 2F 37 4B 6A 64 7A 55 55 5A 30 66 24 5A  |3<E/7KjdzUUZ0f$Z|
00005410  3E 29 24 39 6E 38 56 38 39 4C 23 45 52 30 54 38  |>)$9n8V89L#ER0T8|
00005420  3A 43 67 3B 54 52 3C 6E 3B 39 60 4E 52 43 79 2E  |:Cg;TR<n;9`NRCy.|
00005430  44 54 43 40 38 21 75 4F 6F 4A 70 55 57 4B 6F 49  |DTC@8!uOoJpUWKoI|
00005440  64 34 64 30 39 75 5A 37 6E 2B 4B 3F 25 35 6F 36  |d4d09uZ7n+K?%5o6|
00005450  73 36 49 57 3E 4B 74 3C 2D 4A 26 57 58 50 79 47  |s6IW>Kt<-J&WXPyG|
00005460  33 6F 31 72 6B 60 36 33 31 4F 2B 59 36 4E 47 3A  |3o1rk`631O+Y6NG:|
00005470  42 25 63 6E 62 47 67 32 32 2B 37 34 6B 5A 46 66  |B%cnbGg22+74kZFf|
00005480  3D 79 3A 71 4F 31 5A 71 28 71 59 50 62 57 57 50  |=y:qO1Zq(qYPbWWP|
00005490  5A 79 4E 38 3E 76 75 28 4E 68 6F 68 35 2F 64 50  |ZyN8>vu(Nhoh5/dP|
000054A0  78 32 56 65 38 62 2F 48 65 2B 36 67 4F 39 3B 59  |x2Ve8b/He+6gO9;Y|
000054B0  3C 4B 5F 69 61 29 55 34 32 24 44 2B 2E 49 3D 58  |<K_ia)U42$D+.I=X|
000054C0  21 56 36 4D 40 62 78 58 3D 55 4C 29 21 50 2D 48  |!V6M@bxX=UL)!P-H|
000054D0  32 4C 4F 65 56 4B 4A 3D 2C 72 48 2B 65 6A 52 6B  |2LOeVKJ=,rH+ejRk|
000054E0  59 51 39 37 4D 52 69 3B 75 33 25 5F 79 6A 37 33  |YQ97MRi;u3%_yj73|
000054F0  76 5F 51 34 4F 5E 2D 25 45 4A 57 73 34 4E 46 30  |v_Q4O^-%EJWs4NF0|
00005500  38 50 3C 79 41 42 42 33 3A 30 57 6B 6B 70 3E 77  |8P<yABB3:0Wkkp>w|
00005510  60 28 43 46 53 77 6C 72 38 6B 79 66 49 47 3D 6E  |`(CFSwlr8kyfIG=n|
00005520  40 5A 2E 29 5E 41 38 39 78 44 3E 75 73 52 67 43  |@Z.)^A89xD>usRgC|
00005530  4C 26 61 74 66 26 49 2D 57 64 51 72 7A 47 77 76  |L&atf&I-WdQrzGwv|
00005540  4A 3B 24 43 33 54 5F 3D 66 57 4A 71 70 2E 40 3B  |J;$C3T_=fWJqp.@;|
00005550  57 32 5E 38 51 35 42 48 31 32 48 5A 31 67 3D 64  |W2^8Q5BH12HZ1g=d|
00005560  4A 48 6D 7A 70 25 24 2B 63 56 50 2F 6C 70 67 40  |JHmzp%$+cVP/lpg@|
00005570  47 2E 4E 7A 72 2C 35 66 28 6E 4E 42 61 3D 74 6C  |G.Nzr,5f(nNBa=tl|
00005580  41 49 4C 40 28 56 37 6A 52 5A 79 75 77 6E 65 6C  |AIL@(V7jRZyuwnel|
00005590  26 77 64 39 57 75 33 6F 23 53 6D 58 43 56 5F 48  |&wd9Wu3o#SmXCV_H|
000055A0  41 3A 55 5F 43 43 34 3D 2D 3C 2F 51 59 3E 28 3B  |A:U_CC4=-</QY>(;|
000055B0  33 72 64 66 41 23 67 28 5E 3F 4D 5F 54 2F 25 74  |3rdfA#g(^?M_T/%t|
000055C0  68 50 2A 77 6F 48 21 68 78 65 3E 78 21 42 4A 48  |hP*woH!hxe>x!BJH|
000055D0  26 68 38 64 3A 5E 4E 58 69 30 65 53 4E 2C 5A 47  |&h8d:^NXi0eSN,ZG|
000055E0  2B 42 29 6B 3C 45 61 37 24 4B 6A 61 69 2F 3B 67  |+B)k<Ea7$Kjai/;g|
000055F0  74 30 3A 54 4C 46 2B 2C 78 32 48 49 71 68 23 32  |t0:TLF+,x2HIqh#2|
00005600  49 2E 59 41 25 78 56 40 46 74 3C 38 68 23 71 28  |I.YA%xV@Ft<8h#q(|
00005610  21 42 2A 25 31 4A 56 5A 3F 34 4D 5A 29 4E 73 4E  |!B*%1JVZ?4MZ)NsN|
00005620  52 2C 60 4E 4A 4B 44 5A 5F 59 4D 2C 3A 2F 73 43  |R,`NJKDZ_YM,:/sC|
00005630  65 60 2F 52 44 48 4A 44 21 34 68 3B 4B 6B 69 40  |e`/RDHJD!4h;Kki@|
00005640  57 2F 58 49 56 46 54 54 38 71 51 3B 2E 43 72 2F  |W/XIVFTT8qQ;.Cr/|
00005650  34 58 71 4F 2E 3F 21 60 3C 47 6D 24 6D 77 3E 32  |4XqO.?!`<Gm$mw>2|
00005660  2D 60 3B 67 6B 3A 49 63 6B 66 45 67 66 2B 39 77  |-`;gk:IckfEgf+9w|
00005670  3F 3C 62 46 76 57 55 45 76 3F 44 3D 32 6B 75 25  |?<bFvWUEv?D=2ku%|
00005680  47 79 69 73 4C 52 24 5F 72 79 42 3C 5A 28 61 79  |GyisLR$_ryB<Z(ay|
00005690  3D 5F 3F 43 24 68 67 5A 3B 3C 3F 58 4D 78 53 64  |=_?C$hgZ;<?XMxSd|
000056A0  59 6E 44 64 4A 25 31 34 73 62 43 2A 6F 5E 35 58  |YnDdJ%14sbC*o^5X|
000056B0  37 21 5A 37 3A 58 45 5A 42 6D 34 45 59 2C 3A 2C  |7!Z7:XEZBm4EY,:,|
000056C0  38 2E 55 36 4B 4F 42 6C 53 47 36 53 51 53 24 38  |8.U6KOBlSG6SQS$8|
000056D0  65 4F 4D 55 49 4D 2C 41 26 48 32 2E 53 56 43 69  |eOMUIM,A&H2.SVCi|
000056E0  26 30 52 2B 48 65 34 33 48 29 40 35 42 54 38 73  |&0R+He43H)@5BT8s|
000056F0  67 3E 71 78 21 65 53 78 76 46 75 41 4D 3E 38 55  |g>qx!eSxvFuAM>8U|
00005700  62 57 33 41 4B 24 58 67 76 59 40 57 3D 4C 4B 71  |bW3AK$XgvY@W=LKq|
00005710  21 65 2E 6E 78 33 31 2F 53 24 30 60 41 4B 49 75  |!e.nx31/S$0`AKIu|
00005720  2B 66 4E 31 30 77 3D 62 7A 4F 55 75 31 36 68 66  |+fN10w=bzOUu16hf|
00005730  49 24 45 55 52 55 38 77 3C 25 31 2B 73 21 33 25  |I$EURU8w<%1+s!3%|
00005740  21 2A 50 41 50 6A 78 50 2B 33 6F 74 67 56 38 4D  |!*PAPjxP+3otgV8M|
00005750  75 4F 29 65 32 21 3B 34 59 77 34 74 38 75 5A 46  |uO)e2!;4Yw4t8uZF|
00005760  48 51 52 5F 5A 72 4C 21 38 38 54 3E 52 65 59 60  |HQR_ZrL!88T>ReY`|
00005770  58 38 30 34 6B 77 47 24 66 4C 3C 58 61 73 29 3F  |X804kwG$fL<Xas)?|
00005780  66 45 4D 25 3E 49 47 44 59 29 3A 67 67 39 71 33  |fEM%>IGDY):gg9q3|
00005790  73 4C 2C 5A 64 58 71 23 2E 78 2B 65 6D 6F 62 35  |sL,ZdXq#.x+emob5|
000057A0  67 50 67 65 77 32 53 62 49 6B 75 30 3D 46 44 3F  |gPgew2SbIku0=FD?|
000057B0  6B 75 31 57 6D 34 32 44 23 49 56 52 30 48 4D 74  |ku1Wm42D#IVR0HMt|
000057C0  6D 42 54 3A 68 3B 67 32 36 76 47 64 74 45 45 75  |mBT:h;g26vGdtEEu|
000057D0  2F 7A 45 64 71 23 70 71 45 6A 37 5F 69 76 59 67  |/zEdq#pqEj7_ivYg|
000057E0  2E 77 70 54 6C 26 75 69 2A 36 2E 5F 50 74 2B 6F  |.wpTl&ui*6._Pt+o|
000057F0  47 69 69 36 29 48 55 68 63 63 54 44 3A 53 62 5F  |Gii6)HUhccTD:Sb_|
00005800  74 70 54 31 4D 3A 57 57 6B 35 50 71 2F 6B 3D 42  |tpT1M:WWk5Pq/k=B|
00005810  2F 77 46 6A 5E 76 61 48 2A 32 26 51 34 3E 65 46  |/wFj^vaH*2&Q4>eF|
00005820  3F 34 68 6E 65 4D 5F 2B 6C 49 49 33 29 67 3F 38  |?4hneM_+lII3)g?8|
00005830  61 62 3C 21 4C 67 28 70 53 2D 6A 53 6A 6A 7A 30  |ab<!Lg(pS-jSjjz0|
00005840  3C 2C 4F 44 5E 2F 37 26 66 70 40 24 60 33 68 3F  |<,OD^/7&fp@$`3h?|
00005850  4F 4B 58 71 24 30 47 7A 64 61 6A 46 34 41 31 41  |OKXq$0GzdajF4A1A|
00005860  53 55 34 46 3E 33 2A 70 6A 69 70 3E 62 3C 40 25  |SU4F>3*pjip>b<@%|
00005870  66 43 52 3D 2C 72 4F 7A 7A 50 61 67 46 66 57 24  |fCR=,rOzzPagFfW$|
00005880  46 6A 74 4B 6C 3F 5F 2E 4B 44 40 31 2D 41 68 29  |FjtKl?_.KD@1-Ah)|
00005890  5A 73 62 26 4D 5F 36 50 26 4F 4F 5F 6C 49 6E 4F  |Zsb&M_6P&OO_lInO|
000058A0  36 6F 43 4F 3C 77 61 2B 39 71 6C 2A 63 4E 77 63  |6oCO<wa+9ql*cNwc|
000058B0  6D 2A 79 4E 3D 74 4C 3D 39 37 40 23 58 57 3D 4B  |m*yN=tL=97@#XW=K|
000058C0  36 48 44 6F 6C 39 63 40 39 6C 68 4F 3C 65 74 41  |6HDol9c@9lhO<etA|
000058D0  55 74 66 74 2E 6A 4B 5F 67 24 59 2F 3A 43 6F 74  |Utft.jK_g$Y/:Cot|
000058E0  2E 5F 63 44 51 31 6D 3A 4B 3C 26 75 39 26 4A 33  |._cDQ1m:K<&u9&J3|
000058F0  2A 33 3B 76 2C 73 3D 4E 56 76 29 79 26 48 77 74  |*3;v,s=NVv)y&Hwt|
00005900  40 6B 41 3E 32 59 60 6D 2C 26 3D 26 56 68 2E 29  |@kA>2Y`m,&=&Vh.)|
00005910  51 60 6D 30 75 40 49 45 57 4C 59 68 4A 28 61 3B  |Q`m0u@IEWLYhJ(a;|
00005920  48 31 72 4E 40 41 5A 5E 76 34 74 30 35 4F 4B 4A  |H1rN@AZ^v4t05OKJ|
00005930  30 7A 2E 65 76 76 3D 59 52 65 70 55 50 6C 55 43  |0z.evv=YRepUPlUC|
00005940  31 32 2A 3E 26 61 68 72 2E 56 42 49 50 4E 6D 42  |12*>&ahr.VBIPNmB|
00005950  31 50 54 50 63 26 57 57 53 4F 66 57 37 74 78 45  |1PTPc&WWSOfW7txE|
00005960  46 5A 4F 58 55 68 7A 75 47 44 50 6C 3F 7A 64 4F  |FZOXUhzuGDPl?zdO|
00005970  63 29 3A 53 4A 59 69 41 23 6E 76 30 54 61 64 53  |c):SJYiA#nv0TadS|
00005980  2C 3C 68 56 2C 69 4A 51 3E 3B 43 4F 53 40 2C 74  |,<hV,iJQ>;COS@,t|
00005990  43 2C 5A 41 75 3F 51 67 37 56 55 5F 39 75 28 67  |C,ZAu?Qg7VU_9u(g|
000059A0  5A 78 37 3E 23 30 2C 55 3C 51 63 50 66 4A 54 5F  |Zx7>#0,U<QcPfJT_|
000059B0  68 3A 2C 74 46 66 2C 2C 2F 2A 6C 52 29 5F 30 6C  |h:,tFf,,/*lR)_0l|
000059C0  4A 33 44 71 42 4D 43 5A 4F 46 51 34 2A 45 30 46  |J3DqBMCZOFQ4*E0F|
000059D0  76 2C 41 45 62 70 38 51 54 69 75 3B 45 70 5A 5E  |v,AEbp8QTiu;EpZ^|
000059E0  24 59 4C 40 31 36 24 51 30 74 60 4F 56 76 46 21  |$YL@16$Q0t`OVvF!|
000059F0  25 29 78 70 42 47 66 74 67 6A 56 59 4F 6E 3D 51  |%)xpBGftgjVYOn=Q|
00005A00  50 23 5E 2F 30 64 77 79 79 29 40 2A 28 40 25 3F  |P#^/0dwyy)@*(@%?|
00005A10  63 30 24 34 68 6D 74 4C 21 47 68 69 35 72 3B 60  |c0$4hmtL!Ghi5r;`|
00005A20  5E 69 5E 2F 60 34 2D 65 46 3D 63 64 74 60 3E 43  |^i^/`4-eF=cdt`>C|
00005A30  46 5F 70 6D 39 77 54 73 54 3F 61 38 4D 56 48 45  |F_pm9wTsT?a8MVHE|
00005A40  61 5A 4E 26 35 5A 6F 45 2C 2D 61 46 65 4D 6C 2D  |aZN&5ZoE,-aFeMl-|
00005A50  41 21 56 32 3F 51 5E 21 30 6F 70 78 74 33 21 5E  |A!V2?Q^!0opxt3!^|
00005A60  67 71 24 4E 35 51 3D 62 65 21 33 6A 5F 77 4D 24  |gq$N5Q=be!3j_wM$|
00005A70  4B 5E 5E 57 6A 51 77 39 2F 46 52 2F 31 65 56 4B  |K^^WjQw9/FR/1eVK|
00005A80  7A 76 2B 38 63 46 52 25 75 6A 45 3C 51 46 35 7A  |zv+8cFR%ujE<QF5z|
00005A90  71 77 5E 4B 2F 2A 6A 55 60 26 7A 36 70 78 49 51  |qw^K/*jU`&z6pxIQ|
00005AA0  35 3F 4F 72 3F 69 35 29 3B 43 63 24 34 3D 75 63  |5?Or?i5);Cc$4=uc|
00005AB0  48 42 3A 70 6E 78 47 21 35 6D 47 4E 43 23 56 6F  |HB:pnxG!5mGNC#Vo|
00005AC0  4B 67 50 63 52 6A 21 44 44 34 31 28 2F 4A 2F 6B  |KgPcRj!DD41(/J/k|
00005AD0  48 71 69 2B 33 35 63 4C 78 36 32 54 2F 62 4C 2B  |Hqi+35cLx62T/bL+|
00005AE0  73 26 36 3F 60 34 48 71 26 3A 44 26 79 47 4F 51  |s&6?`4Hq&:D&yGOQ|
00005AF0  79 51 50 63 56 6A 24 3F 6B 42 4A 2A 5A 66 3A 75  |yQPcVj$?kBJ*Zf:u|
00005B00  49 6F 54 29 6D 70 28 3A 47 3B 57 47 36 26 6C 6C  |IoT)mp(:G;WG6&ll|
00005B10  35 32 6C 6D 59 53 76 69 68 32 59 32 63 7A 52 21  |52lmYSvih2Y2czR!|
00005B20  4D 76 52 65 78 2E 70 31 5A 4E 56 72 6E 2B 71 71  |MvRex.p1ZNVrn+qq|
00005B30  28 67 42 73 34 43 50 60 45 70 2A 32 73 43 61 55  |(gBs4CP`Ep*2sCaU|
00005B40  6F 2D 65 6F 4A 3E 55 67 60 7A 2E 3E 32 47 73 21  |o-eoJ>Ug`z.>2Gs!|
00005B50  70 50 31 32 4D 4F 29 65 74 2A 4A 29 25 68 2A 67  |pP12MO)et*J)%h*g|
00005B60  6B 57 3C 4E 41 21 77 53 25 47 43 37 6D 43 59 54  |kW<NA!wS%GC7mCYT|
00005B70  4B 69 52 4B 3E 46 56 3F 55 30 65 32 2C 49 3D 60  |KiRK>FV?U0e2,I=`|
00005B80  50 23 76 48 57 23 33 72 4E 61 60 32 39 3F 4E 5F  |P#vHW#3rNa`29?N_|
00005B90  3E 4B 62 2E 53 29 66 30 47 55 6D 39 63 54 50 48  |>Kb.S)f0GUm9cTPH|
00005BA0  56 4F 46 3B 72 48 41 32 46 62 37 67 51 43 2A 2C  |VOF;rHA2Fb7gQC*,|
00005BB0  3F 39 56 46 3F 55 25 49 66 61 37 4C 60 34 65 5E  |?9VF?U%Ifa7L`4e^|
00005BC0  60 2B 74 3E 48 3E 70 3B 54 3F 2B 7A 26 2C 6C 73  |`+t>H>p;T?+z&,ls|
00005BD0  74 2C 5A 64 4B 51 74 4F 52 2F 49 49 4F 6D 6E 59  |t,ZdKQtOR/IIOmnY|
00005BE0  2B 76 3B 35 44 34 29 6E 2A 2D 35 6F 29 4D 4F 45  |+v;5D4)n*-5o)MOE|
00005BF0  4B 79 53 49 3A 75 35 2B 5F 48 24 45 38 30 56 2E  |KySI:u5+_H$E80V.|
00005C00  42 5F 68 39 41 47 63 2A 79 26 2E 31 42 62 42 2E  |B_h9AGc*y&.1BbB.|
00005C10  6C 78 36 76 24 50 76 70 61 72 42 41 42 77 33 33  |lx6v$PvparBABw33|
00005C20  75 6D 7A 64 6D 3C 75 4C 6D 78 46 5A 60 6A 50 48  |umzdm<uLmxFZ`jPH|
00005C30  71 41 75 2B 45 4D 35 64 33 29 58 65 60 64 60 76  |qAu+EM5d3)Xe`d`v|
00005C40  49 31 7A 75 76 31 5F 6B 49 32 4D 49 3E 45 42 39  |I1zuv1_kI2MI>EB9|
00005C50  39 2F 6F 40 5E 49 65 31 54 4F 64 57 5F 72 77 34  |9/o@^Ie1TOdW_rw4|
00005C60  58 42 4E 2A 6E 2A 6F 52 64 73 25 35 25 6C 29 75  |XBN*n*oRds%5%l)u|
00005C70  5E 6B 76 43 65 77 32 58 3C 43 61 29 30 33 34 6F  |^kvCew2X<Ca)034o|
00005C80  33 6E 53 51 7A 31 77 2A 3D 6F 50 41 75 56 48 48  |3nSQz1w*=oPAuVHH|
00005C90  79 39 46 77 50 33 5A 47 3F 79 49 3D 34 33 2E 37  |y9FwP3ZG?yI=43.7|
00005CA0  3A 61 2E 4A 52 41 78 3B 40 60 53 61 4F 69 4D 47  |:a.JRAx;@`SaOiMG|
00005CB0  26 6C 6D 42 55 4F 47 3C 25 21 51 57 24 2D 41 75  |&lmBUOG<%!QW$-Au|
00005CC0  51 57 6C 47 59 29 6B 3C 38 31 3F 3C 45 38 4E 64  |QWlGY)k<81?<E8Nd|
00005CD0  75 78 2E 30 49 2D 40 61 42 44 65 4F 21 57 2D 67  |ux.0I-@aBDeO!W-g|
00005CE0  41 54 7A 79 73 78 48 25 24 29 21 66 41 3E 65 37  |ATzysxH%$)!fA>e7|
00005CF0  7A 36 5A 77 34 2B 2C 47 79 4C 4A 32 6B 31 5E 50  |z6Zw4+,GyLJ2k1^P|
00005D00  44 46 6D 3B 3F 5A 65 2D 2D 34 67 26 6C 7A 38 50  |DFm;?Ze--4g&lz8P|
00005D10  6F 43 43 5A 3F 33 21 47 35 4B 77 30 73 70 5F 65  |oCCZ?3!G5Kw0sp_e|
00005D20  56 66 76 4D 42 66 4E 35 31 42 2E 41 23 62 42 4E  |VfvMBfN51B.A#bBN|
00005D30  39 5A 69 71 61 3F 78 40 37 4D 3D 6B 66 71 33 4C  |9Ziqa?x@7M=kfq3L|
00005D40  3F 64 3F 28 2E 4A 61 4A 52 2F 24 36 4D 6F 6B 40  |?d?(.JaJR/$6Mok@|
00005D50  69 30 3F 39 36 23 70 60 2A 57 75 48 39 25 77 6E  |i0?96#p`*WuH9%wn|
00005D60  2A 4E 79 48 3F 55 3D 51 50 42 4A 51 4F 77 5A 43  |*NyH?U=QPBJQOwZC|
00005D70  4F 33 52 4A 4D 4D 2A 77 4B 35 54 2F 5F 64 2B 54  |O3RJMM*wK5T/_d+T|
00005D80  5F 4A 46 58 2E 23 51 72 69 50 3A 69 55 79 43 6B  |_JFX.#QriP:iUyCk|
00005D90  72 64 4C 33 2C 5A 57 62 5F 76 60 2D 36 6A 5F 55  |rdL3,ZWb_v`-6j_U|
00005DA0  31 47 60 7A 44 51 72 35 69 2D 43 3D 70 45 23 57  |1G`zDQr5i-C=pE#W|
00005DB0  54 2F 70 38 73 60 60 50 31 51 40 38 45 3F 35 31  |T/p8s``P1Q@8E?51|
00005DC0  6F 4F 29 29 75 51 35 74 72 6F 2D 6E 4C 54 6C 6D  |oO))uQ5tro-nLTlm|
00005DD0  52 76 57 41 2C 36 21 28 31 37 48 26 3A 50 39 4D  |RvWA,6!(17H&:P9M|
00005DE0  66 77 59 47 49 58 2D 2F 39 6A 53 67 6F 24 6E 30  |fwYGIX-/9jSgo$n0|
00005DF0  59 2B 64 52 64 31 23 35 36 54 71 5F 62 38 44 6E  |Y+dRd1#56Tq_b8Dn|
00005E00  59 3F 5A 64 47 66 5F 25 29 32 64 71 69 79 77 36  |Y?ZdGf_%)2dqiyw6|
00005E10  4A 43 6D 62 45 67 47 43 71 50 67 39 46 55 58 32  |JCmbEgGCqPg9FUX2|
00005E20  54 43 4D 69 44 3D 5A 6D 53 6E 3C 39 72 69 67 3C  |TCMiD=ZmSn<9rig<|
00005E30  3F 30 74 45 53 6B 70 62 23 2C 63 37 60 3B 2F 2E  |?0tESkpb#,c7`;/.|
00005E40  53 3E 4C 2A 25 77 76 57 46 60 2A 30 62 61 21 6D  |S>L*%wvWF`*0ba!m|
00005E50  44 2E 23 34 6E 53 28 2B 5E 6E 43 57 38 3B 72 76  |D.#4nS(+^nCW8;rv|
00005E60  73 36 64 45 46 2F 56 38 3E 32 4D 77 4C 30 58 44  |s6dEF/V8>2MwL0XD|
00005E70  39 53 3C 5E 53 34 49 55 4F 64 45 6B 6E 3E 59 4C  |9S<^S4IUOdEkn>YL|
00005E80  61 3F 49 68 34 3B 3C 74 2D 56 21 66 74 52 3D 7A  |a?Ih4;<t-V!ftR=z|
00005E90  6B 35 40 6D 6A 32 26 3A 63 43 2A 43 60 6E 77 74  |k5@mj2&:cC*C`nwt|
00005EA0  68 30 41 6A 2F 40 45 43 68 3C 58 63 74 5A 72 73  |h0Aj/@ECh<XctZrs|
00005EB0  39 6E 2A 61 75 3A 5A 72 60 65 2B 68 41 70 3C 6D  |9n*au:Zr`e+hAp<m|
00005EC0  50 41 53 6F 6C 2C 62 74 54 3C 6D 6E 52 46 54 38  |PASol,btT<mnRFT8|
00005ED0  65 38 54 42 71 24 7A 57 78 52 2D 2E 21 48 2C 25  |e8TBq$zWxR-.!H,%|
00005EE0  2F 60 4E 6C 67 53 2E 3F 78 32 48 59 4B 6F 62 25  |/`NlgS.?x2HYKob%|
00005EF0  62 78 32 3C 4C 53 5F 68 3A 68 3F 38 2D 21 32 74  |bx2<LS_h:h?8-!2t|
00005F00  4D 39 72 71 3A 33 6B 4F 74 60 75 3C 67 76 26 46  |M9rq:3kOt`u<gv&F|
00005F10  3C 2D 60 75 6A 51 33 2F 2B 42 3D 65 40 6C 45 67  |<-`ujQ3/+B=e@lEg|
00005F20  72 57 33 54 24 24 26 2C 67 5F 26 55 60 63 34 74  |rW3T$$&,g_&U`c4t|
00005F30  3A 4C 21 40 5E 44 61 35 66 42 4A 26 4A 54 2C 6A  |:L!@^Da5fBJ&JT,j|
00005F40  30 4D 76 2D 76 69 73 37 4A 40 53 67 59 5E 47 39  |0Mv-vis7J@SgY^G9|
00005F50  6D 2E 34 24 35 2D 51 47 59 53 79 3C 6E 26 73 73  |m.4$5-QGYSy<n&ss|
00005F60  26 47 48 4C 39 73 40 35 2B 70 6B 2E 38 40 26 52  |&GHL9s@5+pk.8@&R|
00005F70  73 37 3E 58 4C 57 25 6B 2E 36 79 6A 39 3F 2D 32  |s7>XLW%k.6yj9?-2|
00005F80  76 53 51 30 4A 62 38 6F 3E 30 62 4A 4B 26 59 25  |vSQ0Jb8o>0bJK&Y%|
00005F90  66 2E 3B 4E 48 62 2B 40 2E 47 32 49 35 76 32 23  |f.;NHb+@.G2I5v2#|
00005FA0  29 50 55 3F 3B 42 2B 32 41 49 58 6E 51 61 59 3E  |)PU?;B+2AIXnQaY>|
00005FB0  74 6E 3F 26 31 41 56 59 6E 71 70 53 68 44 3E 2F  |tn?&1AVYnqpShD>/|
00005FC0  3C 41 6F 6A 60 4F 66 77 52 2A 37 50 29 41 78 45  |<Aoj`OfwR*7P)AxE|
00005FD0  4D 2A 29 57 52 7A 3B 56 6B 43 2C 2A 6C 4C 4C 6A  |M*)WRz;VkC,*lLLj|
00005FE0  28 54 6B 3E 3C 4A 58 2A 79 4B 3A 6E 6E 75 4F 29  |(Tk><JX*yK:nnuO)|
00005FF0  79 49 77 43 35 71 41 77 2D 3F 7A 3B 2E 68 32 4A  |yIwC5qAw-?z;.h2J|
00006000  4C 2F 52 63 47 68 2E 43 51 69 28 49 4E 38 2D 76  |L/RcGh.CQi(IN8-v|
00006010  6D 64 42 47 6C 36 40 3D 45 68 37 21 2D 77 37 3C  |mdBGl6@=Eh7!-w7<|
00006020  4A 3B 62 24 34 51 3C 42 47 30 43 52 5A 3D 5F 71  |J;b$4Q<BG0CRZ=_q|
00006030  4D 3A 32 43 69 60 54 67 3E 35 29 40 75 62 49 62  |M:2Ci`Tg>5)@ubIb|
00006040  52 21 78 3D 52 59 60 54 39 6F 3D 29 30 64 4D 61  |R!x=RY`T9o=)0dMa|
00006050  6D 66 57 75 56 43 6E 30 40 4B 50 79 4E 7A 5A 67  |mfWuVCn0@KPyNzZg|
00006060  32 6F 73 2E 57 6F 6E 32 40 3A 61 2D 51 2B 41 2A  |2os.Won2@:a-Q+A*|
00006070  57 5F 43 39 3E 26 2C 74 41 2C 6E 48 29 56 36 28  |W_C9>&,tA,nH)V6(|
00006080  32 38 28 70 4F 40 45 45 44 49 6C 2B 43 4F 3D 2C  |28(pO@EEDIl+CO=,|
00006090  64 3B 64 29 35 6F 4C 68 2B 59 2C 63 3B 75 76 28  |d;d)5oLh+Y,c;uv(|
000060A0  46 74 67 68 67 37 6F 37 43 32 77 44 30 49 63 55  |Ftghg7o7C2wD0IcU|
000060B0  64 75 39 3A 42 3D 79 3B 4D 2C 3A 72 43 60 54 21  |du9:B=y;M,:rC`T!|
000060C0  2C 55 37 21 73 35 4B 79 63 55 60 24 50 55 72 42  |,U7!s5KycU`$PUrB|
000060D0  77 55 4B 79 30 35 44 55 37 47 71 25 68 76 31 4A  |wUKy05DU7Gq%hv1J|
000060E0  2A 79 47 45 68 74 6B 31 33 39 3B 53 7A 2A 43 2F  |*yGEhtk139;Sz*C/|
000060F0  26 62 68 64 67 36 5F 44 6E 23 49 24 2D 57 6A 38  |&bhdg6_Dn#I$-Wj8|
00006100  4E 23 2D 60 3C 79 28 66 53 21 36 6E 49 47 61 72  |N#-`<y(fS!6nIGar|
00006110  21 52 6B 58 48 26 25 6A 33 48 30 77 70 49 40 60  |!RkXH&%j3H0wpI@`|
00006120  23 34 53 38 2E 6C 6F 4B 33 59 2B 54 50 78 58 26  |#4S8.loK3Y+TPxX&|
00006130  5A 4D 6F 3B 66 4E 36 74 55 71 34 65 40 71 38 78  |ZMo;fN6tUq4e@q8x|
00006140  43 45 69 44 28 69 6E 6E 6C 48 3D 3C 23 52 4D 2E  |CEiD(innlH=<#RM.|
00006150  48 57 3C 25 72 76 3F 52 28 68 6D 2A 35 2D 51 48  |HW<%rv?R(hm*5-QH|
00006160  6C 38 41 46 56 44 5F 4E 2A 23 4C 54 60 2E 78 21  |l8AFVD_N*#LT`.x!|
00006170  6B 4B 59 76 3D 6D 52 76 54 56 63 21 36 2E 2F 4F  |kKYv=mRvTVc!6./O|
00006180  41 4B 24 57 5A 3A 7A 2A 2A 30 6C 61 51 31 48 34  |AK$WZ:z**0laQ1H4|
00006190  59 57 6F 6D 54 36 4C 33 76 45 2E 35 60 70 34 4B  |YWomT6L3vE.5`p4K|
000061A0  60 56 4C 37 31 51 4B 4C 24 2D 45 3C 55 61 4F 23  |`VL71QKL$-E<UaO#|
000061B0  2D 4C 3F 77 6A 65 31 66 6C 67 31 59 38 26 74 48  |-L?wje1flg1Y8&tH|
000061C0  61 61 79 2C 58 57 4D 2C 7A 69 4E 3C 4B 58 67 7A  |aay,XWM,ziN<KXgz|
000061D0  64 75 5E 2B 58 68 3E 6B 60 67 4D 25 6B 77 63 51  |du^+Xh>k`gM%kwcQ|
000061E0  66 47 4D 6F 70 24 2C 41 56 64 78 67 5A 2A 49 2C  |fGMop$,AVdxgZ*I,|
000061F0  2E 4D 61 76 65 3E 57 79 72 6A 48 36 3E 57 73 6A  |.Mave>WyrjH6>Wsj|
00006200  4F 53 55 4B 42 77 3B 68 6B 36 31 68 4E 5A 4B 6D  |OSUKBw;hk61hNZKm|
00006210  79 45 30 51 6C 2F 6E 72 5A 24 2B 55 57 69 4C 6C  |yE0Ql/nrZ$+UWiLl|
00006220  4B 2A 2D 75 69 2B 33 52 6F 55 41 6E 6F 30 3E 71  |K*-ui+3RoUAno0>q|
00006230  77 72 2A 66 3E 3A 3D 64 76 65 40 75 44 44 31 55  |wr*f>:=dve@uDD1U|
00006240  68 5A 52 3D 75 3A 3C 4B 4A 59 37 77 2F 56 3B 66  |hZR=u:<KJY7w/V;f|
00006250  52 47 51 64 61 64 54 71 55 6D 40 7A 28 4E 71 2F  |RGQdadTqUm@z(Nq/|
00006260  2D 77 6E 53 6C 3D 6E 64 50 3D 45 37 69 57 51 6B  |-wnSl=ndP=E7iWQk|
00006270  78 34 60 29 57 77 59 39 42 60 62 65 7A 37 2C 51  |x4`)WwY9B`bez7,Q|
00006280  75 4D 2E 54 46 39 28 47 72 54 45 67 75 3C 3C 54  |uM.TF9(GrTEgu<<T|
00006290  63 73 4C 3E 4A 50 74 36 2C 59 2F 62 75 3C 39 26  |csL>JPt6,Y/bu<9&|
000062A0  55 21 3C 4B 79 5E 71 47 25 63 5A 71 7A 39 36 4D  |U!<Ky^qG%cZqz96M|
000062B0  5A 3A 72 42 6B 3E 71 6C 5E 5A 68 40 26 36 6D 34  |Z:rBk>ql^Zh@&6m4|
000062C0  4C 60 60 42 62 4F 3B 42 31 4A 42 52 3A 44 64 23  |L``BbO;B1JBR:Dd#|
000062D0  47 42 48 71 3A 46 4D 3D 37 30 4E 55 77 71 26 37  |GBHq:FM=70NUwq&7|
000062E0  3D 63 76 50 44 6D 6A 41 66 2E 43 56 58 24 65 79  |=cvPDmjAf.CVX$ey|
000062F0  7A 77 4E 31 25 59 2F 3B 35 4E 5E 68 71 6B 48 78  |zwN1%Y/;5N^hqkHx|
00006300  67 69 4E 64 2C 68 39 3E 75 53 61 61 43 5A 24 56  |giNd,h9>uSaaCZ$V|
00006310  62 5A 2A 33 28 70 2B 44 4C 3C 41 66 4C 4F 4C 55  |bZ*3(p+DL<AfLOLU|
00006320  3B 2C 61 74 56 53 7A 79 44 3D 40 75 59 48 2C 49  |;,atVSzyD=@uYH,I|
00006330  24 2E 48 3D 23 79 21 55 46 64 78 51 59 33 2D 71  |$.H=#y!UFdxQY3-q|
00006340  41 70 45 73 2C 73 6B 60 71 53 35 26 2F 6C 4D 67  |ApEs,sk`qS5&/lMg|
00006350  46 37 46 54 67 3B 2F 46 31 36 56 48 61 61 36 70  |F7FTg;/F16VHaa6p|
00006360  5E 78 2F 58 60 6E 31 7A 6C 7A 3D 60 51 36 65 30  |^x/X`n1zlz=`Q6e0|
00006370  2D 4D 77 43 3F 35 53 66 58 5A 61 3D 48 6B 37 4F  |-MwC?5SfXZa=Hk7O|
00006380  6D 52 74 6D 6C 60 3D 6D 41 24 4C 21 59 3F 3A 66  |mRtml`=mA$L!Y?:f|
00006390  37 34 54 61 74 4B 48 73 3D 6D 30 3C 68 41 78 79  |74TatKHs=m0<hAxy|
000063A0  59 61 76 21 3C 4E 5A 6B 5F 31 3E 4D 63 3B 3A 48  |Yav!<NZk_1>Mc;:H|
000063B0  69 34 60 32 71 3A 4A 60 3D 6F 43 63 2E 6E 32 40  |i4`2q:J`=oCc.n2@|
000063C0  46 4E 70 28 6D 36 2B 40 68 2F 62 56 23 73 76 3F  |FNp(m6+@h/bV#sv?|
000063D0  50 4F 23 69 58 4D 6C 6D 72 68 49 43 31 6F 6D 37  |PO#iXMlmrhIC1om7|
000063E0  75 70 5E 2E 42 48 2E 72 3F 23 79 26 38 32 7A 29  |up^.BH.r?#y&82z)|
000063F0  79 2C 58 37 6C 61 52 65 25 6F 3C 4F 57 34 68 4F  |y,X7laRe%o<OW4hO|
00006400  33 4F 33 3A 41 43 77 76 58 58 2F 61 60 6F 53 74  |3O3:ACwvXX/a`oSt|
00006410  48 44 43 5E 60 4F 42 43 42 2C 62 34 57 77 74 68  |HDC^`OBCB,b4Wwth|
00006420  65 55 3E 71 46 4D 26 75 42 28 61 7A 36 43 32 46  |eU>qFM&uB(az6C2F|
00006430  31 50 4D 2C 3E 3E 39 34 46 29 31 74 75 45 5E 46  |1PM,>>94F)1tuE^F|
00006440  63 36 4A 6A 3C 4A 55 44 2D 23 6F 78 54 70 4E 35  |c6Jj<JUD-#oxTpN5|
00006450  78 55 2D 65 4C 77 31 67 61 50 62 74 37 26 6F 47  |xU-eLw1gaPbt7&oG|
00006460  21 52 54 74 56 48 79 71 63 5A 64 3B 26 4A 24 24  |!RTtVHyqcZd;&J$$|
00006470  5F 57 33 55 4A 63 42 38 55 50 2E 21 3E 61 6A 3E  |_W3UJcB8UP.!>aj>|
00006480  46 2F 4E 3A 28 36 75 49 60 46 4A 60 6D 68 6D 46  |F/N:(6uI`FJ`mhmF|
00006490  55 76 26 76 50 46 4B 3E 2D 43 2F 65 70 45 3F 56  |Uv&vPFK>-C/epE?V|
000064A0  4B 2F 6A 4C 5A 24 44 3D 51 47 60 4C 78 42 48 32  |K/jLZ$D=QG`LxBH2|
000064B0  74 70 65 60 23 4B 5A 43 79 6F 73 2C 57 66 2C 71  |tpe`#KZCyos,Wf,q|
000064C0  23 39 6D 6E 53 4F 24 51 7A 42 76 65 48 6B 4F 38  |#9mnSO$QzBveHkO8|
000064D0  40 2F 39 66 60 79 2D 42 29 5E 6A 55 74 2F 65 39  |@/9f`y-B)^jUt/e9|
000064E0  66 4E 59 4B 39 3C 48 3D 68 3F 78 29 54 63 67 6B  |fNYK9<H=h?x)Tcgk|
000064F0  2F 34 31 24 36 63 39 75 25 5A 21 30 52 74 45 34  |/41$6c9u%Z!0RtE4|
00006500  75 6C 33 24 2D 65 54 55 38 45 63 2B 30 74 58 61  |ul3$-eTU8Ec+0tXa|
00006510  61 48 3F 78 58 51 6C 58 24 4B 40 3B 6D 2C 24 6F  |aH?xXQlX$K@;m,$o|
00006520  37 51 55 35 55 78 23 77 5E 5E 71 6F 2B 4C 33 54  |7QU5Ux#w^^qo+L3T|
00006530  48 66 43 28 5E 24 79 23 5F 3B 68 33 33 5E 52 65  |HfC(^$y#_;h33^Re|
00006540  38 52 4C 6B 68 6F 7A 45 21 49 6B 6B 37 42 3B 58  |8RLkhozE!Ikk7B;X|
00006550  4C 33 5F 51 77 2A 33 57 69 42 28 3B 32 56 47 4F  |L3_Qw*3WiB(;2VGO|
00006560  7A 45 39 72 60 71 4C 44 47 38 26 51 21 6B 60 39  |zE9r`qLDG8&Q!k`9|
00006570  39 42 3F 3A 74 23 44 38 29 58 3E 44 65 6B 5E 3C  |9B?:t#D8)X>Dek^<|
00006580  6A 54 4B 75 71 69 40 49 3D 62 65 2D 37 69 68 37  |jTKuqi@I=be-7ih7|
00006590  73 57 48 21 3C 3C 69 42 42 46 58 6F 4D 68 78 6B  |sWH!<<iBBFXoMhxk|
000065A0  2F 28 71 4A 79 73 25 5A 6F 45 26 61 69 6A 29 77  |/(qJys%ZoE&aij)w|
000065B0  41 4F 3C 2B 59 4A 57 72 42 76 6B 2B 70 44 77 3B  |AO<+YJWrBvk+pDw;|
000065C0  39 75 46 30 25 53 50 45 42 34 5A 24 78 61 4B 5F  |9uF0%SPEB4Z$xaK_|
000065D0  78 44 5A 50 39 44 46 26 29 73 54 50 65 4C 4F 68  |xDZP9DF&)sTPeLOh|
000065E0  5F 75 4D 2C 67 61 39 26 53 2A 4A 49 6D 67 4B 33  |_uM,ga9&S*JImgK3|
000065F0  60 79 48 61 4C 3F 44 57 70 78 59 29 48 56 58 78  |`yHaL?DWpxY)HVXx|
00006600  76 67 48 35 3D 6A 3E 6B 5E 44 35 78 66 4B 36 63  |vgH5=j>k^D5xfK6c|
00006610  3A 7A 7A 53 29 40 4C 6F 36 58 46 4B 2A 52 61 69  |:zzS)@Lo6XFK*Rai|
00006620  73 69 65 30 2A 3C 45 56 39 3C 26 6C 6B 3C 52 31  |sie0*<EV9<&lk<R1|
00006630  6D 59 71 31 48 33 2C 55 3A 61 35 60 3B 2E 40 70  |mYq1H3,U:a5`;.@p|
00006640  26 5A 52 46 4C 77 57 2C 50 4C 43 4D 64 72 57 33  |&ZRFLwW,PLCMdrW3|
00006650  45 3D 6B 52 65 62 7A 35 26 79 2D 6D 64 51 59 2E  |E=kRebz5&y-mdQY.|
00006660  4F 76 4F 69 5A 60 39 4D 61 41 3C 50 32 4B 3A 4E  |OvOiZ`9MaA<P2K:N|
00006670  4C 72 38 63 48 3D 48 58 3A 6F 4A 59 52 51 41 52  |Lr8cH=HX:oJYRQAR|
00006680  36 57 71 6F 39 24 32 2D 29 58 26 26 25 31 5A 64  |6Wqo9$2-)X&&%1Zd|
00006690  30 64 34 4B 30 3D 7A 6C 21 72 61 40 23 62 73 51  |0d4K0=zl!ra@#bsQ|
000066A0  58 76 49 58 25 5A 7A 28 3A 59 23 24 47 47 72 57  |XvIX%Zz(:Y#$GGrW|
000066B0  64 6E 74 3B 55 51 4B 46 30 4F 54 26 69 50 56 4B  |dnt;UQKF0OT&iPVK|
000066C0  3C 33 66 64 21 30 4B 51 37 21 41 6E 5E 59 6F 3A  |<3fd!0KQ7!An^Yo:|
000066D0  51 31 57 3D 50 78 32 51 73 29 68 66 4A 6A 49 6F  |Q1W=Px2Qs)hfJjIo|
000066E0  37 6A 47 31 4B 3D 35 6E 67 3C 76 3C 45 62 2A 62  |7jG1K=5ng<v<Eb*b|
000066F0  38 40 65 2E 3B 2D 25 54 48 76 6D 6A 4A 3D 3B 42  |8@e.;-%THvmjJ=;B|
00006700  72 70 2E 40 72 35 74 37 69 34 2D 24 3B 36 50 3F  |rp.@r5t7i4-$;6P?|
00006710  6D 30 76 49 33 5E 2F 34 62 29 63 4B 29 51 2A 4C  |m0vI3^/4b)cK)Q*L|
00006720  6F 40 45 66 46 68 30 45 25 2E 59 29 74 3A 48 3B  |o@EfFh0E%.Y)t:H;|
00006730  63 36 49 6E 2A 2B 67 36 3E 77 2A 38 3D 7A 47 2B  |c6In*+g6>w*8=zG+|
00006740  50 50 41 6C 68 23 53 34 3A 6B 70 2C 64 3E 38 73  |PPAlh#S4:kp,d>8s|
00006750  54 75 21 71 45 25 29 24 70 29 62 21 5A 3D 2C 42  |Tu!qE%)$p)b!Z=,B|
00006760  41 40 37 6B 43 66 3C 2A 4A 79 2E 26 4B 4C 2A 2A  |A@7kCf<*Jy.&KL**|
00006770  55 6E 6B 73 54 59 37 63 3E 5E 61 62 75 25 2E 62  |UnksTY7c>^abu%.b|
00006780  35 28 59 2E 76 2D 3F 3C 64 2A 37 62 54 7A 3E 78  |5(Y.v-?<d*7bTz>x|
00006790  54 76 40 30 39 5E 41 78 68 32 3B 33 30 54 6E 51  |Tv@09^Axh2;30TnQ|
000067A0  68 36 21 6D 60 3E 3E 6D 6B 5F 74 5F 74 77 55 40  |h6!m`>>mk_t_twU@|
000067B0  55 3B 2E 60 76 59 59 49 2A 6D 2D 69 2C 21 52 6F  |U;.`vYYI*m-i,!Ro|
000067C0  4D 69 28 47 64 45 63 37 66 48 41 42 37 40 6E 2B  |Mi(GdEc7fHAB7@n+|
000067D0  3D 59 73 41 54 70 45 41 75 7A 35 69 42 56 28 52  |=YsATpEAuz5iBV(R|
000067E0  6B 6E 66 61 4E 3C 48 38 3C 50 71 59 2F 42 23 74  |knfaN<H8<PqY/B#t|
000067F0  59 58 4F 21 54 5A 51 6A 37 24 73 52 64 2A 33 47  |YXO!TZQj7$sRd*3G|
00006800  4C 53 79 30 77 43 73 43 71 6B 30 43 66 2C 5F 4F  |LSy0wCsCqk0Cf,_O|
00006810  69 3D 54 4B 7A 41 5F 25 37 3F 53 45 3B 45 3F 3B  |i=TKzA_%7?SE;E?;|
00006820  47 4C 66 40 71 57 74 54 51 6C 77 3E 28 62 41 69  |GLf@qWtTQlw>(bAi|
00006830  68 3B 4F 56 36 41 28 57 58 46 25 2D 56 4D 71 45  |h;OV6A(WXF%-VMqE|
00006840  46 4C 30 7A 70 4C 40 37 34 62 6E 52 5A 43 68 21  |FL0zpL@74bnRZCh!|
00006850  68 29 6E 40 52 44 74 33 77 72 52 4E 2B 4B 4D 59  |h)n@RDt3wrRN+KMY|
00006860  6D 42 6E 6D 79 41 52 47 54 47 49 5E 66 53 29 41  |mBnmyARGTGI^fS)A|
00006870  4C 63 67 3B 24 29 59 76 70 2A 78 2D 61 74 55 40  |Lcg;$)Yvp*x-atU@|
00006880  79 50 4A 5A 70 24 63 60 37 6A 47 36 67 70 75 2F  |yPJZp$c`7jG6gpu/|
00006890  64 3D 3A 71 59 7A 6E 43 46 41 78 2D 62 41 49 6D  |d=:qYznCFAx-bAIm|
000068A0  56 45 2E 78 35 67 49 60 64 69 63 51 53 37 4B 2E  |VE.x5gI`dicQS7K.|
000068B0  2B 49 52 2C 31 53 5A 35 40 31 46 48 70 72 65 6C  |+IR,1SZ5@1FHprel|
000068C0  67 69 70 7A 39 3F 4D 74 36 4D 67 3A 4B 2F 46 54  |gipz9?Mt6Mg:K/FT|
000068D0  28 75 29 35 68 2F 63 4C 6D 35 43 63 6D 3A 51 3B  |(u)5h/cLm5Ccm:Q;|
000068E0  77 3F 45 45 37 29 2A 5A 61 23 60 77 2E 4D 77 35  |w?EE7)*Za#`w.Mw5|
000068F0  25 34 73 55 4E 42 47 2A 57 42 74 30 49 45 45 34  |%4sUNBG*WBt0IEE4|
00006900  65 74 73 5F 3F 56 4C 32 74 33 26 35 45 3B 33 75  |ets_?VL2t3&5E;3u|
00006910  75 24 3C 6D 44 6B 58 65 70 7A 4F 73 58 42 6F 6B  |u$<mDkXepzOsXBok|
00006920  71 56 4E 34 21 26 44 3C 58 70 4D 36 6B 4C 7A 48  |qVN4!&D<XpM6kLzH|
00006930  5F 69 2B 62 29 61 36 57 62 3C 24 2A 36 68 45 79  |_i+b)a6Wb<$*6hEy|
00006940  42 33 40 6C 24 73 4F 29 41 6F 5E 38 46 2B 37 7A  |B3@l$sO)Ao^8F+7z|
00006950  28 39 47 71 67 30 2E 4F 3E 69 55 30 6E 23 48 3D  |(9Gqg0.O>iU0n#H=|
00006960  53 36 4A 40 25 51 6E 2E 45 2F 2C 57 4F 59 34 79  |S6J@%Qn.E/,WOY4y|
00006970  2F 55 62 2B 36 30 2B 28 3A 5E 72 60 46 28 2A 39  |/Ub+60+(:^r`F(*9|
00006980  59 60 37 67 5E 54 65 2E 5E 79 73 26 40 5E 5F 56  |Y`7g^Te.^ys&@^_V|
00006990  41 60 2E 6C 2C 77 78 32 39 4E 35 3B 4F 79 7A 41  |A`.l,wx29N5;OyzA|
000069A0  6F 68 24 3B 59 3D 2E 47 51 71 21 4D 65 5A 71 6F  |oh$;Y=.GQq!MeZqo|
000069B0  3A 76 26 33 52 4A 60 45 3D 79 6F 3C 55 32 3C 3F  |:v&3RJ`E=yo<U2<?|
000069C0  67 50 24 59 30 59 71 4A 6A 5E 55 52 24 6D 4C 4D  |gP$Y0YqJj^UR$mLM|
000069D0  42 7A 36 56 73 46 2F 44 43 5F 31 79 3F 33 36 2F  |Bz6VsF/DC_1y?36/|
000069E0  41 61 57 35 76 25 40 64 64 42 78 75 64 29 21 50  |AaW5v%@ddBxud)!P|
000069F0  38 5A 49 6B 49 5F 61 39 3F 45 35 25 51 4D 45 5A  |8ZIkI_a9?E5%QMEZ|
00006A00  6F 68 39 2E 77 38 33 40 76 6F 61 79 5F 6B 3A 40  |oh9.w83@voay_k:@|
00006A10  38 47 34 71 61 73 55 33 4E 79 43 29 36 4A 6B 2B  |8G4qasU3NyC)6Jk+|
00006A20  71 7A 24 72 61 3B 28 79 72 6E 73 3C 31 32 35 56  |qz$ra;(yrns<125V|
00006A30  2A 4D 4E 45 38 21 23 6A 54 3F 28 36 2F 68 57 67  |*MNE8!#jT?(6/hWg|
00006A40  64 38 60 4A 49 4D 3B 4A 61 3A 68 45 30 54 70 4A  |d8`JIM;Ja:hE0TpJ|
00006A50  5E 64 5E 2F 56 24 2A 3F 35 33 58 39 33 21 25 7A  |^d^/V$*?53X93!%z|
00006A60  70 29 2F 6E 51 39 78 3C 70 32 4F 79 3C 33 30 43  |p)/nQ9x<p2Oy<30C|
00006A70  6B 62 5A 36 2F 28 63 57 3B 4D 7A 6C 21 56 68 64  |kbZ6/(cW;Mzl!Vhd|
00006A80  6C 4B 52 57 6F 37 5F 5A 47 59 2B 33 47 64 6D 4D  |lKRWo7_ZGY+3GdmM|
00006A90  47 35 5F 36 26 75 6B 61 2B 32 58 38 5E 5E 31 7A  |G5_6&uka+2X8^^1z|
00006AA0  2C 69 4E 2D 4E 68 58 23 24 4B 79 70 5E 52 70 55  |,iN-NhX#$Kyp^RpU|
00006AB0  55 32 70 2E 37 76 3B 47 6A 64 57 64 35 38 6B 5A  |U2p.7v;GjdWd58kZ|
00006AC0  71 2B 5E 6D 30 63 24 42 54 49 7A 53 69 4A 56 56  |q+^m0c$BTIzSiJVV|
00006AD0  64 79 63 76 2B 55 24 5A 57 3F 61 25 25 3C 33 3A  |dycv+U$ZW?a%%<3:|
00006AE0  21 70 46 33 37 53 53 36 64 29 30 2F 57 4E 61 3E  |!pF37SS6d)0/WNa>|
00006AF0  31 2D 7A 7A 47 30 7A 24 59 71 42 30 79 3E 23 2F  |1-zzG0z$YqB0y>#/|
00006B00  75 24 6C 37 23 3F 6C 42 2E 70 32 56 4D 34 4D 3E  |u$l7#?lB.p2VM4M>|
00006B10  3D 5A 3D 77 6C 5A 77 2A 53 2B 24 52 68 50 36 50  |=Z=wlZw*S+$RhP6P|
00006B20  50 55 5E 46 35 60 74 2D 2A 26 35 46 4E 3C 3B 79  |PU^F5`t-*&5FN<;y|
00006B30  2F 47 70 4D 78 31 60 30 39 2E 43 59 28 24 3C 48  |/GpMx1`09.CY($<H|
00006B40  42 67 48 3E 61 3E 2E 45 68 23 35 38 3D 56 24 30  |BgH>a>.Eh#58=V$0|
00006B50  4D 40 3A 39 6B 49 66 58 24 68 5E 5E 31 6D 72 46  |M@:9kIfX$h^^1mrF|
00006B60  62 26 54 6D 4C 6A 75 6C 4C 3D 36 4F 6C 33 46 2D  |b&TmLjulL=6Ol3F-|
00006B70  7A 24 48 46 6A 39 2C 30 6D 40 26 4A 4B 55 42 39  |z$HFj9,0m@&JKUB9|
00006B80  31 4A 4E 6E 42 24 56 7A 41 39 25 70 4F 40 79 6E  |1JNnB$VzA9%pO@yn|
00006B90  59 32 51 5A 68 73 6B 49 5E 52 31 63 24 7A 2E 4E  |Y2QZhskI^R1c$z.N|
00006BA0  76 6E 2E 71 5E 6B 38 6D 6B 31 6D 71 71 24 4D 43  |vn.q^k8mk1mqq$MC|
00006BB0  64 64 44 6E 74 40 2A 6B 4D 41 70 4F 2A 41 2D 77  |ddDnt@*kMApO*A-w|
00006BC0  2B 33 21 32 67 79 3B 2E 35 62 24 51 28 39 6A 76  |+3!2gy;.5b$Q(9jv|
00006BD0  66 55 63 3F 41 47 5A 60 6F 5E 40 2B 4F 2A 2E 3F  |fUc?AGZ`o^@+O*.?|
00006BE0  2F 70 57 2E 3C 4A 56 5F 33 64 67 3D 48 3F 36 23  |/pW.<JV_3dg=H?6#|
00006BF0  4B 41 3B 62 79 54 3E 24 48 7A 6C 43 44 4F 26 35  |KA;byT>$HzlCDO&5|
00006C00  58 2C 29 7A 58 2D 6F 75 4F 2C 6A 64 39 33 4F 2D  |X,)zX-ouO,jd93O-|
00006C10  78 58 69 58 38 6A 40 3A 65 6A 30 70 69 28 6C 45  |xXiX8j@:ej0pi(lE|
00006C20  4B 74 40 4D 6C 23 2D 28 56 73 6F 72 74 4D 69 49  |Kt@Ml#-(VsortMiI|
00006C30  57 47 42 39 5A 3E 33 73 2A 44 35 25 2A 3D 6B 30  |WGB9Z>3s*D5%*=k0|
00006C40  3C 31 69 23 3E 40 67 60 6D 46 33 62 40 25 38 46  |<1i#>@g`mF3b@%8F|
00006C50  47 4B 71 2B 4C 58 45 3B 4B 36 44 3B 77 79 21 28  |GKq+LXE;K6D;wy!(|
00006C60  47 26 46 29 39 6A 79 4F 73 79 3B 34 48 30 50 24  |G&F)9jyOsy;4H0P$|
00006C70  70 59 6A 2D 49 61 23 2C 34 76 4F 73 41 4A 2B 52  |pYj-Ia#,4vOsAJ+R|
00006C80  2B 35 69 61 42 2A 52 28 71 6A 76 5A 78 56 29 50  |+5iaB*R(qjvZxV)P|
00006C90  6A 47 44 33 66 3E 62 69 3B 30 21 2C 31 2A 59 4A  |jGD3f>bi;0!,1*YJ|
00006CA0  5E 66 78 77 6A 41 25 39 4B 51 2C 77 4B 2A 38 3B  |^fxwjA%9KQ,wK*8;|
00006CB0  2C 30 69 58 25 37 3E 79 4A 74 3D 6D 61 6B 2C 50  |,0iX%7>yJt=mak,P|
00006CC0  75 47 5E 35 29 44 33 31 56 72 40 5A 53 62 45 79  |uG^5)D31Vr@ZSbEy|
00006CD0  54 6D 4D 30 53 6F 4D 68 6A 4E 70 68 60 76 58 2F  |TmM0SoMhjNph`vX/|
00006CE0  4D 35 43 4E 63 39 78 35 6A 45 29 3D 62 31 44 6C  |M5CNc9x5jE)=b1Dl|
00006CF0  3B 23 43 64 6F 3F 64 74 62 5A 6B 56 79 71 6F 3A  |;#Cdo?dtbZkVyqo:|
00006D00  57 78 2E 6C 4A 53 39 2C 59 3F 47 47 6F 26 71 66  |Wx.lJS9,Y?GGo&qf|
00006D10  30 77 60 39 4C 63 35 59 23 72 3F 39 69 77 78 43  |0w`9Lc5Y#r?9iwxC|
00006D20  65 67 49 50 54 6F 5F 4A 39 51 34 49 57 52 70 38  |egIPTo_J9Q4IWRp8|
00006D30  2A 26 5E 65 43 64 74 28 3B 2F 4C 4B 3F 54 24 25  |*&^eCdt(;/LK?T$%|
00006D40  6D 4F 2D 4B 76 76 36 4A 73 73 59 30 48 49 36 42  |mO-Kvv6JssY0HI6B|
00006D50  65 2D 4B 57 69 39 7A 24 4E 65 23 78 61 33 39 49  |e-KWi9z$Ne#xa39I|
00006D60  41 42 2F 2A 35 52 3C 3D 52 6E 4A 46 77 39 4E 23  |AB/*5R<=RnJFw9N#|
00006D70  4A 2D 2C 5A 4E 35 6F 51 58 76 3A 31 50 3B 2E 32  |J-,ZN5oQXv:1P;.2|
00006D80  4C 35 4D 6D 60 6D 78 40 26 36 4F 6E 66 50 42 24  |L5Mm`mx@&6OnfPB$|
00006D90  23 6B 54 70 6C 7A 60 65 36 4C 3F 6D 77 3C 31 51  |#kTplz`e6L?mw<1Q|
00006DA0  2A 24 25 4E 76 2A 55 72 3F 2B 70 21 61 73 6C 6F  |*$%Nv*Ur?+p!aslo|
00006DB0  71 35 26 4D 69 3C 2A 6D 48 60 2A 6A 51 31 6E 70  |q5&Mi<*mH`*jQ1np|
00006DC0  45 48 25 45 49 31 49 56 4C 44 34 6B 4F 40 75 70  |EH%EI1IVLD4kO@up|
00006DD0  64 71 2A 70 6A 64 76 73 21 5A 6D 54 46 62 55 64  |dq*pjdvs!ZmTFbUd|
00006DE0  4F 52 76 68 40 4B 2C 74 7A 35 2F 7A 46 2A 2E 49  |ORvh@K,tz5/zF*.I|
00006DF0  43 2D 2C 53 79 30 4A 67 76 57 66 21 68 4C 3C 3B  |C-,Sy0JgvWf!hL<;|
00006E00  54 70 48 34 2B 45 33 4C 2E 4E 68 4B 6C 40 4D 3F  |TpH4+E3L.NhKl@M?|
00006E10  55 64 39 46 24 4F 37 39 31 3A 36 74 2A 67 23 26  |Ud9F$O791:6t*g#&|
00006E20  57 76 52 6E 4E 4D 2C 78 4F 69 52 6C 2A 4D 42 79  |WvRnNM,xOiRl*MBy|
00006E30  4C 52 2B 66 61 64 23 4A 4D 4C 71 50 46 75 4D 6E  |LR+fad#JMLqPFuMn|
00006E40  4D 69 6E 6C 4E 39 56 54 35 41 37 3E 49 23 5A 29  |MinlN9VT5A7>I#Z)|
00006E50  75 6B 79 24 72 74 79 35 3A 6C 71 4E 56 31 60 47  |uky$rty5:lqNV1`G|
00006E60  4E 3B 6D 37 67 4C 5A 63 3B 7A 26 64 44 4A 52 42  |N;m7gLZc;z&dDJRB|
00006E70  3F 5A 56 43 4E 5A 48 2B 74 78 26 53 60 3F 31 68  |?ZVCNZH+tx&S`?1h|
00006E80  42 21 61 47 3B 78 24 59 68 42 4A 2F 46 61 2B 3E  |B!aG;x$YhBJ/Fa+>|
00006E90  34 39 68 46 41 23 54 28 37 50 35 53 21 4D 73 67  |49hFA#T(7P5S!Msg|
00006EA0  3F 7A 63 40 2E 51 28 34 4E 3B 26 70 51 38 3F 51  |?zc@.Q(4N;&pQ8?Q|
00006EB0  5F 7A 34 4A 63 6F 43 31 69 55 62 75 75 49 38 6D  |_z4JcoC1iUbuuI8m|
00006EC0  3C 2A 5E 59 52 57 3A 2C 53 4F 21 2E 7A 2C 63 70  |<*^YRW:,SO!.z,cp|
00006ED0  3F 65 41 2F 7A 65 75 43 4E 54 4F 4F 62 29 54 54  |?eA/zeuCNTOOb)TT|
00006EE0  66 74 69 2A 2C 71 4A 38 69 79 48 39 4C 4D 30 3D  |fti*,qJ8iyH9LM0=|
00006EF0  52 23 33 5F 79 47 3E 4B 34 49 59 49 3B 69 79 61  |R#3_yG>K4IYI;iya|
00006F00  2F 47 64 36 36 33 53 5A 37 64 2F 78 58 45 3E 42  |/Gd663SZ7d/xXE>B|
00006F10  63 50 54 5E 44 59 3F 37 3B 64 55 73 58 75 4D 23  |cPT^DY?7;dUsXuM#|
00006F20  25 79 51 3B 36 64 78 59 2C 65 49 74 76 4B 73 6A  |%yQ;6dxY,eItvKsj|
00006F30  7A 32 68 36 28 78 5F 47 2E 62 38 26 4C 2A 76 55  |z2h6(x_G.b8&L*vU|
00006F40  69 56 3A 2B 71 23 6D 72 4A 2D 4A 55 3C 66 29 4E  |iV:+q#mrJ-JU<f)N|
00006F50  65 3A 74 58 5E 39 47 2F 2E 4D 58 2F 6D 79 58 76  |e:tX^9G/.MX/myXv|
00006F60  60 28 25 41 61 30 51 7A 4F 30 6A 33 48 50 48 73  |`(%Aa0QzO0j3HPHs|
00006F70  60 4C 73 70 71 6D 52 44 21 3A 26 37 6A 3E 25 42  |`LspqmRD!:&7j>%B|
00006F80  6B 58 47 78 6B 72 34 65 68 2D 51 30 74 44 57 51  |kXGxkr4eh-Q0tDWQ|
00006F90  34 6A 6B 6F 3E 61 63 71 3B 32 2B 74 68 21 50 5F  |4jko>acq;2+th!P_|
00006FA0  52 69 21 6E 42 46 3A 3D 57 3C 63 62 73 3E 68 76  |Ri!nBF:=W<cbs>hv|
00006FB0  33 50 55 4A 72 41 3D 3A 29 29 33 49 75 45 59 76  |3PUJrA=:))3IuEYv|
00006FC0  53 76 69 39 42 42 36 47 3C 52 46 4A 2B 39 66 4A  |Svi9BB6G<RFJ+9fJ|
00006FD0  21 26 67 59 62 28 48 3C 4E 78 2B 54 66 23 25 78  |!&gYb(H<Nx+Tf#%x|
00006FE0  55 5A 41 5A 6C 54 4C 73 4B 60 37 2E 26 29 48 3F  |UZAZlTLsK`7.&)H?|
00006FF0  4E 59 56 58 57 5A 3E 75 3C 66 4E 41 70 72 39 31  |NYVXWZ>u<fNApr91|
00007000  4A 4D 37 74 28 38 4E 6D 4A 2D 57 56 67 6E 41 29  |JM7t(8NmJ-WVgnA)|
00007010  6D 59 3F 3F 76 43 59 78 6B 72 54 6B 5E 5F 3F 69  |mY??vCYxkrTk^_?i|
00007020  3D 66 33 3C 56 39 2F 4E 77 36 52 73 77 2E 62 4D  |=f3<V9/Nw6Rsw.bM|
00007030  45 45 24 6A 52 4D 43 60 61 2F 55 48 58 74 5E 51  |EE$jRMC`a/UHXt^Q|
00007040  3C 24 24 28 4B 61 51 28 3B 6D 78 54 62 30 47 57  |<$$(KaQ(;mxTb0GW|
00007050  7A 38 6A 2F 2E 38 31 66 66 3A 2D 3E 6D 34 7A 6C  |z8j/.81ff:->m4zl|
00007060  6B 37 54 3D 59 76 29 53 55 41 37 59 3D 65 40 36  |k7T=Yv)SUA7Y=e@6|
00007070  6B 21 3D 72 42 72 62 74 3F 28 65 41 58 23 70 32  |k!=rBrbt?(eAX#p2|
00007080  74 3D 71 4D 47 49 32 46 33 56 48 4E 23 23 36 40  |t=qMGI2F3VHN##6@|
00007090  32 2D 55 40 2D 44 70 49 67 6A 34 54 63 40 53 77  |2-U@-DpIgj4Tc@Sw|
000070A0  4E 51 39 29 31 6E 6D 64 60 35 2C 2D 21 3B 57 34  |NQ9)1nmd`5,-!;W4|
000070B0  72 4C 25 6B 6A 48 21 2C 48 3A 51 62 45 33 25 5F  |rL%kjH!,H:QbE3%_|
000070C0  43 29 53 44 44 4B 2F 29 60 77 2F 57 2E 76 37 33  |C)SDDK/)`w/W.v73|
000070D0  33 72 23 33 7A 65 36 6C 41 6A 55 21 6C 62 60 49  |3r#3ze6lAjU!lb`I|
000070E0  3F 44 75 4F 72 24 3F 65 24 2D 24 30 55 79 5A 55  |?DuOr$?e$-$0UyZU|
000070F0  58 7A 33 78 31 54 23 66 4D 2E 60 51 71 36 61 42  |Xz3x1T#fM.`Qq6aB|
00007100  74 45 4F 6F 48 5A 24 34 52 35 2F 30 6B 72 70 2B  |tEOoHZ$4R5/0krp+|
00007110  78 40 38 56 52 49 2D 63 25 30 55 29 37 42 65 60  |x@8VRI-c%0U)7Be`|
00007120  4D 3E 32 67 54 46 72 61 60 4B 73 36 75 5F 6D 61  |M>2gTFra`Ks6u_ma|
00007130  5F 28 47 4A 4A 71 6F 51 75 48 31 29 2C 6B 3F 6F  |_(GJJqoQuH1),k?o|
00007140  32 53 38 47 2C 79 2B 68 77 33 28 32 57 31 6F 2C  |2S8G,y+hw3(2W1o,|
00007150  61 48 69 40 59 7A 3A 37 40 2B 2B 73 34 41 2D 74  |aHi@Yz:7@++s4A-t|
00007160  31 30 6B 6F 30 29 76 28 61 29 5F 2E 4F 60 48 58  |10ko0)v(a)_.O`HX|
00007170  55 38 63 5A 2A 40 23 58 2E 46 29 53 29 69 21 3C  |U8cZ*@#X.F)S)i!<|
00007180  2D 6C 48 23 40 2B 29 30 46 2F 44 4F 5F 25 3C 54  |-lH#@+)0F/DO_%<T|
00007190  2D 53 45 61 2C 61 67 3D 4C 6B 36 48 6A 28 51 37  |-SEa,ag=Lk6Hj(Q7|
000071A0  65 5E 30 66 78 73 5A 41 78 77 6D 41 3A 3C 3D 48  |e^0fxsZAxwmA:<=H|
000071B0  24 4C 31 4A 4B 28 36 49 4E 28 3F 23 4E 2F 6B 53  |$L1JK(6IN(?#N/kS|
000071C0  23 6E 7A 68 30 57 78 3A 62 40 62 66 76 3B 3B 3E  |#nzh0Wx:b@bfv;;>|
000071D0  39 45 47 44 55 43 25 57 34 67 52 49 72 62 72 61  |9EGDUC%W4gRIrbra|
000071E0  65 21 52 73 57 2D 75 2D 62 21 75 65 30 2B 47 4F  |e!RsW-u-b!ue0+GO|
000071F0  62 47 5E 3B 48 66 71 48 57 57 35 4C 53 49 79 52  |bG^;HfqHWW5LSIyR|
00007200  2E 3C 4F 77 2A 3E 79 33 66 4C 3D 68 25 3E 72 42  |.<Ow*>y3fL=h%>rB|
00007210  31 31 53 6D 29 55 23 4B 71 67 21 26 47 3D 78 74  |11Sm)U#Kqg!&G=xt|
00007220  3D 47 46 79 71 56 76 77 70 78 6E 38 25 54 68 68  |=GFyqVvwpxn8%Thh|
00007230  55 4C 4E 2C 74 2C 5A 3E 3F 6E 28 2E 3F 2A 43 70  |ULN,t,Z>?n(.?*Cp|
00007240  6F 3F 3D 56 2A 64 67 57 78 71 4A 42 32 3C 2A 4B  |o?=V*dgWxqJB2<*K|
00007250  6F 79 5F 6B 75 47 57 6A 2E 2A 6F 51 55 2B 4D 4E  |oy_kuGWj.*oQU+MN|
00007260  23 3F 23 7A 44 4F 60 2B 51 76 58 73 70 3C 3F 29  |#?#zDO`+QvXsp<?)|
00007270  34 50 71 40 64 69 55 32 57 67 2F 72 21 33 62 3D  |4Pq@diU2Wg/r!3b=|
00007280  4A 73 46 30 74 57 2A 43 54 51 46 21 2D 2B 3E 31  |JsF0tW*CTQF!-+>1|
00007290  59 4A 6B 35 6B 56 2F 52 70 37 6A 3B 6E 51 62 62  |YJk5kV/Rp7j;nQbb|
000072A0  29 4A 5A 39 74 41 3F 2B 66 51 42 61 33 64 2E 4B  |)JZ9tA?+fQBa3d.K|
000072B0  21 63 52 23 4D 4D 23 42 31 3A 36 60 75 36 48 23  |!cR#MM#B1:6`u6H#|
000072C0  46 59 48 3A 55 3A 59 68 37 6C 71 2D 59 53 3A 4C  |FYH:U:Yh7lq-YS:L|
000072D0  46 49 3C 62 44 71 38 72 49 3A 2D 77 54 2F 3E 53  |FI<bDq8rI:-wT/>S|
000072E0  31 53 7A 67 3A 68 34 51 66 69 42 25 61 56 73 5E  |1Szg:h4QfiB%aVs^|
000072F0  32 7A 79 74 65 70 6F 37 54 3D 4E 25 46 3A 6F 52  |2zytepo7T=N%F:oR|
00007300  64 26 4E 25 3F 54 4C 7A 24 4D 46 54 6E 56 70 4E  |d&N%?TLz$MFTnVpN|
00007310  2E 47 62 56 38 3F 58 2C 49 25 4E 70 65 66 28 60  |.GbV8?X,I%Npef(`|
00007320  49 78 61 3B 56 66 24 78 2D 54 62 38 6D 78 56 76  |Ixa;Vf$x-Tb8mxVv|
00007330  21 2C 60 2D 38 68 63 73 56 77 73 61 75 60 64 6F  |!,`-8hcsVwsau`do|
00007340  31 2A 5E 43 50 77 54 34 73 67 78 52 2D 3C 2C 41  |1*^CPwT4sgxR-<,A|
00007350  47 50 6E 4D 2B 66 34 38 4E 2D 21 56 4C 5F 75 76  |GPnM+f48N-!VL_uv|
00007360  25 56 79 40 54 53 57 51 4D 48 58 77 3A 41 46 69  |%Vy@TSWQMHXw:AFi|
00007370  54 61 67 2A 21 6E 35 36 6D 72 29 69 71 63 68 3F  |Tag*!n56mr)iqch?|
00007380  69 5E 24 52 44 44 45 77 63 3C 2A 42 2C 74 4E 56  |i^$RDDEwc<*B,tNV|
00007390  69 2D 64 31 5F 6D 37 6B 57 45 50 78 29 75 56 6A  |i-d1_m7kWEPx)uVj|
000073A0  57 34 3C 50 37 3A 2B 6D 53 3B 59 60 3A 43 72 55  |W4<P7:+mS;Y`:CrU|
000073B0  4A 3A 77 51 64 57 3C 4D 73 78 68 68 73 3F 79 46  |J:wQdW<Msxhhs?yF|
000073C0  5F 71 3A 61 50 32 21 72 5F 30 3E 75 6B 60 59 2B  |_q:aP2!r_0>uk`Y+|
000073D0  24 60 3B 4B 6C 5A 70 4F 5E 63 7A 33 28 28 6F 29  |$`;KlZpO^cz3((o)|
000073E0  3A 43 7A 52 24 2A 4D 24 75 4E 57 71 6F 48 29 42  |:CzR$*M$uNWqoH)B|
000073F0  32 28 6B 6E 52 2E 26 5A 40 42 54 4C 24 55 21 3D  |2(knR.&Z@BTL$U!=|
00007400  73 6A 21 2A 57 25 21 48 56 2C 43 4D 25 76 46 64  |sj!*W%!HV,CM%vFd|
00007410  6E 78 51 67 68 35 6C 43 3C 52 65 64 21 48 60 2F  |nxQgh5lC<Red!H`/|
00007420  2D 51 58 2B 31 76 76 48 4F 3C 2C 45 33 41 34 7A  |-QX+1vvHO<,E3A4z|
00007430  2F 35 76 3D 50 58 68 72 50 3E 33 61 32 49 72 6E  |/5v=PXhrP>3a2Irn|
00007440  74 45 3D 6D 62 31 6F 42 50 3E 4D 5E 26 49 58 7A  |tE=mb1oBP>M^&IXz|
00007450  44 71 53 35 60 24 6F 30 4F 23 64 5E 4C 3E 2E 21  |DqS5`$o0O#d^L>.!|
00007460  28 48 49 54 34 60 77 63 28 62 70 2F 39 58 72 43  |(HIT4`wc(bp/9XrC|
00007470  50 34 69 2D 53 35 4D 38 4B 26 79 56 2D 4F 31 25  |P4i-S5M8K&yV-O1%|
00007480  54 3D 6C 30 32 47 48 45 2F 41 74 79 53 77 55 39  |T=l02GHE/AtySwU9|
00007490  38 29 24 5A 78 6A 2C 47 38 3D 6E 51 6C 51 53 45  |8)$Zxj,G8=nQlQSE|
000074A0  52 73 33 5A 53 52 6F 2E 46 3A 25 36 51 79 3F 36  |Rs3ZSRo.F:%6Qy?6|
000074B0  40 43 38 3A 4C 6C 21 4D 40 59 67 5F 70 5E 45 49  |@C8:Ll!M@Yg_p^EI|
000074C0  48 4D 4E 45 56 42 23 74 6D 61 69 40 66 71 50 45  |HMNEVB#tmai@fqPE|
000074D0  6C 4A 3C 40 77 74 38 52 2E 3A 72 3F 69 3F 26 4E  |lJ<@wt8R.:r?i?&N|
000074E0  37 2E 3E 24 58 59 2B 36 47 4A 23 5A 66 30 4B 4D  |7.>$XY+6GJ#Zf0KM|
000074F0  60 2C 34 61 64 51 2F 3A 7A 41 42 28 57 2B 68 69  |`,4adQ/:zAB(W+hi|
00007500  69 51 6B 4B 45 66 58 5E 38 76 41 35 28 65 4B 7A  |iQkKEfX^8vA5(eKz|
00007510  6F 4D 2E 2B 53 37 45 63 71 30 67 37 71 47 6B 45  |oM.+S7Ecq0g7qGkE|
00007520  70 6B 35 3A 3F 2B 45 23 3D 3B 56 75 3D 3C 6A 3F  |pk5:?+E#=;Vu=<j?|
00007530  76 30 43 29 3A 58 2B 26 54 51 46 42 6D 4C 21 77  |v0C):X+&TQFBmL!w|
00007540  41 69 48 61 34 6B 77 30 28 2B 4C 3B 40 63 2F 6B  |AiHa4kw0(+L;@c/k|
00007550  4C 6A 4A 4E 26 72 72 75 79 76 2B 60 57 2D 3F 43  |LjJN&rruyv+`W-?C|
00007560  50 2A 7A 39 34 44 23 73 3B 31 41 43 25 60 29 53  |P*z94D#s;1AC%`)S|
00007570  56 76 4B 6E 35 4A 28 3F 45 41 62 6A 31 29 6C 61  |VvKn5J(?EAbj1)la|
00007580  4C 34 66 46 58 25 70 60 69 45 30 54 56 36 4D 66  |L4fFX%p`iE0TV6Mf|
00007590  62 60 60 57 51 4D 74 24 2F 2B 64 76 6D 3A 63 28  |b``WQMt$/+dvm:c(|
000075A0  57 7A 23 54 4D 67 61 37 63 70 57 54 58 45 4F 4A  |Wz#TMga7cpWTXEOJ|
000075B0  59 7A 32 74 45 28 2F 45 50 46 72 70 50 71 46 45  |Yz2tE(/EPFrpPqFE|
000075C0  49 65 4E 43 30 64 41 3C 6C 2C 4E 53 5E 6F 59 3B  |IeNC0dA<l,NS^oY;|
000075D0  6B 3E 5A 49 73 24 7A 5F 61 7A 6D 65 76 26 48 72  |k>ZIs$z_azmev&Hr|
000075E0  6E 6E 75 46 46 4B 6D 2D 2E 6F 4D 72 6A 5E 3F 4C  |nnuFFKm-.oMrj^?L|
000075F0  52 23 62 59 25 32 42 45 55 2C 37 7A 69 2B 63 67  |R#bY%2BEU,7zi+cg|
00007600  64 41 60 49 45 64 5E 35 33 46 6C 63 40 4F 49 57  |dA`IEd^53Flc@OIW|
00007610  37 3E 54 3E 42 38 58 38 3F 24 37 33 29 3D 41 5E  |7>T>B8X8?$73)=A^|
00007620  79 48 42 61 64 47 75 44 77 60 30 79 74 62 69 68  |yHBadGuDw`0ytbih|
00007630  65 6D 79 70 30 58 48 6B 57 4A 56 78 3A 6E 73 2B  |emyp0XHkWJVx:ns+|
00007640  65 63 23 26 30 2D 70 30 5E 4F 26 5F 45 39 64 3C  |ec#&0-p0^O&_E9d<|
00007650  2A 51 61 5F 75 35 32 72 33 7A 36 67 73 3E 4E 42  |*Qa_u52r3z6gs>NB|
00007660  59 43 47 31 53 75 37 54 72 6F 45 7A 42 6C 37 54  |YCG1Su7TroEzBl7T|
00007670  38 5A 39 73 3D 48 2D 55 5E 79 6C 68 2E 5A 72 3E  |8Z9s=H-U^ylh.Zr>|
00007680  34 4E 53 38 68 6F 70 34 3B 67 57 21 38 43 70 29  |4NS8hop4;gW!8Cp)|
00007690  4A 46 61 6E 6D 57 56 5A 74 79 4B 26 75 55 68 6A  |JFanmWVZtyK&uUhj|
000076A0  50 38 30 50 51 6D 3B 62 78 3A 58 78 4A 26 70 52  |P80PQm;bx:XxJ&pR|
000076B0  4E 35 76 40 75 69 6D 2C 40 3E 3F 79 4F 50 78 43  |N5v@uim,@>?yOPxC|
000076C0  57 31 3B 4D 32 4D 6A 4B 46 2F 3A 50 4B 71 59 2A  |W1;M2MjKF/:PKqY*|
000076D0  3F 40 31 78 28 52 4E 3D 75 62 45 4C 37 6C 41 79  |?@1x(RN=ubEL7lAy|
000076E0  2C 40 59 62 3A 43 64 74 35 7A 7A 30 4B 30 71 39  |,@Yb:Cdt5zz0K0q9|
000076F0  68 55 29 49 7A 66 73 39 50 23 69 25 24 53 45 7A  |hU)Izfs9P#i%$SEz|
00007700  63 37 79 6C 21 77 6B 35 45 2B 40 7A 34 78 41 3C  |c7yl!wk5E+@z4xA<|
00007710  71 6E 55 60 29 72 66 49 59 41 52 44 30 31 39 63  |qnU`)rfIYARD019c|
00007720  67 26 4E 37 54 74 3B 5F 39 29 63 44 3A 43 37 2B  |g&N7Tt;_9)cD:C7+|
00007730  24 51 68 71 76 55 69 79 6D 31 63 6D 53 34 52 44  |$QhqvUiym1cmS4RD|
00007740  5E 30 3F 6A 6D 49 42 3E 3D 52 4F 6F 24 52 51 62  |^0?jmIB>=ROo$RQb|
00007750  2E 23 47 63 25 59 3B 3B 3A 31 32 3B 3B 2B 74 53  |.#Gc%Y;;:12;;+tS|
00007760  45 2B 64 29 75 46 53 79 6B 54 74 42 63 30 28 70  |E+d)uFSykTtBc0(p|
00007770  31 2D 67 68 35 49 49 6E 3F 62 2C 56 55 3B 4D 62  |1-gh5IIn?b,VU;Mb|
00007780  51 4D 66 42 36 3E 6D 4A 56 3C 4C 2E 25 5F 3F 67  |QMfB6>mJV<L.%_?g|
00007790  2C 64 40 30 4A 33 36 65 3E 67 5A 2B 52 6A 7A 5A  |,d@0J36e>gZ+RjzZ|
000077A0  6F 46 52 70 64 26 56 44 72 31 73 64 56 3A 2C 50  |oFRpd&VDr1sdV:,P|
000077B0  23 63 42 71 71 68 43 2B 34 77 3F 6C 30 38 2A 47  |#cBqqhC+4w?l08*G|
000077C0  2E 62 42 2A 70 4B 21 6B 66 39 24 26 40 4D 76 21  |.bB*pK!kf9$&@Mv!|
000077D0  30 3F 4F 29 30 53 63 30 2A 48 64 70 59 6A 34 4A  |0?O)0Sc0*HdpYj4J|
000077E0  58 67 44 57 64 47 52 6B 32 31 41 28 6F 5E 40 35  |XgDWdGRk21A(o^@5|
000077F0  52 64 4A 2A 41 2D 3B 26 6A 34 77 4F 39 53 26 40  |RdJ*A-;&j4wO9S&@|
00007800  34 67 2D 39 36 4F 4A 60 71 51 69 46 4A 59 34 5E  |4g-96OJ`qQiFJY4^|
00007810  6A 30 65 70 5E 5F 6E 66 64 31 6B 3B 3C 6B 66 25  |j0ep^_nfd1k;<kf%|
00007820  77 56 51 79 5A 62 59 6A 4D 3B 79 64 75 33 23 66  |wVQyZbYjM;ydu3#f|
00007830  42 55 2E 57 55 48 40 64 53 5A 72 6F 43 28 53 60  |BU.WUH@dSZroC(S`|
00007840  70 35 30 39 43 33 32 49 3C 2C 32 63 4C 49 2B 4A  |p509C32I<,2cLI+J|
00007850  6A 32 61 69 69 3B 24 71 63 65 57 6E 29 70 59 28  |j2aii;$qceWn)pY(|
00007860  73 2B 5F 51 72 46 21 29 70 28 26 32 44 53 31 2D  |s+_QrF!)p(&2DS1-|
00007870  63 56 36 36 51 3E 59 2A 2C 72 76 4D 35 55 3E 37  |cV66Q>Y*,rvM5U>7|
00007880  64 30 4A 3B 31 33 4B 3D 68 61 78 32 5A 55 38 43  |d0J;13K=hax2ZU8C|
00007890  48 53 3D 26 63 65 2B 53 49 46 39 45 26 59 6D 56  |HS=&ce+SIF9E&YmV|
000078A0  52 6A 28 77 26 35 3C 51 40 35 75 75 61 4D 36 3D  |Rj(w&5<Q@5uuaM6=|
000078B0  3F 3B 3D 32 68 42 57 5E 54 51 23 6C 77 31 6B 47  |?;=2hBW^TQ#lw1kG|
000078C0  34 4A 3B 48 29 35 4C 4B 29 79 4D 3D 37 4C 43 6C  |4J;H)5LK)yM=7LCl|
000078D0  35 6C 70 64 31 59 63 41 33 41 68 6C 64 3A 69 3D  |5lpd1YcA3Ahld:i=|
000078E0  76 76 54 76 3C 57 2A 3A 45 75 71 31 68 65 49 39  |vvTv<W*:Euq1heI9|
000078F0  31 73 49 73 4B 52 77 4E 3A 67 3D 65 7A 53 73 34  |1sIsKRwN:g=ezSs4|
00007900  55 55 44 3B 4B 42 26 2B 53 60 21 4B 77 64 25 41  |UUD;KB&+S`!Kwd%A|
00007910  78 47 23 4B 6A 25 40 45 57 53 25 6A 50 36 6B 3A  |xG#Kj%@EWS%jP6k:|
00007920  77 59 2B 63 45 6C 2F 6B 48 6B 73 23 5A 79 70 36  |wY+cEl/kHks#Zyp6|
00007930  43 21 3A 25 4A 29 2B 6F 34 46 58 75 34 3D 25 23  |C!:%J)+o4FXu4=%#|
00007940  34 2F 77 45 3E 6B 50 5E 58 25 58 48 44 48 63 70  |4/wE>kP^X%XHDHcp|
00007950  32 65 47 35 4B 4F 23 53 49 75 78 29 61 7A 26 37  |2eG5KO#SIux)az&7|
00007960  66 3E 6F 2A 77 36 77 69 47 4D 47 39 2A 5F 34 54  |f>o*w6wiGMG9*_4T|
00007970  57 67 33 6B 62 4C 7A 61 73 64 52 72 43 4F 44 3C  |Wg3kbLzasdRrCOD<|
00007980  72 69 2D 65 6B 4C 57 39 2D 6E 45 2A 54 79 60 3C  |ri-ekLW9-nE*Ty`<|
00007990  23 30 49 70 42 69 74 42 34 2A 49 35 41 69 3C 54  |#0IpBitB4*I5Ai<T|
000079A0  45 33 4F 2E 31 69 4F 63 64 61 41 38 2A 2D 6F 7A  |E3O.1iOcdaA8*-oz|
000079B0  67 6D 4D 77 66 63 78 6B 78 77 3E 65 3C 41 48 6C  |gmMwfcxkxw>e<AHl|
000079C0  41 74 78 72 28 78 24 3B 66 79 4D 48 40 3F 51 70  |Atxr(x$;fyMH@?Qp|
000079D0  62 67 65 69 39 39 75 23 2C 79 64 25 79 31 4D 48  |bgei99u#,yd%y1MH|
000079E0  33 5A 28 50 31 4F 28 54 43 6F 2C 28 6E 53 3B 53  |3Z(P1O(TCo,(nS;S|
000079F0  26 2B 6B 3F 60 49 5E 33 30 30 41 33 2D 50 45 60  |&+k?`I^300A3-PE`|
00007A00  4F 53 2D 3E 3F 23 76 24 76 28 68 43 2D 42 4B 48  |OS->?#v$v(hC-BKH|
00007A10  3F 33 45 72 46 42 56 33 70 68 3D 74 64 69 33 45  |?3ErFBV3ph=tdi3E|
00007A20  64 32 36 46 56 36 34 49 37 4A 5A 54 6B 4D 24 59  |d26FV64I7JZTkM$Y|
00007A30  6D 4B 29 2D 72 31 58 4A 37 77 79 64 73 55 4C 39  |mK)-r1XJ7wydsUL9|
00007A40  5E 6D 62 29 65 25 55 79 47 40 78 75 78 37 33 21  |^mb)e%UyG@xux73!|
00007A50  5F 79 4E 42 44 37 57 3F 70 72 30 48 3D 78 46 4A  |_yNBD7W?pr0H=xFJ|
00007A60  73 40 4E 58 6B 64 21 66 2C 31 3B 35 5F 31 2C 37  |s@NXkd!f,1;5_1,7|
00007A70  60 59 55 4E 48 71 55 79 65 3A 3E 44 4A 5E 40 3F  |`YUNHqUye:>DJ^@?|
00007A80  57 78 2C 6A 34 46 41 3B 42 4A 25 3F 6D 44 43 36  |Wx,j4FA;BJ%?mDC6|
00007A90  34 3A 4E 76 2A 72 2A 63 3E 2E 2D 47 7A 74 48 6F  |4:Nv*r*c>.-GztHo|
00007AA0  71 76 74 70 38 41 2D 4B 64 77 25 25 58 40 4E 61  |qvtp8A-Kdw%%X@Na|
00007AB0  33 21 40 70 48 44 32 2C 60 74 66 60 6F 29 69 41  |3!@pHD2,`tf`o)iA|
00007AC0  34 71 2A 29 77 63 57 60 56 55 4B 23 6D 55 35 5E  |4q*)wcW`VUK#mU5^|
00007AD0  30 59 6C 44 2D 77 36 45 24 75 3A 32 26 79 64 2D  |0YlD-w6E$u:2&yd-|
00007AE0  58 37 57 48 6C 5F 2F 6C 2B 77 31 68 4D 3C 26 74  |X7WHl_/l+w1hM<&t|
00007AF0  2B 41 67 36 31 4A 29 56 7A 5F 68 32 64 3E 4D 3A  |+Ag61J)Vz_h2d>M:|
00007B00  71 47 3C 7A 4E 3C 50 56 3A 24 2E 2F 30 3F 6B 32  |qG<zN<PV:$./0?k2|
00007B10  68 6D 78 3A 2B 72 68 4A 53 77 68 2C 30 29 57 35  |hmx:+rhJSwh,0)W5|
00007B20  3B 39 53 71 2E 52 52 5F 44 38 3E 50 76 38 37 63  |;9Sq.RR_D8>Pv87c|
00007B30  2C 38 2C 23 53 3B 39 2C 4F 2B 45 43 52 3F 44 6B  |,8,#S;9,O+ECR?Dk|
00007B40  59 6A 50 41 3C 43 4E 4D 67 51 39 2E 60 50 64 6D  |YjPA<CNMgQ9.`Pdm|
00007B50  6A 40 67 7A 44 49 68 79 65 41 23 5E 39 43 35 25  |j@gzDIhyeA#^9C5%|
00007B60  4C 78 45 43 4A 26 68 29 26 2F 23 4C 52 64 34 37  |LxECJ&h)&/#LRd47|
00007B70  31 6E 54 43 75 65 37 48 4C 26 3B 6C 72 54 72 71  |1nTCue7HL&;lrTrq|
00007B80  79 70 7A 75 6A 24 47 41 6E 4C 56 77 78 5A 51 2E  |ypzuj$GAnLVwxZQ.|
00007B90  68 74 48 32 3B 4D 76 57 4F 68 76 2C 6A 53 52 68  |htH2;MvWOhv,jSRh|
00007BA0  61 45 4C 79 60 35 3A 71 72 67 58 25 6C 55 54 75  |aELy`5:qrgX%lUTu|
00007BB0  7A 70 6E 2B 4D 64 3C 3D 47 33 4A 29 75 41 3E 61  |zpn+Md<=G3J)uA>a|
00007BC0  4E 3A 3E 2F 4B 26 3D 61 6B 70 21 73 5E 6B 6B 39  |N:>/K&=akp!s^kk9|
00007BD0  78 59 4D 60 3B 46 6A 56 55 50 71 56 38 42 78 40  |xYM`;FjVUPqV8Bx@|
00007BE0  3B 47 3B 69 45 3F 3E 2E 30 60 56 24 7A 25 66 79  |;G;iE?>.0`V$z%fy|
00007BF0  41 6E 78 70 35 5E 43 59 64 2B 71 38 54 74 6F 42  |Anxp5^CYd+q8TtoB|
00007C00  45 42 50 39 64 3C 55 58 76 6E 2F 29 36 70 2B 71  |EBP9d<UXvn/)6p+q|
00007C10  46 73 62 58 2A 6E 71 73 40 34 74 26 58 57 2D 65  |FsbX*nqs@4t&XW-e|
00007C20  71 51 52 2A 5A 6D 7A 76 61 5E 6F 65 46 29 47 72  |qQR*Zmzva^oeF)Gr|
00007C30  25 60 3C 42 53 26 64 35 6D 67 28 55 77 4E 67 30  |%`<BS&d5mg(UwNg0|
00007C40  38 3F 6E 5A 57 32 3E 69 6A 55 61 3C 72 4B 3B 4B  |8?nZW2>ijUa<rK;K|
00007C50  3A 71 28 3E 4A 51 4B 35 42 23 4A 40 29 21 50 70  |:q(>JQK5B#J@)!Pp|
00007C60  71 72 2B 70 2D 71 51 44 3A 37 29 53 36 78 37 39  |qr+p-qQD:7)S6x79|
00007C70  50 3A 6F 63 29 2C 30 31 41 6B 3A 72 2E 6C 34 72  |P:oc),01Ak:r.l4r|
00007C80  47 62 33 76 6C 2F 64 52 23 59 62 62 4E 32 57 38  |Gb3vl/dR#YbbN2W8|
00007C90  60 36 74 77 53 3D 21 63 72 75 67 77 6D 34 23 53  |`6twS=!crugwm4#S|
00007CA0  6B 4A 4E 71 59 4E 3D 63 32 6B 7A 69 69 2C 35 6B  |kJNqYN=c2kzii,5k|
00007CB0  76 4D 66 60 65 74 41 31 7A 71 71 57 38 49 6C 2A  |vMf`etA1zqqW8Il*|
00007CC0  21 21 44 2B 44 77 3D 79 21 29 70 59 41 49 74 6C  |!!D+Dw=y!)pYAItl|
00007CD0  2B 40 48 4F 26 72 5A 30 58 47 66 43 2D 6D 25 6B  |+@HO&rZ0XGfC-m%k|
00007CE0  77 3A 3D 36 42 65 4E 2A 4A 34 4C 78 21 70 38 34  |w:=6BeN*J4Lx!p84|
00007CF0  51 33 51 6C 3B 47 4E 48 50 32 29 5E 68 4D 57 3F  |Q3Ql;GNHP2)^hMW?|
00007D00  36 3B 33 76 30 53 66 30 2C 57 4C 4B 48 49 2C 23  |6;3v0Sf0,WLKHI,#|
00007D10  55 48 6D 65 31 6D 6F 3D 42 58 60 51 73 53 6F 28  |UHme1mo=BX`QsSo(|
00007D20  34 2D 74 6C 52 4E 46 52 41 2B 66 43 47 51 4F 66  |4-tlRNFRA+fCGQOf|
00007D30  4D 50 4A 4A 66 59 64 4A 59 38 39 52 39 4C 58 4F  |MPJJfYdJY89R9LXO|
00007D40  5F 24 5A 2D 2B 46 3F 5E 74 36 65 58 4C 4E 41 6E  |_$Z-+F?^t6eXLNAn|
00007D50  36 71 58 60 6D 26 48 50 6F 40 7A 62 56 50 58 2D  |6qX`m&HPo@zbVPX-|
00007D60  60 52 59 79 44 79 58 2C 30 75 52 49 5E 5F 68 70  |`RYyDyX,0uRI^_hp|
00007D70  53 4D 23 21 29 34 6A 31 7A 23 4A 3D 52 23 45 48  |SM#!)4j1z#J=R#EH|
00007D80  72 5F 79 68 5E 42 79 6A 42 69 5E 39 49 31 6A 38  |r_yh^ByjBi^9I1j8|
00007D90  5F 3A 42 36 6E 38 76 3B 4A 74 4D 67 21 38 63 58  |_:B6n8v;JtMg!8cX|
00007DA0  6B 4D 33 60 79 4A 53 42 66 63 3A 50 52 74 31 56  |kM3`yJSBfc:PRt1V|
00007DB0  7A 2A 2C 40 6A 31 45 52 56 39 57 52 62 72 4A 36  |z*,@j1ERV9WRbrJ6|
00007DC0  60 6F 34 4C 73 6F 51 60 63 66 38 38 3C 67 5E 76  |`o4LsoQ`cf88<g^v|
00007DD0  33 3B 3F 38 2B 77 2C 32 2D 26 57 23 46 52 48 26  |3;?8+w,2-&W#FRH&|
00007DE0  31 6C 56 35 35 61 73 25 67 43 2C 75 73 5E 2B 4C  |1lV55as%gC,us^+L|
00007DF0  7A 40 5E 3A 5A 75 7A 3D 48 43 72 78 35 33 53 67  |z@^:Zuz=HCrx53Sg|
00007E00  3E 6F 70 79 56 50 3F 6F 44 26 68 33 33 2A 6C 56  |>opyVP?oD&h33*lV|
00007E10  3F 67 6A 2A 65 76 6E 21 55 52 3C 73 2D 77 6A 34  |?gj*evn!UR<s-wj4|
00007E20  57 54 6E 76 31 71 77 6D 42 35 43 3A 53 58 4F 3E  |WTnv1qwmB5C:SXO>|
00007E30  4B 50 49 54 51 28 49 42 26 75 24 61 5E 51 76 39  |KPITQ(IB&u$a^Qv9|
00007E40  4F 32 3D 2D 54 49 64 25 55 73 5E 75 6A 79 31 4C  |O2=-TId%Us^ujy1L|
00007E50  52 60 66 2F 6E 5A 37 38 59 6D 44 44 45 75 41 6F  |R`f/nZ78YmDDEuAo|
00007E60  4E 3F 61 3A 2B 6C 64 6A 53 6E 54 33 29 43 50 62  |N?a:+ldjSnT3)CPb|
00007E70  5E 3B 3B 2F 47 61 47 51 3B 30 6D 2D 47 6B 37 69  |^;;/GaGQ;0m-Gk7i|
00007E80  6F 57 5A 72 45 4B 6E 29 4A 2B 51 59 6A 54 2E 36  |oWZrEKn)J+QYjT.6|
00007E90  79 31 4E 37 49 70 79 2D 5F 58 62 25 53 6D 4F 33  |y1N7Ipy-_Xb%SmO3|
00007EA0  25 66 65 32 3A 76 39 23 2F 76 6E 52 4B 35 7A 6B  |%fe2:v9#/vnRK5zk|
00007EB0  61 51 4B 3C 39 4C 48 51 5A 39 4B 64 21 62 77 73  |aQK<9LHQZ9Kd!bws|
00007EC0  69 6D 70 6B 7A 56 68 40 3C 37 3A 63 30 4E 57 60  |impkzVh@<7:c0NW`|
00007ED0  56 42 2B 2E 21 67 3F 61 68 44 3D 56 30 34 3A 23  |VB+.!g?ahD=V04:#|
00007EE0  2B 47 3A 24 47 3A 41 44 36 73 29 63 71 63 5E 79  |+G:$G:AD6s)cqc^y|
00007EF0  30 3F 6B 69 29 3B 77 34 2F 30 49 6B 56 57 48 3D  |0?ki);w4/0IkVWH=|
00007F00  60 56 30 6B 4B 34 78 64 41 71 3A 79 2C 42 64 4D  |`V0kK4xdAq:y,BdM|
00007F10  46 60 4C 4C 40 3D 5F 29 44 64 4C 32 66 3F 6C 36  |F`LL@=_)DdL2f?l6|
00007F20  64 44 5F 30 77 2E 61 48 7A 68 41 73 41 28 45 33  |dD_0w.aHzhAsA(E3|
00007F30  3E 54 2E 38 35 47 38 72 6B 4C 73 58 51 31 61 2B  |>T.85G8rkLsXQ1a+|
00007F40  4A 58 71 37 71 2A 54 39 79 39 63 51 2A 59 54 3B  |JXq7q*T9y9cQ*YT;|
00007F50  72 3D 61 4E 68 3F 70 6C 5F 78 3D 54 74 54 75 36  |r=aNh?pl_x=TtTu6|
00007F60  78 71 2D 48 2C 34 70 40 51 63 68 64 44 44 47 38  |xq-H,4p@QchdDDG8|
00007F70  43 72 55 6E 5A 74 26 76 3B 5E 28 67 34 57 75 41  |CrUnZt&v;^(g4WuA|
00007F80  79 52 26 40 73 6A 25 36 2A 59 3F 56 35 4F 78 61  |yR&@sj%6*Y?V5Oxa|
00007F90  52 58 56 24 60 75 64 28 29 63 7A 7A 78 77 77 62  |RXV$`ud()czzxwwb|
00007FA0  33 2C 48 70 48 53 42 72 2F 68 79 24 30 25 29 68  |3,HpHSBr/hy$0%)h|
00007FB0  5A 5A 4D 3E 4E 4D 32 3B 44 41 6E 7A 73 3B 52 35  |ZZM>NM2;DAnzs;R5|
00007FC0  26 53 51 63 40 37 6C 48 3A 52 43 61 52 51 49 33  |&SQc@7lH:RCaRQI3|
00007FD0  4A 60 61 54 6B 6E 75 59 23 2C 3D 45 3B 38 6E 34  |J`aTknuY#,=E;8n4|
00007FE0  4C 45 3A 53 63 26 2E 36 6F 42 6E 7A 4C 39 45 2C  |LE:Sc&.6oBnzL9E,|
00007FF0  44 7A 46 4A 6A 36 56 43 64 44 21 56 55 50 46 57  |DzFJj6VCdD!VUPFW|
00008000  75 24 6F 6F 68 79 41 4E 60 31 59 45 23 32 44 6D  |u$oohyAN`1YE#2Dm|
00008010  38 62 23 5A 4D 52 66 3A 64 32 48 29 40 2C 4F 5A  |8b#ZMRf:d2H)@,OZ|
00008020  4B 49 3A 63 60 3D 54 42 78 31 34 44 5F 44 51 6B  |KI:c`=TBx14D_DQk|
00008030  3E 2C 3F 32 3F 41 2C 78 2E 6E 75 73 73 2C 75 77  |>,?2?A,x.nuss,uw|
00008040  49 55 75 38 65 6C 77 39 41 3E 44 36 3C 57 63 24  |IUu8elw9A>D6<Wc$|
00008050  71 6A 29 6F 64 7A 76 5F 46 73 67 58 73 4E 24 4F  |qj)odzv_FsgXsN$O|
00008060  4B 78 3B 24 57 49 67 3F 30 56 75 31 34 41 47 37  |Kx;$WIg?0Vu14AG7|
00008070  3E 4A 48 65 75 3C 56 26 40 4C 44 61 5F 56 64 41  |>JHeu<V&@LDa_VdA|
00008080  68 2A 63 49 78 24 28 44 70 46 30 55 46 79 78 4B  |h*cIx$(DpF0UFyxK|
00008090  6A 50 34 4F 21 39 65 58 2D 75 62 31 36 5A 71 2F  |jP4O!9eX-ub16Zq/|
000080A0  62 57 30 2C 24 6E 4D 41 4B 72 61 55 37 70 71 23  |bW0,$nMAKraU7pq#|
000080B0  70 2C 79 62 7A 61 66 30 3A 68 2B 46 4B 4F 2F 26  |p,ybzaf0:h+FKO/&|
000080C0  39 6F 5E 76 43 43 24 77 74 26 5F 40 78 31 6B 79  |9o^vCC$wt&_@x1ky|
000080D0  26 25 6E 77 72 54 26 74 23 5F 4C 33 6E 4D 4E 35  |&%nwrT&t#_L3nMN5|
000080E0  79 2E 70 6F 72 79 7A 49 4F 78 2A 37 5A 59 66 5A  |y.poryzIOx*7ZYfZ|
000080F0  79 57 79 59 47 67 33 38 71 46 53 52 58 30 41 6B  |yWyYGg38qFSRX0Ak|
00008100  48 5E 72 4E 23 2D 59 5F 7A 32 46 3E 62 41 74 2B  |H^rN#-Y_z2F>bAt+|
00008110  63 33 5A 6C 24 3A 43 45 34 38 2A 6E 24 29 2A 29  |c3Zl$:CE48*n$)*)|
00008120  6B 2A 6B 72 2C 3B 6A 35 71 66 5E 64 75 59 4B 23  |k*kr,;j5qf^duYK#|
00008130  6F 43 3A 6B 4C 25 2A 28 23 74 2B 61 54 6D 37 40  |oC:kL%*(#t+aTm7@|
00008140  36 56 26 55 7A 38 25 5F 30 3F 4E 24 74 45 4E 58  |6V&Uz8%_0?N$tENX|
00008150  48 3C 6F 4E 53 2F 3E 47 24 53 74 6E 36 75 44 7A  |H<oNS/>G$Stn6uDz|
00008160  6C 39 54 37 24 37 6C 4C 58 40 3F 48 36 35 37 2F  |l9T7$7lLX@?H657/|
00008170  3F 65 34 46 25 30 45 2E 61 56 30 42 69 63 3C 4F  |?e4F%0E.aV0Bic<O|
00008180  77 34 64 25 3B 26 71 40 2A 3F 71 62 3C 49 46 72  |w4d%;&q@*?qb<IFr|
00008190  57 64 39 23 2C 4F 39 6D 49 39 79 26 4E 54 35 37  |Wd9#,O9mI9y&NT57|
000081A0  29 7A 6F 26 55 58 70 49 3E 64 50 73 6E 33 6B 26  |)zo&UXpI>dPsn3k&|
000081B0  4E 49 3A 6D 64 48 77 4F 28 3A 37 63 6D 28 79 6D  |NI:mdHwO(:7cm(ym|
000081C0  53 63 25 48 4C 57 6C 34 3F 23 51 73 74 6A 35 2B  |Sc%HLWl4?#Qstj5+|
000081D0  53 2E 69 38 26 58 3A 2A 75 48 75 3B 61 47 48 53  |S.i8&X:*uHu;aGHS|
000081E0  6F 6F 79 6E 72 65 60 61 70 35 5E 62 25 51 6D 51  |ooynre`ap5^b%QmQ|
000081F0  6B 4A 34 66 44 6B 51 45 38 43 56 6A 2A 44 40 72  |kJ4fDkQE8CVj*D@r|
00008200  4B 57 5A 51 3F 4A 50 2C 39 2E 44 69 37 67 2A 64  |KWZQ?JP,9.Di7g*d|
00008210  64 52 35 57 35 57 6A 74 29 4C 67 60 3E 3F 41 6F  |dR5W5Wjt)Lg`>?Ao|
00008220  23 54 4A 52 69 37 28 4E 71 57 6D 58 52 31 34 61  |#TJRi7(NqWmXR14a|
00008230  29 76 33 4F 4B 75 3B 25 79 2F 77 4D 39 2B 36 25  |)v3OKu;%y/wM9+6%|
00008240  3B 6E 49 45 67 55 60 5F 65 39 26 6B 71 4A 2C 60  |;nIEgU`_e9&kqJ,`|
00008250  40 35 24 44 23 44 64 4E 77 3E 76 6C 26 71 4E 77  |@5$D#DdNw>vl&qNw|
00008260  67 23 35 6C 51 47 41 6D 6E 5E 76 6A 76 71 6F 72  |g#5lQGAmn^vjvqor|
00008270  55 42 2B 57 58 5E 59 47 67 76 6C 58 36 77 29 75  |UB+WX^YGgvlX6w)u|
00008280  38 41 6D 71 45 73 65 5E 5E 4B 59 60 7A 21 45 78  |8AmqEse^^KY`z!Ex|
00008290  4E 6B 72 44 29 77 2B 64 3C 6F 66 4C 32 35 29 6D  |NkrD)w+d<ofL25)m|
000082A0  6A 28 5F 61 58 5F 65 29 63 33 2B 4E 4E 2A 2D 67  |j(_aX_e)c3+NN*-g|
000082B0  4D 30 75 49 4E 75 45 39 7A 34 65 36 6E 56 52 30  |M0uINuE9z4e6nVR0|
000082C0  23 5E 23 45 4A 34 69 79 49 32 37 6B 48 2C 4C 73  |#^#EJ4iyI27kH,Ls|
000082D0  57 50 25 75 74 61 4D 42 5F 74 57 78 6C 49 3D 2E  |WP%utaMB_tWxlI=.|
000082E0  33 65 6A 46 3A 75 70 30 52 70 5E 2F 25 57 28 4F  |3ejF:up0Rp^/%W(O|
000082F0  5E 3C 29 3C 24 6E 3C 3A 43 40 42 21 6D 6B 43 35  |^<)<$n<:C@B!mkC5|
00008300  77 76 29 4B 46 60 60 42 6B 7A 73 6A 23 77 3D 2B  |wv)KF``Bkzsj#w=+|
00008310  2A 76 59 2A 79 70 4D 26 2B 4C 3F 69 4B 63 5E 34  |*vY*ypM&+L?iKc^4|
00008320  3F 43 59 4A 6B 36 34 46 51 30 4E 2C 75 65 3F 6F  |?CYJk64FQ0N,ue?o|
00008330  70 47 63 5F 3B 2D 3A 63 75 64 43 4B 70 40 36 79  |pGc_;-:cudCKp@6y|
00008340  23 41 2F 2D 36 39 32 3C 61 36 71 40 76 40 2E 28  |#A/-692<a6q@v@.(|
00008350  60 4E 48 6D 69 45 59 74 4E 28 6C 2F 21 70 3F 5F  |`NHmiEYtN(l/!p?_|
00008360  4A 6C 71 2C 65 44 23 43 50 25 4A 55 6D 52 44 35  |Jlq,eD#CP%JUmRD5|
00008370  47 73 6C 6E 4B 55 41 6C 5E 3B 41 38 66 57 2A 6B  |GslnKUAl^;A8fW*k|
00008380  68 7A 6C 44 24 25 4E 60 6A 62 57 70 38 4F 56 3C  |hzlD$%N`jbWp8OV<|
00008390  32 67 25 6A 6D 43 68 45 31 72 3A 28 6F 41 4E 2F  |2g%jmChE1r:(oAN/|
000083A0  5F 42 73 31 51 4B 3D 26 66 48 21 58 50 69 54 71  |_Bs1QK=&fH!XPiTq|
000083B0  56 43 43 38 26 21 73 41 66 6B 48 7A 50 37 31 3F  |VCC8&!sAfkHzP71?|
000083C0  6E 52 4C 25 32 29 33 4C 3A 2F 24 24 5F 4B 6B 75  |nRL%2)3L:/$$_Kku|
000083D0  4B 3E 2A 66 38 54 66 69 43 5F 54 4D 3C 6A 44 2D  |K>*f8TfiC_TM<jD-|
000083E0  47 55 71 2B 42 26 39 48 63 63 67 55 50 67 3B 61  |GUq+B&9HccgUPg;a|
000083F0  4E 4F 2C 52 42 6F 59 75 46 21 2D 7A 60 64 62 23  |NO,RBoYuF!-z`db#|
00008400  61 37 2D 24 47 6A 2D 5A 2A 71 66 4E 6F 4B 46 76  |a7-$Gj-Z*qfNoKFv|
00008410  2E 71 65 72 79 54 2F 76 36 23 35 33 76 64 45 24  |.qeryT/v6#53vdE$|
00008420  25 46 55 66 57 77 50 34 21 52 48 77 2D 31 49 38  |%FUfWwP4!RHw-1I8|
00008430  45 68 77 75 70 41 3E 61 71 7A 4E 69 34 33 21 46  |EhwupA>aqzNi43!F|
00008440  45 66 2E 6C 42 63 71 76 79 3A 5E 4E 3D 2A 6C 6B  |Ef.lBcqvy:^N=*lk|
00008450  78 75 36 23 39 4C 78 44 3A 77 43 3A 6D 2D 68 31  |xu6#9LxD:wC:m-h1|
00008460  65 3E 79 6C 35 6B 76 69 4F 31 77 58 47 72 71 57  |e>yl5kviO1wXGrqW|
00008470  23 34 6C 34 4F 77 68 40 7A 43 2D 3D 45 55 44 21  |#4l4Owh@zC-=EUD!|
00008480  38 6B 3F 2B 2E 56 75 69 4B 40 69 23 36 6D 3D 41  |8k?+.VuiK@i#6m=A|
00008490  4F 56 6A 39 25 5E 58 6B 3D 23 3A 29 6A 6B 62 59  |OVj9%^Xk=#:)jkbY|
000084A0  24 23 48 25 62 23 54 6E 37 76 3F 4D 23 6B 74 58  |$#H%b#Tn7v?M#ktX|
000084B0  30 78 2B 3D 7A 3A 53 52 62 2F 47 65 51 74 58 65  |0x+=z:SRb/GeQtXe|
000084C0  71 69 79 6E 35 79 48 28 64 2D 52 6D 64 61 60 57  |qiyn5yH(d-Rmda`W|
000084D0  42 4A 26 71 33 61 47 23 70 21 3F 72 50 55 44 5F  |BJ&q3aG#p!?rPUD_|
000084E0  7A 23 55 62 58 69 4E 4A 71 34 36 4C 53 2D 55 4C  |z#UbXiNJq46LS-UL|
000084F0  33 29 2F 70 4E 46 77 32 3F 59 3E 68 37 75 72 50  |3)/pNFw2?Y>h7urP|
00008500  29 55 3C 52 3C 3E 78 59 3A 3D 6A 6F 4C 3B 31 5E  |)U<R<>xY:=joL;1^|
00008510  78 74 68 40 62 65 4F 48 42 3D 35 30 2F 45 2E 3C  |xth@beOHB=50/E.<|
00008520  52 66 5F 36 62 47 4F 3C 74 44 66 23 2F 75 5A 71  |Rf_6bGO<tDf#/uZq|
00008530  49 6A 33 6D 79 54 56 4C 34 4F 66 48 69 28 54 28  |Ij3myTVL4OfHi(T(|
00008540  25 33 74 69 36 3A 5A 60 40 25 31 38 57 36 7A 79  |%3ti6:Z`@%18W6zy|
00008550  48 69 3E 25 52 6C 47 58 36 4E 4E 24 68 6D 78 2B  |Hi>%RlGX6NN$hmx+|
00008560  57 4A 47 52 64 21 32 6E 72 49 60 24 3A 51 42 75  |WJGRd!2nrI`$:QBu|
00008570  65 71 55 45 5A 47 3B 31 52 73 61 3D 75 71 71 62  |eqUEZG;1Rsa=uqqb|
00008580  2A 72 42 63 57 23 74 42 38 39 29 2B 3A 44 55 50  |*rBcW#tB89)+:DUP|
00008590  7A 32 3B 77 3C 44 6D 31 54 6B 25 61 2C 47 77 42  |z2;w<Dm1Tk%a,GwB|
000085A0  6F 4F 34 4F 40 3A 2B 48 2F 57 67 28 60 76 69 5E  |oO4O@:+H/Wg(`vi^|
000085B0  4C 4A 34 32 51 42 46 43 41 24 49 5A 6A 5F 37 4C  |LJ42QBFCA$IZj_7L|
000085C0  6E 5A 5A 55 3D 24 25 6D 76 78 66 37 5F 4C 34 75  |nZZU=$%mvxf7_L4u|
000085D0  4F 21 52 21 31 2A 58 61 70 45 51 65 3C 31 6A 3E  |O!R!1*XapEQe<1j>|
000085E0  53 34 65 72 55 25 4A 26 35 53 79 40 6B 65 28 65  |S4erU%J&5Sy@ke(e|
000085F0  7A 4E 6F 74 4A 64 67 4F 6A 7A 51 78 30 40 52 6D  |zNotJdgOjzQx0@Rm|
00008600  6E 75 4D 70 75 62 47 55 3B 38 2B 6E 21 5F 26 58  |nuMpubGU;8+n!_&X|
00008610  74 25 77 6A 6C 59 78 52 53 6C 65 54 3C 25 2C 55  |t%wjlYxRSleT<%,U|
00008620  30 44 65 41 50 77 43 76 4B 2E 36 67 6A 29 41 30  |0DeAPwCvK.6gj)A0|
00008630  2D 31 21 58 34 35 2A 43 63 5E 73 46 75 2E 78 6D  |-1!X45*Cc^sFu.xm|
00008640  46 54 2A 38 74 53 34 79 21 28 51 74 2E 43 45 50  |FT*8tS4y!(Qt.CEP|
00008650  59 32 2C 56 6F 4D 34 41 24 72 25 50 5F 77 7A 54  |Y2,VoM4A$r%P_wzT|
00008660  3B 2E 3F 67 43 4C 6B 39 47 2F 3A 2C 24 3F 40 33  |;.?gCLk9G/:,$?@3|
00008670  4F 5A 49 29 3B 31 3B 76 56 62 38 53 74 4B 3F 51  |OZI);1;vVb8StK?Q|
00008680  25 3C 4B 28 55 65 26 78 32 59 53 34 28 26 29 75  |%<K(Ue&x2YS4(&)u|
00008690  28 78 44 36 72 3C 60 6F 37 53 76 40 3F 6A 5A 46  |(xD6r<`o7Sv@?jZF|
000086A0  6C 48 76 6F 4B 6D 39 61 28 77 24 6C 2C 5F 3C 2A  |lHvoKm9a(w$l,_<*|
000086B0  35 47 7A 49 42 66 4B 56 58 50 60 63 23 68 46 7A  |5GzIBfKVXP`c#hFz|
000086C0  77 5E 37 2F 7A 64 58 28 44 60 79 6C 36 46 73 42  |w^7/zdX(D`yl6FsB|
000086D0  30 2B 24 62 54 56 4A 6B 2F 46 3F 36 62 3C 52 7A  |0+$bTVJk/F?6b<Rz|
000086E0  24 46 65 63 45 59 6B 54 65 30 6D 66 59 3F 42 43  |$FecEYkTe0mfY?BC|
000086F0  43 4B 50 4C 71 68 58 6C 61 66 76 37 40 4E 6E 40  |CKPLqhXlafv7@Nn@|
00008700  49 46 52 51 41 30 2A 37 79 77 31 2F 45 58 59 43  |IFRQA0*7yw1/EXYC|
00008710  3B 76 23 41 6F 25 3E 59 69 77 56 67 2B 34 38 74  |;v#Ao%>YiwVg+48t|
00008720  21 2E 41 2F 28 28 65 72 31 64 4E 51 78 66 75 49  |!.A/((er1dNQxfuI|
00008730  64 42 45 6E 35 5F 31 70 38 2B 2F 6A 78 44 31 68  |dBEn5_1p8+/jxD1h|
00008740  76 4C 2C 64 68 56 7A 65 3C 24 67 36 72 73 23 5E  |vL,dhVze<$g6rs#^|
00008750  45 49 52 5A 40 42 28 25 2B 3B 50 28 6A 48 23 24  |EIRZ@B(%+;P(jH#$|
00008760  59 59 50 48 33 29 47 67 29 33 2F 47 63 6C 54 66  |YYPH3)Gg)3/GclTf|
00008770  45 42 44 42 3F 6B 71 50 67 71 6C 38 5F 6A 55 6E  |EBDB?kqPgql8_jUn|
00008780  6D 49 40 3C 52 79 24 51 64 51 6F 6E 78 78 49 67  |mI@<Ry$QdQonxxIg|
00008790  6D 23 3D 47 45 68 5E 54 49 3A 63 60 38 50 75 71  |m#=GEh^TI:c`8Puq|
000087A0  40 4A 3B 67 3D 49 2C 73 26 53 51 3F 52 66 5F 59  |@J;g=I,s&SQ?Rf_Y|
000087B0  3F 5A 4F 4B 35 53 74 6D 78 59 54 24 3A 28 28 61  |?ZOK5StmxYT$:((a|
000087C0  53 67 28 37 34 43 63 33 38 73 79 32 5E 41 69 58  |Sg(74Cc38sy2^AiX|
000087D0  42 23 30 2B 73 77 52 5E 7A 39 37 6C 26 68 45 44  |B#0+swR^z97l&hED|
000087E0  52 47 7A 58 3B 42 5E 53 2E 48 72 65 44 44 69 2A  |RGzX;B^S.HreDDi*|
000087F0  6A 71 64 34 63 50 2D 74 23 21 42 64 36 74 66 57  |jqd4cP-t#!Bd6tfW|
00008800  2D 6F 41 54 73 67 42 26 62 4B 32 46 29 4E 31 5F  |-oATsgB&bK2F)N1_|
00008810  5A 62 6C 6C 60 55 53 2B 75 70 64 55 6A 25 65 40  |Zbll`US+updUj%e@|
00008820  24 4B 73 43 59 51 28 59 62 2A 3A 4D 45 70 6D 48  |$KsCYQ(Yb*:MEpmH|
00008830  70 60 75 26 78 4A 2A 74 47 56 58 58 4B 30 6A 39  |p`u&xJ*tGVXXK0j9|
00008840  3A 38 30 75 58 2D 50 6C 6D 77 40 28 44 3D 2A 71  |:80uX-Plmw@(D=*q|
00008850  2A 2C 76 62 5E 7A 6D 4D 26 6A 30 64 23 48 2B 3B  |*,vb^zmM&j0d#H+;|
00008860  37 32 70 79 3A 71 36 63 32 3A 7A 60 30 55 72 76  |72py:q6c2:z`0Urv|
00008870  35 35 4A 62 6C 56 71 6C 35 4D 2A 73 72 79 52 70  |55JblVql5M*sryRp|
00008880  40 52 29 5A 47 74 2F 47 52 5E 36 71 4F 33 70 64  |@R)ZGt/GR^6qO3pd|
00008890  76 36 55 55 28 53 3F 61 43 45 54 58 79 43 32 3B  |v6UU(S?aCETXyC2;|
000088A0  24 3D 58 47 70 79 6D 61 52 78 4F 29 50 54 6F 3E  |$=XGpymaRxO)PTo>|
000088B0  47 60 6E 72 54 3B 24 31 5F 2F 49 61 2E 4D 79 5A  |G`nrT;$1_/Ia.MyZ|
000088C0  6C 68 29 72 6B 4E 29 21 47 62 2B 5F 77 54 65 77  |lh)rkN)!Gb+_wTew|
000088D0  4C 5F 74 3E 25 69 43 61 44 35 3F 2B 32 34 6A 65  |L_t>%iCaD5?+24je|
000088E0  7A 68 35 78 21 63 52 43 2C 3B 2E 24 72 45 34 28  |zh5x!cRC,;.$rE4(|
000088F0  25 46 47 45 6E 48 4B 37 43 2D 65 5E 23 57 68 5A  |%FGEnHK7C-e^#WhZ|
00008900  2F 6A 5E 2E 68 5F 3B 45 2D 2B 7A 61 4C 74 2A 35  |/j^.h_;E-+zaLt*5|
00008910  58 2F 26 53 30 3D 4F 44 58 5F 2B 6E 62 4E 40 31  |X/&S0=ODX_+nbN@1|
00008920  3F 70 60 3E 32 4E 61 26 59 73 75 5A 70 43 68 32  |?p`>2Na&YsuZpCh2|
00008930  25 47 53 3F 2A 43 4A 3A 79 74 3C 2C 24 77 3B 2C  |%GS?*CJ:yt<,$w;,|
00008940  4F 2E 2F 73 30 73 69 31 3A 38 39 6A 34 2C 50 2D  |O./s0si1:89j4,P-|
00008950  6F 3A 77 40 71 77 79 36 78 69 3F 26 57 3B 44 35  |o:w@qwy6xi?&W;D5|
00008960  2A 54 2C 51 37 6B 30 65 53 2C 47 49 3A 4F 49 72  |*T,Q7k0eS,GI:OIr|
00008970  2C 2E 74 63 57 39 2D 6C 3C 47 46 67 66 73 28 55  |,.tcW9-l<GFgfs(U|
00008980  56 4B 6B 42 2A 3E 38 66 4F 66 65 2A 55 34 33 57  |VKkB*>8fOfe*U43W|
00008990  4F 25 36 25 60 4E 58 65 6B 58 44 33 2D 3C 4E 46  |O%6%`NXekXD3-<NF|
000089A0  73 77 69 39 33 56 40 60 64 68 24 54 6F 4F 39 44  |swi93V@`dh$ToO9D|
000089B0  46 4C 76 66 28 28 26 2D 3E 31 40 46 65 79 5F 70  |FLvf((&->1@Fey_p|
000089C0  29 4E 6C 5E 29 79 2F 61 2A 47 40 49 2A 74 3F 71  |)Nl^)y/a*G@I*t?q|
000089D0  51 6E 76 4F 5E 54 55 6C 71 3B 3B 2B 63 66 60 79  |QnvO^TUlq;;+cf`y|
000089E0  35 34 53 34 70 32 36 37 70 21 48 41 4C 52 21 44  |54S4p267p!HALR!D|
000089F0  65 64 57 5F 2F 35 3E 43 23 4A 36 7A 59 74 2E 40  |edW_/5>C#J6zYt.@|
00008A00  6C 3D 65 57 7A 6B 53 65 44 30 24 2F 6F 4C 3F 6D  |l=eWzkSeD0$/oL?m|
00008A10  7A 49 68 48 6B 3B 36 65 70 73 49 6C 65 64 55 5F  |zIhHk;6epsIledU_|
00008A20  56 3B 47 65 59 32 3A 2E 25 30 6B 55 72 40 66 4C  |V;GeY2:.%0kUr@fL|
00008A30  3F 33 5E 68 76 7A 3A 28 50 63 40 71 24 50 2B 54  |?3^hvz:(Pc@q$P+T|
00008A40  2A 35 40 3A 41 24 47 2A 71 75 5F 72 21 30 21 76  |*5@:A$G*qu_r!0!v|
00008A50  29 47 78 68 71 38 5A 55 33 55 4A 4F 3C 2F 32 7A  |)Gxhq8ZU3UJO</2z|
00008A60  43 56 2E 72 6A 52 6F 2C 5F 5F 64 4B 46 67 72 42  |CV.rjRo,__dKFgrB|
00008A70  75 63 28 3E 52 25 2F 6E 7A 3B 53 2B 4C 34 3F 5E  |uc(>R%/nz;S+L4?^|
00008A80  69 6B 55 76 62 4C 40 31 33 4C 5A 3A 39 79 6E 31  |ikUvbL@13LZ:9yn1|
00008A90  54 6A 2A 43 62 62 3F 46 52 79 39 4A 23 6C 67 29  |Tj*Cbb?FRy9J#lg)|
00008AA0  28 26 45 78 69 77 43 61 36 23 3A 53 60 44 2A 47  |(&ExiwCa6#:S`D*G|
00008AB0  75 75 42 42 58 70 6D 69 55 4C 52 28 4E 6C 41 36  |uuBBXpmiULR(NlA6|
00008AC0  70 3D 2B 61 32 35 40 7A 36 6E 73 68 45 2A 2A 35  |p=+a25@z6nshE**5|
00008AD0  24 4C 2B 23 32 68 2D 53 69 74 2F 3D 5A 40 52 41  |$L+#2h-Sit/=Z@RA|
00008AE0  4F 40 75 26 60 68 28 5A 56 5A 40 25 5A 53 50 6C  |O@u&`h(ZVZ@%ZSPl|
00008AF0  4A 43 39 4F 66 75 37 6F 79 29 43 28 57 33 5E 39  |JC9Ofu7oy)C(W3^9|
00008B00  2A 2E 2F 2F 35 44 2C 29 61 40 46 3D 64 4D 56 30  |*.//5D,)a@F=dMV0|
00008B10  4A 55 5E 6E 30 3C 60 3C 57 77 24 54 4F 2F 2E 48  |JU^n0<`<Ww$TO/.H|
00008B20  28 2F 5F 68 41 64 2C 56 6E 23 43 36 2D 64 60 24  |(/_hAd,Vn#C6-d`$|
00008B30  2A 77 24 30 48 6E 57 77 41 60 7A 3A 2A 23 4A 53  |*w$0HnWwA`z:*#JS|
00008B40  67 63 6E 50 67 35 76 37 39 6F 79 67 4B 74 58 6B  |gcnPg5v79oygKtXk|
00008B50  4F 60 60 74 6A 32 6D 3A 33 59 64 48 6F 57 60 6D  |O``tj2m:3YdHoW`m|
00008B60  5E 4C 76 64 30 43 40 48 43 6A 76 41 5E 2B 57 71  |^Lvd0C@HCjvA^+Wq|
00008B70  55 6A 30 50 6D 3A 73 51 43 45 62 3A 35 7A 79 75  |Uj0Pm:sQCEb:5zyu|
00008B80  48 49 26 67 67 31 6B 38 61 2C 32 74 33 47 39 2E  |HI&gg1k8a,2t3G9.|
00008B90  78 78 2A 4A 42 6C 42 69 3E 2B 2D 5F 39 5A 4B 2A  |xx*JBlBi>+-_9ZK*|
00008BA0  39 38 64 4E 2B 77 6D 2C 6B 5A 63 2C 2C 77 2C 62  |98dN+wm,kZc,,w,b|
00008BB0  34 61 3B 69 65 53 2D 60 23 6F 24 66 50 61 5F 40  |4a;ieS-`#o$fPa_@|
00008BC0  6F 60 43 24 57 3B 58 52 2A 36 3E 69 4E 30 3A 3E  |o`C$W;XR*6>iN0:>|
00008BD0  66 59 60 64 62 36 37 44 24 38 26 76 60 33 71 78  |fY`db67D$8&v`3qx|
00008BE0  35 70 4B 63 2D 54 2E 6D 53 78 23 6F 3D 53 2D 44  |5pKc-T.mSx#o=S-D|
00008BF0  51 6F 62 33 4B 6B 38 56 42 4F 4B 73 3A 29 3A 47  |Qob3Kk8VBOKs:):G|
00008C00  2D 4E 25 58 39 64 61 37 6B 62 74 23 4F 4D 60 3A  |-N%X9da7kbt#OM`:|
00008C10  59 2B 74 42 69 37 45 28 40 4A 43 4A 3E 74 65 26  |Y+tBi7E(@JCJ>te&|
00008C20  5E 2A 54 50 48 52 47 34 6E 30 34 30 62 63 37 60  |^*TPHRG4n040bc7`|
00008C30  2A 2E 4C 23 2B 76 29 54 70 3F 79 5F 72 35 65 64  |*.L#+v)Tp?y_r5ed|
00008C40  65 60 49 21 74 66 28 37 37 4A 4A 49 6D 78 26 39  |e`I!tf(77JJImx&9|
00008C50  5F 4B 35 31 35 79 24 39 23 55 56 72 4C 32 30 75  |_K515y$9#UVrL20u|
00008C60  52 29 78 40 6B 4B 45 4D 42 31 4F 59 41 41 50 4A  |R)x@kKEMB1OYAAPJ|
00008C70  74 3C 5E 6C 31 73 58 28 2B 6B 69 70 78 39 63 6A  |t<^l1sX(+kipx9cj|
00008C80  4B 42 3A 2E 3A 78 31 29 48 54 29 63 4B 23 33 4D  |KB:.:x1)HT)cK#3M|
00008C90  2B 64 21 38 66 2E 73 41 4F 6C 38 55 2F 3E 6D 44  |+d!8f.sAOl8U/>mD|
00008CA0  72 41 5E 58 64 39 57 31 6F 67 23 3C 71 5F 6E 51  |rA^Xd9W1og#<q_nQ|
00008CB0  4E 31 65 3D 49 2C 74 7A 69 26 40 59 37 37 46 57  |N1e=I,tzi&@Y77FW|
00008CC0  59 6E 3E 76 65 4A 4F 70 4E 3F 61 6E 6B 3F 3C 66  |Yn>veJOpN?ank?<f|
00008CD0  67 75 77 43 6C 3B 2E 2C 5F 43 6C 4F 61 63 49 3D  |guwCl;.,_ClOacI=|
00008CE0  61 51 30 52 76 5E 6F 54 3F 4E 48 29 73 68 2C 34  |aQ0Rv^oT?NH)sh,4|
00008CF0  4B 6F 5E 2E 68 63 70 48 2C 2B 49 3C 6B 70 3E 37  |Ko^.hcpH,+I<kp>7|
00008D00  70 69 3D 4A 40 59 6E 56 55 61 70 4D 56 43 2E 43  |pi=J@YnVUapMVC.C|
00008D10  26 57 77 59 52 48 4F 47 54 3C 65 6C 78 30 48 60  |&WwYRHOGT<elx0H`|
00008D20  76 5E 70 6A 2A 38 55 43 2A 6D 54 61 2F 47 50 75  |v^pj*8UC*mTa/GPu|
00008D30  3B 72 49 64 45 68 66 49 73 33 45 6E 28 28 57 77  |;rIdEhfIs3En((Ww|
00008D40  70 23 3E 34 7A 50 54 59 36 58 2A 4D 7A 4E 2C 24  |p#>4zPTY6X*MzN,$|
00008D50  65 4A 79 41 42 36 5F 4F 4F 72 71 45 38 71 4F 64  |eJyAB6_OOrqE8qOd|
00008D60  65 39 3A 7A 52 70 2E 2B 65 4B 43 50 7A 2D 78 48  |e9:zRp.+eKCPz-xH|
00008D70  21 49 43 3F 2A 45 74 66 6A 59 71 36 6B 38 6E 76  |!IC?*EtfjYq6k8nv|
00008D80  49 3E 2F 36 6F 2B 6F 46 29 40 4C 62 25 3E 30 3A  |I>/6o+oF)@Lb%>0:|
00008D90  75 37 56 24 61 57 3E 6D 3E 54 28 23 34 2B 2C 49  |u7V$aW>m>T(#4+,I|
00008DA0  2F 3A 61 73 4A 2F 2D 23 5E 34 6D 52 55 33 5F 2D  |/:asJ/-#^4mRU3_-|
00008DB0  41 78 25 34 44 66 76 73 6D 78 23 2B 46 59 41 60  |Ax%4Dfvsmx#+FYA`|
00008DC0  61 48 2F 36 2A 23 37 3E 7A 53 24 21 3C 39 49 79  |aH/6*#7>zS$!<9Iy|
00008DD0  6E 40 40 5A 31 68 54 66 24 38 26 3E 55 38 28 39  |n@@Z1hTf$8&>U8(9|
00008DE0  34 68 74 23 44 45 70 2A 53 33 3D 42 2F 3F 5E 78  |4ht#DEp*S3=B/?^x|
00008DF0  38 52 76 35 3B 2B 4E 75 4B 60 2D 6E 67 76 4C 5F  |8Rv5;+NuK`-ngvL_|
00008E00  2A 49 25 21 51 58 57 52 21 72 73 5A 3C 3B 55 68  |*I%!QXWR!rsZ<;Uh|
00008E10  47 49 56 46 23 6F 2C 56 3E 5E 5A 5A 70 52 4F 63  |GIVF#o,V>^ZZpROc|
00008E20  55 3E 4A 53 6A 47 53 29 2D 42 60 2F 44 61 41 77  |U>JSjGS)-B`/DaAw|
00008E30  6E 30 68 78 4E 4C 70 56 2F 61 53 55 54 79 60 48  |n0hxNLpV/aSUTy`H|
00008E40  70 21 30 2E 28 4F 4A 2E 5A 46 3A 3B 4A 2A 5F 2A  |p!0.(OJ.ZF:;J*_*|
00008E50  6A 2E 2B 6D 72 45 49 4E 35 3C 3F 4B 2D 69 6F 21  |j.+mrEIN5<?K-io!|
00008E60  2A 4F 3B 25 40 6B 6E 44 43 4F 76 64 57 67 63 51  |*O;%@knDCOvdWgcQ|
00008E70  48 3C 70 79 75 62 51 75 4C 58 36 26 43 70 6F 60  |H<pyubQuLX6&Cpo`|
00008E80  29 5A 49 6D 59 41 4E 3C 2F 54 30 36 35 25 3B 77  |)ZImYAN</T065%;w|
00008E90  2C 60 60 36 5E 47 42 39 4A 64 21 39 79 71 2E 5E  |,``6^GB9Jd!9yq.^|
00008EA0  66 74 53 38 42 2A 4B 64 50 29 59 4A 41 50 72 62  |ftS8B*KdP)YJAPrb|
00008EB0  2F 76 31 38 35 77 34 37 51 3A 72 63 54 3F 2B 6F  |/v185w47Q:rcT?+o|
00008EC0  4D 6A 4A 6F 74 29 3C 72 4F 68 2D 73 6F 4A 6B 69  |MjJot)<rOh-soJki|
00008ED0  35 60 63 4B 71 23 4F 49 51 29 7A 40 2C 2A 21 79  |5`cKq#OIQ)z@,*!y|
00008EE0  56 52 42 43 6F 26 21 76 42 74 25 5A 29 4A 74 76  |VRBCo&!vBt%Z)Jtv|
00008EF0  2E 6E 4B 41 21 2C 64 6C 52 63 49 34 6C 77 67 58  |.nKA!,dlRcI4lwgX|
00008F00  64 56 59 4F 74 72 62 70 70 64 7A 31 44 7A 34 6E  |dVYOtrbppdz1Dz4n|
00008F10  72 41 66 60 45 52 4D 6A 25 38 5E 58 71 6A 37 64  |rAf`ERMj%8^Xqj7d|
00008F20  34 64 42 23 39 70 2D 25 77 41 33 4E 50 42 60 25  |4dB#9p-%wA3NPB`%|
00008F30  4B 52 52 5A 2F 3B 48 23 39 2E 48 2F 32 3C 26 79  |KRRZ/;H#9.H/2<&y|
00008F40  43 2F 36 45 69 7A 61 39 68 72 4C 50 66 36 68 4C  |C/6Eiza9hrLPf6hL|
00008F50  4F 62 33 58 6A 3D 29 3C 41 75 65 5A 44 3F 31 73  |Ob3Xj=)<AueZD?1s|
00008F60  47 34 63 4C 33 33 40 54 58 64 34 76 58 5A 71 71  |G4cL33@TXd4vXZqq|
00008F70  50 33 43 5E 61 45 3D 46 25 30 64 58 7A 60 50 3F  |P3C^aE=F%0dXz`P?|
00008F80  65 45 6E 25 38 56 3D 42 4B 7A 4A 62 6F 24 29 32  |eEn%8V=BKzJbo$)2|
00008F90  50 4D 6D 79 6C 6B 67 5A 74 58 44 6B 26 48 47 5A  |PMmylkgZtXDk&HGZ|
00008FA0  6D 4F 6F 36 64 59 70 63 53 5A 3C 68 24 2F 65 25  |mOo6dYpcSZ<h$/e%|
00008FB0  4F 79 75 4A 3B 2A 34 51 2D 48 61 2B 38 5F 56 53  |OyuJ;*4Q-Ha+8_VS|
00008FC0  4E 21 3B 6C 2C 75 63 24 50 58 6B 6B 38 59 57 2B  |N!;l,uc$PXkk8YW+|
00008FD0  6F 36 50 31 6B 49 79 4B 40 46 49 6A 2A 78 61 75  |o6P1kIyK@FIj*xau|
00008FE0  72 61 3D 35 6B 25 31 33 54 53 36 38 66 75 54 6A  |ra=5k%13TS68fuTj|
00008FF0  44 28 6A 3F 30 46 66 68 65 5F 2E 26 28 36 21 72  |D(j?0Ffhe_.&(6!r|
00009000  6F 45 73 43 40 74 37 37 61 78 2C 67 5A 7A 26 50  |oEsC@t77ax,gZz&P|
00009010  30 6F 62 26 64 53 42 71 6B 59 3E 4A 59 60 61 3F  |0ob&dSBqkY>JY`a?|
00009020  2E 74 46 55 76 2D 4F 2A 35 79 21 5F 6E 2E 44 78  |.tFUv-O*5y!_n.Dx|
00009030  3E 36 4B 37 55 78 4E 41 75 21 3A 43 72 30 6D 46  |>6K7UxNAu!:Cr0mF|
00009040  6E 46 37 5A 61 40 50 29 37 33 39 53 71 23 40 3C  |nF7Za@P)739Sq#@<|
00009050  78 64 39 4A 78 51 79 69 5F 32 4E 76 39 44 4B 74  |xd9JxQyi_2Nv9DKt|
00009060  2A 26 5F 39 29 39 2E 6A 2E 4D 5E 3C 75 76 43 74  |*&_9)9.j.M^<uvCt|
00009070  59 75 28 4E 3E 56 3F 71 3F 79 76 3E 5F 58 57 79  |Yu(N>V?q?yv>_XWy|
00009080  4F 30 62 7A 65 3F 5A 79 73 4F 2D 2D 6F 6E 30 2E  |O0bze?ZysO--on0.|
00009090  5F 3A 6F 47 79 5F 2F 2C 5E 25 24 50 78 44 5A 38  |_:oGy_/,^%$PxDZ8|
000090A0  47 24 4F 57 70 33 34 44 58 2B 21 6F 37 6B 24 6E  |G$OWp34DX+!o7k$n|
000090B0  2A 3C 43 51 2F 4E 76 28 6A 50 54 71 52 44 4C 69  |*<CQ/Nv(jPTqRDLi|
000090C0  46 50 3C 44 59 6B 6B 2D 73 68 26 31 2E 45 62 70  |FP<DYkk-sh&1.Ebp|
000090D0  62 46 6C 63 51 5E 3B 6D 24 72 41 42 43 4F 71 63  |bFlcQ^;m$rABCOqc|
000090E0  30 53 3D 7A 43 69 6C 3F 5A 6A 2E 6E 6A 54 53 62  |0S=zCil?Zj.njTSb|
000090F0  34 34 31 68 41 49 30 33 61 5A 31 26 3C 4E 7A 2F  |441hAI03aZ1&<Nz/|
00009100  71 69 51 33 46 57 2C 42 2E 6A 5E 4A 40 6A 47 48  |qiQ3FW,B.j^J@jGH|
00009110  30 2D 2B 3F 68 4F 4D 28 54 73 77 31 34 64 5F 21  |0-+?hOM(Tsw14d_!|
00009120  6A 32 4A 60 46 2A 2A 48 6F 4E 34 5A 2A 5A 64 71  |j2J`F**HoN4Z*Zdq|
00009130  21 75 3C 67 3C 3A 52 37 2D 61 37 5E 29 43 56 75  |!u<g<:R7-a7^)CVu|
00009140  31 71 49 3B 4D 53 29 58 3C 58 55 4B 2C 70 2B 5A  |1qI;MS)X<XUK,p+Z|
00009150  5E 67 69 56 45 79 77 78 5A 78 6D 6E 3A 69 66 6D  |^giVEywxZxmn:ifm|
00009160  64 6B 62 39 2C 6B 75 3C 48 4D 70 6F 2F 6B 63 2E  |dkb9,ku<HMpo/kc.|
00009170  6F 2B 74 77 60 2F 59 36 4C 66 45 53 74 40 2B 37  |o+tw`/Y6LfESt@+7|
00009180  58 6F 30 77 58 6F 66 36 39 63 4E 4A 3A 78 52 39  |Xo0wXof69cNJ:xR9|
00009190  52 37 2D 36 61 41 5F 48 60 43 47 6B 56 58 47 58  |R7-6aA_H`CGkVXGX|
000091A0  6E 65 36 5A 58 77 78 3B 5A 58 24 6E 67 32 2D 55  |ne6ZXwx;ZX$ng2-U|
000091B0  75 28 34 24 34 43 58 72 6A 78 3F 3F 54 58 63 46  |u(4$4CXrjx??TXcF|
000091C0  38 4B 6A 76 53 3A 60 6F 33 67 68 35 5A 46 79 23  |8KjvS:`o3gh5ZFy#|
000091D0  6F 3A 45 4F 53 69 25 57 62 3F 29 55 3A 62 58 47  |o:EOSi%Wb?)U:bXG|
000091E0  2D 4C 54 3D 58 3A 3F 59 59 41 33 36 3B 5E 38 3D  |-LT=X:?YYA36;^8=|
000091F0  63 57 6C 38 24 43 21 6C 53 45 6D 25 2A 77 65 42  |cWl8$C!lSEm%*weB|
00009200  29 77 65 3F 2A 36 2F 65 29 5F 5E 59 21 62 24 78  |)we?*6/e)_^Y!b$x|
00009210  57 4E 4B 56 23 26 6E 5A 71 47 38 79 30 3C 78 42  |WNKV#&nZqG8y0<xB|
00009220  57 5A 5E 43 2B 5E 41 46 3E 59 3C 5F 60 32 78 47  |WZ^C+^AF>Y<_`2xG|
00009230  4F 45 4A 66 5E 74 34 66 5A 73 41 63 28 65 30 54  |OEJf^t4fZsAc(e0T|
00009240  54 50 33 4C 2F 6B 34 59 36 34 56 6D 24 2E 67 44  |TP3L/k4Y64Vm$.gD|
00009250  68 56 70 39 3F 24 3D 5E 26 43 70 33 26 44 29 6C  |hVp9?$=^&Cp3&D)l|
00009260  60 2A 63 63 6A 42 21 54 55 64 60 3D 72 68 2B 6D  |`*ccjB!TUd`=rh+m|
00009270  50 25 63 26 55 4A 6D 52 5F 6A 75 38 70 3A 6E 66  |P%c&UJmR_ju8p:nf|
00009280  79 6E 51 3A 28 3B 56 67 6F 6A 25 42 6D 2D 32 79  |ynQ:(;Vgoj%Bm-2y|
00009290  55 46 34 71 2D 46 5A 3A 69 3C 65 30 6C 23 5A 53  |UF4q-FZ:i<e0l#ZS|
000092A0  40 37 62 6D 51 4F 48 6C 4A 29 49 6F 48 36 71 41  |@7bmQOHlJ)IoH6qA|
000092B0  25 5F 24 2F 74 25 3E 43 34 2F 46 78 4A 44 57 33  |%_$/t%>C4/FxJDW3|
000092C0  6F 53 79 6B 2C 34 37 30 2D 4C 21 3D 6E 3F 3D 73  |oSyk,470-L!=n?=s|
000092D0  75 68 5A 3B 58 73 45 6E 62 4F 6A 62 6C 4D 48 32  |uhZ;XsEnbOjblMH2|
000092E0  3C 58 64 4E 52 70 61 37 21 67 42 31 51 53 37 55  |<XdNRpa7!gB1QS7U|
000092F0  4D 52 51 6A 41 6D 66 31 38 4B 37 21 2E 47 52 66  |MRQjAmf18K7!.GRf|
00009300  2C 48 49 67 56 79 65 28 6C 24 2E 43 2F 76 46 2D  |,HIgVye(l$.C/vF-|
00009310  25 46 30 71 54 72 57 57 29 2A 2D 4E 56 37 74 28  |%F0qTrWW)*-NV7t(|
00009320  5A 54 24 76 5F 26 70 41 68 38 52 3D 6D 6C 76 37  |ZT$v_&pAh8R=mlv7|
00009330  50 58 71 3D 49 74 30 50 33 60 3E 66 71 21 4B 41  |PXq=It0P3`>fq!KA|
00009340  74 66 53 28 6D 4F 37 24 35 2F 47 40 28 6A 56 50  |tfS(mO7$5/G@(jVP|
00009350  65 40 3D 39 6D 65 4C 76 61 21 60 77 4A 56 48 53  |e@=9meLva!`wJVHS|
00009360  62 46 77 28 3E 29 34 3E 33 76 50 54 6E 72 77 3C  |bFw(>)4>3vPTnrw<|
00009370  2F 6A 2D 2E 35 32 36 5A 58 73 47 2F 2A 73 67 3C  |/j-.526ZXsG/*sg<|
00009380  56 75 77 75 42 5E 6A 3F 7A 59 55 6A 68 61 30 53  |VuwuB^j?zYUjha0S|
00009390  43 47 77 34 38 4D 29 67 6E 5E 41 32 46 37 3B 57  |CGw48M)gn^A2F7;W|
000093A0  5F 56 30 75 36 59 41 6E 21 69 28 26 41 79 26 41  |_V0u6YAn!i(&Ay&A|
000093B0  6D 3F 77 21 6C 54 62 65 6E 3E 6F 73 6E 6D 73 59  |m?w!lTben>osnmsY|
000093C0  6A 4A 50 64 54 79 46 3F 61 6D 65 32 4D 3D 37 70  |jJPdTyF?ame2M=7p|
000093D0  3A 36 59 4E 50 58 44 68 54 46 68 46 32 3C 57 4A  |:6YNPXDhTFhF2<WJ|
000093E0  52 2F 2A 52 68 58 2E 2F 5A 4A 52 55 2F 6A 76 60  |R/*RhX./ZJRU/jv`|
000093F0  63 60 62 53 64 34 39 4C 66 28 4B 2E 78 63 26 4F  |c`bSd49Lf(K.xc&O|
00009400  2E 64 6C 3A 43 66 7A 4F 71 3A 2C 36 51 74 37 70  |.dl:CfzOq:,6Qt7p|
00009410  57 61 4E 6C 3B 60 4F 78 49 2A 78 5E 37 53 4F 76  |WaNl;`OxI*x^7SOv|
00009420  32 76 2F 2C 3D 5A 62 4D 49 47 3E 30 2F 44 42 53  |2v/,=ZbMIG>0/DBS|
00009430  61 25 4A 6E 31 6D 3E 4B 26 21 5E 42 4C 48 52 6C  |a%Jn1m>K&!^BLHRl|
00009440  6C 4C 2B 44 67 6B 4C 26 5A 35 64 51 64 29 3B 50  |lL+DgkL&Z5dQd);P|
00009450  6C 45 32 77 40 2C 24 41 2E 3F 6E 5E 7A 7A 28 66  |lE2w@,$A.?n^zz(f|
00009460  4C 48 63 46 2F 4F 35 32 34 2D 2E 39 3F 5F 51 4A  |LHcF/O524-.9?_QJ|
00009470  33 52 6C 51 66 24 3C 41 3B 3B 55 62 31 31 2D 56  |3RlQf$<A;;Ub11-V|
00009480  54 55 6D 3C 35 2A 41 64 44 35 6B 29 25 38 71 4A  |TUm<5*AdD5k)%8qJ|
00009490  3D 41 54 2F 26 63 62 78 36 52 77 6C 2B 65 48 6F  |=AT/&cbx6Rwl+eHo|
000094A0  34 26 52 21 65 41 21 5A 3E 60 37 5E 55 2E 31 2B  |4&R!eA!Z>`7^U.1+|
000094B0  33 62 68 7A 37 42 47 3C 45 3B 59 4A 25 3B 58 49  |3bhz7BG<E;YJ%;XI|
000094C0  3F 21 32 21 71 4F 44 37 40 71 51 62 67 50 51 62  |?!2!qOD7@qQbgPQb|
000094D0  59 35 5F 39 67 2E 68 2C 57 56 3E 4D 33 37 52 62  |Y5_9g.h,WV>M37Rb|
000094E0  42 48 57 47 6D 71 35 3E 23 77 3B 62 42 53 75 6B  |BHWGmq5>#w;bBSuk|
000094F0  76 28 53 3F 69 5A 24 64 78 2D 4F 74 6A 4A 70 3D  |v(S?iZ$dx-OtjJp=|
00009500  3E 25 60 28 78 46 25 30 64 41 35 58 31 49 60 60  |>%`(xF%0dA5X1I``|
00009510  3C 65 4D 21 6A 56 60 74 2A 72 55 5F 4A 39 23 6C  |<eM!jV`t*rU_J9#l|
00009520  47 61 54 30 30 55 3B 57 41 47 47 4A 68 62 6D 5A  |GaT00U;WAGGJhbmZ|
00009530  78 4F 2D 4F 77 46 73 69 5A 4B 26 78 62 78 3C 63  |xO-OwFsiZK&xbx<c|
00009540  29 37 46 64 2E 61 24 49 63 74 5E 4B 67 55 78 49  |)7Fd.a$Ict^KgUxI|
00009550  78 74 73 79 6D 56 72 58 4D 60 74 37 60 2E 62 39  |xtsymVrXM`t7`.b9|
00009560  47 24 67 3B 49 37 30 51 46 4A 45 3E 2E 3B 77 76  |G$g;I70QFJE>.;wv|
00009570  6D 37 51 65 44 2C 5A 3E 78 42 21 53 72 43 23 40  |m7QeD,Z>xB!SrC#@|
00009580  30 51 76 5E 35 70 4D 3D 21 47 33 2F 77 53 25 6A  |0Qv^5pM=!G3/wS%j|
00009590  32 56 75 5A 28 3B 56 69 4D 77 31 60 53 38 36 4F  |2VuZ(;ViMw1`S86O|
000095A0  59 34 26 73 70 26 4F 31 2D 51 31 41 6B 2F 4A 24  |Y4&sp&O1-Q1Ak/J$|
000095B0  5A 54 32 58 32 67 26 2E 25 74 53 26 39 5E 6E 36  |ZT2X2g&.%tS&9^n6|
000095C0  3E 31 47 75 26 67 3E 35 45 71 3E 42 50 62 6A 2E  |>1Gu&g>5Eq>BPbj.|
000095D0  53 3C 50 38 3D 6A 4D 70 78 24 44 59 32 69 39 57  |S<P8=jMpx$DY2i9W|
000095E0  29 51 43 51 6B 30 6A 49 25 67 7A 43 34 36 40 24  |)QCQk0jI%gzC46@$|
000095F0  49 38 25 68 52 4A 36 3E 3A 64 38 4F 78 50 5A 59  |I8%hRJ6>:d8OxPZY|
00009600  76 65 3B 6B 36 79 48 71 6E 78 77 59 4E 55 58 2A  |ve;k6yHqnxwYNUX*|
00009610  43 6A 3F 66 6A 56 56 49 23 39 78 4F 6A 6C 49 41  |Cj?fjVVI#9xOjlIA|
00009620  2F 46 78 3D 4C 48 46 59 29 21 28 4F 49 30 38 73  |/Fx=LHFY)!(OI08s|
00009630  3B 63 4F 3A 4D 64 72 66 4A 47 21 4C 58 2C 5F 38  |;cO:MdrfJG!LX,_8|
00009640  47 42 63 3C 4B 50 3B 35 45 45 78 4F 54 40 23 3D  |GBc<KP;5EExOT@#=|
00009650  76 71 47 75 21 60 26 2E 28 30 64 38 6C 21 40 40  |vqGu!`&.(0d8l!@@|
00009660  30 38 60 5E 2B 50 45 34 55 3F 63 6C 2F 43 30 54  |08`^+PE4U?cl/C0T|
00009670  5A 45 2C 3D 78 74 29 3D 44 45 47 76 76 52 2D 41  |ZE,=xt)=DEGvvR-A|
00009680  62 3A 37 41 44 2B 3F 6C 6C 53 70 64 2F 2C 52 4E  |b:7AD+?llSpd/,RN|
00009690  73 48 34 39 2B 31 68 26 72 67 2F 70 44 6E 30 45  |sH49+1h&rg/pDn0E|
000096A0  5E 3A 71 5A 58 2F 2C 75 28 41 74 67 72 63 4A 3A  |^:qZX/,u(AtgrcJ:|
000096B0  42 46 54 79 4C 74 30 28 32 57 2B 25 76 25 43 35  |BFTyLt0(2W+%v%C5|
000096C0  73 32 5F 44 62 59 28 3E 35 67 3A 4D 42 28 3C 4D  |s2_DbY(>5g:MB(<M|
000096D0  78 29 2D 40 39 4D 65 37 75 25 3C 78 4B 32 66 39  |x)-@9Me7u%<xK2f9|
000096E0  47 63 7A 5E 57 70 4C 71 6C 26 3D 25 77 3B 58 5E  |Gcz^WpLql&=%w;X^|
000096F0  4C 21 7A 65 51 24 39 37 2F 69 38 60 51 66 75 78  |L!zeQ$97/i8`Qfux|
00009700  7A 50 25 4E 30 7A 71 29 29 21 38 4A 4C 78 34 50  |zP%N0zq))!8JLx4P|
00009710  79 55 49 61 28 63 63 30 4C 42 36 62 41 49 30 33  |yUIa(cc0LB6bAI03|
00009720  2D 49 69 2B 45 24 56 3C 3A 40 73 2E 64 69 35 44  |-Ii+E$V<:@s.di5D|
00009730  58 3C 78 42 48 3B 71 50 39 31 73 42 51 63 51 61  |X<xBH;qP91sBQcQa|
00009740  44 58 5E 51 6D 6E 5E 5F 58 6C 2E 2A 76 3B 29 35  |DX^Qmn^_Xl.*v;)5|
00009750  2E 58 33 33 28 69 23 2A 3B 2C 30 45 4F 3E 6B 63  |.X33(i#*;,0EO>kc|
00009760  3D 72 4A 32 40 72 25 38 41 2B 56 76 32 3B 40 47  |=rJ2@r%8A+Vv2;@G|
00009770  43 39 31 2C 67 57 3C 74 23 39 52 76 53 2D 3A 4C  |C91,gW<t#9RvS-:L|
00009780  57 2A 43 4F 38 73 37 35 2B 3E 28 2F 5A 23 2E 6D  |W*CO8s75+>(/Z#.m|
00009790  69 53 4C 4A 70 6C 79 3F 69 50 51 23 56 6E 69 57  |iSLJply?iPQ#VniW|
000097A0  25 37 3B 52 65 77 26 73 6B 58 30 5F 40 6E 6B 52  |%7;Rew&skX0_@nkR|
000097B0  69 5A 3A 73 33 4C 62 36 67 63 50 36 48 66 71 38  |iZ:s3Lb6gcP6Hfq8|
000097C0  41 75 2E 3D 3A 31 49 35 36 58 29 57 57 6E 48 78  |Au.=:1I56X)WWnHx|
000097D0  68 52 60 4E 3E 71 28 7A 77 71 26 70 71 58 79 5E  |hR`N>q(zwq&pqXy^|
000097E0  6F 48 2B 6F 5A 2F 50 4A 21 51 32 43 77 40 33 78  |oH+oZ/PJ!Q2Cw@3x|
000097F0  71 47 76 55 25 34 45 44 5E 35 35 51 33 6C 58 66  |qGvU%4ED^55Q3lXf|
00009800  70 5A 36 45 61 67 5E 54 43 52 2F 36 29 5A 3F 46  |pZ6Eag^TCR/6)Z?F|
00009810  46 47 4F 73 70 3E 33 46 28 67 46 60 4D 60 21 75  |FGOsp>3F(gF`M`!u|
00009820  4A 6A 54 54 74 4E 4A 3F 4F 36 4B 7A 3E 53 24 2C  |JjTTtNJ?O6Kz>S$,|
00009830  29 55 7A 51 2C 35 34 48 3F 23 73 4B 31 40 47 58  |)UzQ,54H?#sK1@GX|
00009840  62 4A 48 24 39 46 64 3A 69 32 6B 3E 42 2C 51 6E  |bJH$9Fd:i2k>B,Qn|
00009850  35 63 3F 3E 78 61 49 73 54 63 6C 65 46 35 56 26  |5c?>xaIsTcleF5V&|
00009860  55 3E 3C 35 25 6D 6B 39 52 6E 5F 40 37 78 73 3E  |U><5%mk9Rn_@7xs>|
00009870  6F 67 28 69 29 50 3C 36 65 72 3A 28 35 4D 46 4A  |og(i)P<6er:(5MFJ|
00009880  32 4A 6D 5E 3D 59 2C 2F 5F 6A 25 50 30 62 4E 55  |2Jm^=Y,/_j%P0bNU|
00009890  3A 21 4D 26 7A 7A 41 46 4C 60 45 71 6C 32 47 61  |:!M&zzAFL`Eql2Ga|
000098A0  63 43 74 26 47 43 4E 6C 58 62 3A 4B 2B 76 24 4B  |cCt&GCNlXb:K+v$K|
000098B0  38 7A 3D 4B 71 39 66 57 37 74 70 2C 31 4A 24 46  |8z=Kq9fW7tp,1J$F|
000098C0  54 25 3E 71 24 67 53 54 4A 42 70 52 3B 48 41 48  |T%>q$gSTJBpR;HAH|
000098D0  66 28 33 67 69 2E 33 32 34 32 79 50 78 5A 75 31  |f(3gi.3242yPxZu1|
000098E0  4F 3D 79 4A 3C 3C 4D 2A 4F 73 52 48 35 5A 25 65  |O=yJ<<M*OsRH5Z%e|
000098F0  69 35 4A 25 52 59 71 3C 3B 3C 2C 4D 6E 3A 31 77  |i5J%RYq<;<,Mn:1w|
00009900  6B 66 4F 60 35 54 78 33 4A 30 38 60 78 79 2F 67  |kfO`5Tx3J08`xy/g|
00009910  76 68 5F 29 67 2D 32 54 7A 6D 2F 35 45 33 5E 3F  |vh_)g-2Tzm/5E3^?|
00009920  68 2C 3D 6C 38 64 72 28 76 35 35 25 48 62 67 25  |h,=l8dr(v55%Hbg%|
00009930  50 5F 4D 64 78 4A 41 4C 6F 71 58 6F 4B 2A 23 4D  |P_MdxJALoqXoK*#M|
00009940  25 64 51 64 67 38 4E 31 78 2D 35 56 6D 3A 64 65  |%dQdg8N1x-5Vm:de|
00009950  59 58 32 2D 58 23 3D 29 37 74 67 57 74 28 2B 52  |YX2-X#=)7tgWt(+R|
00009960  50 4D 6A 49 60 73 41 25 38 6A 35 4B 77 2E 38 61  |PMjI`sA%8j5Kw.8a|
00009970  32 43 55 25 35 33 42 59 68 3B 4D 42 51 60 57 25  |2CU%53BYh;MBQ`W%|
00009980  73 4F 6E 40 37 3D 60 65 59 58 51 44 28 40 42 77  |sOn@7=`eYXQD(@Bw|
00009990  4A 33 39 56 4D 25 6F 5A 3A 55 79 75 7A 6D 5F 75  |J39VM%oZ:Uyuzm_u|
000099A0  72 24 63 36 3A 35 69 67 40 63 29 2A 79 5E 6F 25  |r$c6:5ig@c)*y^o%|
000099B0  21 39 56 4A 76 30 58 2A 49 51 52 70 6C 58 3A 28  |!9VJv0X*IQRplX:(|
000099C0  3B 43 40 33 73 58 60 45 45 2A 56 65 6F 64 3B 62  |;C@3sX`EE*Veod;b|
000099D0  28 7A 69 3A 66 33 55 25 31 29 57 79 4C 4F 43 65  |(zi:f3U%1)WyLOCe|
000099E0  6B 6A 24 40 47 25 46 29 6C 55 41 68 5A 3A 28 40  |kj$@G%F)lUAhZ:(@|
000099F0  6B 64 28 54 50 66 5A 79 40 64 6D 36 51 39 66 2D  |kd(TPfZy@dm6Q9f-|
00009A00  3A 4F 3A 21 35 2D 2D 58 75 37 29 61 33 61 4A 33  |:O:!5--Xu7)a3aJ3|
00009A10  2D 71 2E 64 37 75 76 52 3D 38 42 59 62 29 51 3F  |-q.d7uvR=8BYb)Q?|
00009A20  2F 70 75 58 4E 33 5F 2C 51 48 71 21 51 4F 56 6E  |/puXN3_,QHq!QOVn|
00009A30  56 23 62 5F 2A 24 78 21 2E 62 25 44 2F 50 29 6F  |V#b_*$x!.b%D/P)o|
00009A40  66 3B 24 65 48 2C 48 3D 2F 39 6B 77 39 48 58 2A  |f;$eH,H=/9kw9HX*|
00009A50  6A 72 3C 52 74 25 3B 49 4D 63 2C 61 2A 67 2D 38  |jr<Rt%;IMc,a*g-8|
00009A60  63 65 3D 3E 50 35 21 74 45 30 4C 79 4C 4E 67 4A  |ce=>P5!tE0LyLNgJ|
00009A70  25 49 47 50 5A 2D 34 52 74 45 4C 4C 52 4D 25 6A  |%IGPZ-4RtELLRM%j|
00009A80  52 65 24 63 44 4F 69 3D 28 78 3D 6C 70 58 51 75  |Re$cDOi=(x=lpXQu|
00009A90  6D 29 71 72 4E 3C 60 48 5A 52 5A 50 4C 31 31 4A  |m)qrN<`HZRZPL11J|
00009AA0  31 51 7A 58 5F 39 72 2D 51 51 75 4D 67 70 4E 39  |1QzX_9r-QQuMgpN9|
00009AB0  57 31 21 36 47 54 50 6B 66 79 2B 5E 78 51 46 52  |W1!6GTPkfy+^xQFR|
00009AC0  78 7A 6F 33 6E 6C 70 57 2E 3B 2E 50 64 60 56 49  |xzo3nlpW.;.Pd`VI|
00009AD0  46 21 38 3A 2C 3B 79 72 2D 79 29 4C 4F 76 2E 33  |F!8:,;yr-y)LOv.3|
00009AE0  2E 34 6D 52 64 6C 25 5E 4A 46 52 66 50 50 40 58  |.4mRdl%^JFRfPP@X|
00009AF0  79 6F 42 36 72 75 28 73 67 5A 2E 46 61 64 31 73  |yoB6ru(sgZ.Fad1s|
00009B00  2F 47 70 3A 57 52 2D 56 65 35 39 4A 3A 75 2A 64  |/Gp:WR-Ve59J:u*d|
00009B10  29 4D 4A 5A 3E 4E 6E 26 3F 21 50 3C 39 54 58 36  |)MJZ>Nn&?!P<9TX6|
00009B20  56 3B 48 6E 72 2D 48 52 58 38 6B 2B 4C 47 75 71  |V;Hnr-HRX8k+LGuq|
00009B30  35 32 6F 67 50 50 57 3E 21 76 21 29 25 41 78 29  |52ogPPW>!v!)%Ax)|
00009B40  46 47 3E 65 76 3A 31 74 25 5F 3D 7A 54 41 3C 53  |FG>ev:1t%_=zTA<S|
00009B50  33 34 37 4E 6D 2C 6B 3A 66 4B 40 39 25 23 28 2D  |347Nm,k:fK@9%#(-|
00009B60  37 67 21 21 32 66 2D 31 74 2E 3C 62 61 2B 41 5E  |7g!!2f-1t.<ba+A^|
00009B70  23 76 49 52 46 37 52 6C 55 37 6D 3C 40 65 2F 34  |#vIRF7RlU7m<@e/4|
00009B80  42 4E 65 62 2B 77 6F 45 74 52 70 3D 2A 75 3F 34  |BNeb+woEtRp=*u?4|
00009B90  70 28 77 61 2F 36 57 3C 35 79 25 75 4B 3B 7A 44  |p(wa/6W<5y%uK;zD|
00009BA0  4A 24 35 76 54 35 5A 55 29 74 24 2F 3B 2C 52 2D  |J$5vT5ZU)t$/;,R-|
00009BB0  57 57 55 2C 50 34 6E 2C 79 54 38 79 4D 61 71 58  |WWU,P4n,yT8yMaqX|
00009BC0  4D 6E 44 53 54 63 55 4A 3C 4F 45 3C 41 48 65 59  |MnDSTcUJ<OE<AHeY|
00009BD0  76 45 44 70 33 35 51 32 51 6B 35 6A 2D 23 56 4D  |vEDp35Q2Qk5j-#VM|
00009BE0  53 3C 26 4B 4D 7A 5F 5F 3B 3E 55 60 3C 2F 52 3A  |S<&KMz__;>U`</R:|
00009BF0  36 55 45 38 34 35 3F 35 3D 56 21 6A 75 7A 30 2A  |6UE845?5=V!juz0*|
00009C00  35 60 78 30 59 5E 32 3C 2A 47 41 2C 24 31 4A 71  |5`x0Y^2<*GA,$1Jq|
00009C10  79 74 24 33 54 31 2D 2A 6A 46 39 44 73 45 41 4D  |yt$3T1-*jF9DsEAM|
00009C20  49 68 6B 54 5E 24 67 42 42 46 64 21 77 4A 3A 53  |IhkT^$gBBFd!wJ:S|
00009C30  39 6E 46 44 55 37 73 5A 7A 5E 65 5E 7A 31 60 59  |9nFDU7sZz^e^z1`Y|
00009C40  68 68 38 2B 72 31 69 72 64 40 33 74 2E 77 3A 4E  |hh8+r1ird@3t.w:N|
00009C50  3A 6C 71 37 4A 67 24 43 5E 51 38 29 29 34 24 4C  |:lq7Jg$C^Q8))4$L|
00009C60  36 24 2A 52 6A 2C 36 49 2F 53 72 50 68 68 24 67  |6$*Rj,6I/SrPhh$g|
00009C70  2B 67 29 2E 49 60 74 3C 37 76 56 31 44 73 74 35  |+g).I`t<7vV1Dst5|
00009C80  38 4B 59 4B 6B 30 3A 61 54 6C 4F 4F 45 4A 57 33  |8KYKk0:aTlOOEJW3|
00009C90  31 3C 23 23 43 49 4E 6A 44 6A 70 4A 31 2B 72 4D  |1<##CINjDjpJ1+rM|
00009CA0  3B 24 39 55 4E 74 48 42 49 39 77 2B 64 43 61 78  |;$9UNtHBI9w+dCax|
00009CB0  41 74 74 41 75 46 68 55 57 21 46 54 69 2F 63 3C  |AttAuFhUW!FTi/c<|
00009CC0  2F 55 79 79 4A 6A 6C 45 3D 5A 74 45 46 62 6A 65  |/UyyJjlE=ZtEFbje|
00009CD0  41 23 78 77 2A 52 38 65 2B 60 3E 37 78 59 69 4E  |A#xw*R8e+`>7xYiN|
00009CE0  29 25 54 6B 6F 78 53 39 2E 50 4A 56 7A 44 6E 2C  |)%TkoxS9.PJVzDn,|
00009CF0  40 73 41 52 71 73 6B 67 30 66 5A 51 6D 47 76 41  |@sARqskg0fZQmGvA|
00009D00  77 73 44 3B 69 46 37 74 2A 70 31 4F 50 73 46 3F  |wsD;iF7t*p1OPsF?|
00009D10  42 58 73 49 51 65 33 42 21 45 23 4B 53 7A 34 66  |BXsIQe3B!E#KSz4f|
00009D20  2D 4E 5F 76 49 4F 7A 5A 50 52 60 79 60 46 6C 53  |-N_vIOzZPR`y`FlS|
00009D30  68 62 68 2E 59 73 76 5E 63 46 30 63 57 6A 53 70  |hbh.Ysv^cF0cWjSp|
00009D40  55 6F 61 4D 4A 26 53 54 76 72 47 56 7A 3C 25 78  |UoaMJ&STvrGVz<%x|
00009D50  28 50 31 63 4C 67 53 4D 43 49 71 4E 55 64 64 52  |(P1cLgSMCIqNUddR|
00009D60  4F 6F 74 36 63 71 5E 66 43 36 32 4E 49 30 3A 3E  |Oot6cq^fC62NI0:>|
00009D70  7A 35 5E 29 2C 61 7A 6A 43 56 3B 4D 55 70 56 6C  |z5^),azjCV;MUpVl|
00009D80  4C 3B 49 73 3D 78 2D 53 50 29 3F 78 51 6C 3B 4D  |L;Is=x-SP)?xQl;M|
00009D90  37 6F 5E 4F 6A 25 48 6D 60 6B 53 4C 38 29 5E 32  |7o^Oj%Hm`kSL8)^2|
00009DA0  68 38 41 60 77 3F 7A 57 69 67 64 24 68 4A 4F 49  |h8A`w?zWigd$hJOI|
00009DB0  28 40 55 40 3B 28 6A 44 76 4A 50 63 38 48 30 3A  |(@U@;(jDvJPc8H0:|
00009DC0  55 5E 71 79 58 2A 47 25 52 52 40 60 3A 39 3E 43  |U^qyX*G%RR@`:9>C|
00009DD0  63 42 73 78 2D 2B 45 50 2F 75 4D 3D 59 36 51 37  |cBsx-+EP/uM=Y6Q7|
00009DE0  54 6F 52 24 48 40 48 3B 6A 71 37 56 64 34 71 41  |ToR$H@H;jq7Vd4qA|
00009DF0  2C 50 59 3F 2E 25 52 60 2F 6E 34 54 46 23 4D 2D  |,PY?.%R`/n4TF#M-|
00009E00  70 75 2D 61 23 2D 71 38 2F 33 46 29 61 74 67 45  |pu-a#-q8/3F)atgE|
00009E10  3C 28 77 35 43 77 58 38 4F 25 3C 36 4E 40 4E 48  |<(w5CwX8O%<6N@NH|
00009E20  60 21 29 65 4A 2F 78 42 71 74 46 4D 3A 37 7A 60  |`!)eJ/xBqtFM:7z`|
00009E30  3B 73 79 34 2C 2A 69 62 69 3D 48 42 67 61 6D 2F  |;sy4,*ibi=HBgam/|
00009E40  76 44 24 28 79 49 61 76 61 68 51 25 49 21 49 3F  |vD$(yIavahQ%I!I?|
00009E50  3E 64 30 4F 3E 6B 4F 7A 57 64 39 2F 28 51 64 60  |>d0O>kOzWd9/(Qd`|
00009E60  54 38 51 4E 3E 57 2A 39 78 46 36 31 25 33 33 78  |T8QN>W*9xF61%33x|
00009E70  2C 40 23 6B 3E 50 21 6D 53 36 6B 32 4D 31 4E 38  |,@#k>P!mS6k2M1N8|
00009E80  2B 51 62 62 48 31 2C 51 43 64 32 42 4D 4E 47 6C  |+QbbH1,QCd2BMNGl|
00009E90  4E 21 76 6A 6B 52 64 54 5E 25 33 38 23 2B 64 39  |N!vjkRdT^%38#+d9|
00009EA0  3C 51 77 72 2B 41 33 67 46 79 6E 25 43 52 67 57  |<Qwr+A3gFyn%CRgW|
00009EB0  79 58 51 25 5F 50 50 28 54 28 6C 58 5A 59 4A 26  |yXQ%_PP(T(lXZYJ&|
00009EC0  53 40 3C 25 6F 53 44 4E 5A 32 21 75 4E 35 3C 46  |S@<%oSDNZ2!uN5<F|
00009ED0  52 75 5F 78 5F 5E 41 49 6D 73 3D 7A 44 47 74 3F  |Ru_x_^AIms=zDGt?|
00009EE0  73 6F 62 53 2F 2F 37 2E 53 25 4A 65 3D 6C 55 21  |sobS//7.S%Je=lU!|
00009EF0  52 70 28 43 61 42 45 5F 58 33 65 44 4F 6B 2E 55  |Rp(CaBE_X3eDOk.U|
00009F00  44 31 78 5A 48 3D 72 40 45 39 74 3A 46 39 36 61  |D1xZH=r@E9t:F96a|
00009F10  4D 3F 71 54 72 75 59 56 69 23 4A 65 56 41 71 25  |M?qTruYVi#JeVAq%|
00009F20  6A 4B 58 4F 50 5E 29 64 7A 2F 6E 33 77 37 36 4F  |jKXOP^)dz/n3w76O|
00009F30  21 3B 78 79 62 6C 56 5A 38 73 69 2A 42 72 63 36  |!;xyblVZ8si*Brc6|
00009F40  7A 37 5E 4C 2A 6F 45 6D 23 58 73 65 6A 46 43 35  |z7^L*oEm#XsejFC5|
00009F50  66 59 72 2A 21 73 38 49 65 6E 5F 60 4A 35 4C 5E  |fYr*!s8Ien_`J5L^|
00009F60  78 4B 39 48 4E 6E 77 52 48 6B 26 2A 55 4A 6C 50  |xK9HNnwRHk&*UJlP|
00009F70  4A 36 64 3D 25 6D 2B 44 36 42 73 6B 4F 23 76 67  |J6d=%m+D6BskO#vg|
00009F80  62 2E 75 4F 2E 6C 3D 3E 58 60 4A 6B 73 4C 4A 4E  |b.uO.l=>X`JksLJN|
00009F90  70 29 62 33 72 65 48 50 71 54 72 6E 75 3F 55 6A  |p)b3reHPqTrnu?Uj|
00009FA0  70 49 2C 2B 73 50 6F 79 29 26 52 6D 4C 3C 3D 61  |pI,+sPoy)&RmL<=a|
00009FB0  7A 54 42 69 5E 75 57 65 38 6B 35 36 45 26 30 70  |zTBi^uWe8k56E&0p|
00009FC0  46 2F 4E 3B 59 30 3C 6F 2B 54 4F 6A 52 39 25 59  |F/N;Y0<o+TOjR9%Y|
00009FD0  49 57 43 62 38 33 4C 55 41 42 6B 35 6B 69 3A 5F  |IWCb83LUABk5ki:_|
00009FE0  23 42 2A 47 29 21 4C 36 6F 41 2B 3D 68 33 77 21  |#B*G)!L6oA+=h3w!|
00009FF0  3B 4F 23 73 3A 53 2F 43 79 28 6D 47 3B 4D 5E 4C  |;O#s:S/Cy(mG;M^L|
0000A000  5E 3A 72 2C 66 3B 76 32 3D 5E 6F 29 6C 6E 62 76  |^:r,f;v2=^o)lnbv|
0000A010  71 66 3C 2F 23 72 33 21 4D 28 33 66 5E 66 3B 29  |qf</#r3!M(3f^f;)|
0000A020  46 75 40 6E 31 64 6F 74 2A 69 4E 48 35 62 61 23  |Fu@n1dot*iNH5ba#|
0000A030  52 25 25 46 47 4D 2F 4F 69 71 40 2D 37 6A 74 26  |R%%FGM/Oiq@-7jt&|
0000A040  30 3E 56 3F 29 3F 41 35 67 46 56 46 39 77 79 6D  |0>V?)?A5gFVF9wym|
0000A050  28 2C 5A 72 38 28 54 4B 6B 3A 53 6B 40 3E 71 53  |(,Zr8(TKk:Sk@>qS|
0000A060  6A 4E 3E 4F 40 41 4F 3F 78 28 77 7A 2A 2F 66 3C  |jN>O@AO?x(wz*/f<|
0000A070  4E 64 4E 44 33 30 3B 41 3F 77 41 26 2A 76 6A 2B  |NdND30;A?wA&*vj+|
0000A080  74 74 61 76 3B 46 36 3F 35 68 73 66 5E 62 40 79  |ttav;F6?5hsf^b@y|
0000A090  52 29 31 23 4E 77 6D 5F 3C 5A 2F 3C 4B 44 30 30  |R)1#Nwm_<Z/<KD00|
0000A0A0  23 58 2E 67 72 4D 7A 38 51 3B 37 6C 51 54 6D 73  |#X.grMz8Q;7lQTms|
0000A0B0  35 24 75 62 21 68 33 79 41 78 76 59 3E 45 77 31  |5$ub!h3yAxvY>Ew1|
0000A0C0  4A 33 5A 69 63 2B 52 43 60 6D 71 6D 54 6F 60 24  |J3Zic+RC`mqmTo`$|
0000A0D0  5E 4A 3D 28 39 64 3F 54 6D 28 23 53 62 4C 68 36  |^J=(9d?Tm(#SbLh6|
0000A0E0  4D 35 4E 72 51 72 50 77 64 24 75 26 4D 70 23 77  |M5NrQrPwd$u&Mp#w|
0000A0F0  43 63 66 6A 60 71 25 62 60 59 2E 4D 4D 72 63 74  |Ccfj`q%b`Y.MMrct|
0000A100  44 2C 64 4E 29 40 2E 7A 4A 7A 55 54 3D 46 57 2D  |D,dN)@.zJzUT=FW-|
0000A110  4F 51 29 4A 28 2B 75 4E 72 33 2A 2F 3D 24 4D 58  |OQ)J(+uNr3*/=$MX|
0000A120  42 4F 67 43 2E 77 45 59 5E 21 67 62 40 56 6E 75  |BOgC.wEY^!gb@Vnu|
0000A130  2F 23 62 6F 55 72 6A 76 21 57 2F 42 7A 68 66 3B  |/#boUrjv!W/Bzhf;|
0000A140  31 4F 2E 2A 61 69 2D 50 77 55 71 3A 56 6D 4C 59  |1O.*ai-PwUq:VmLY|
0000A150  70 3A 35 6F 26 61 58 33 37 32 2B 53 68 2E 35 5A  |p:5o&aX372+Sh.5Z|
0000A160  3D 35 58 4C 2B 4A 77 77 79 53 76 28 6F 59 3C 41  |=5XL+JwwySv(oY<A|
0000A170  6C 57 6A 2F 55 41 6E 68 79 66 52 55 38 79 2B 51  |lWj/UAnhyfRU8y+Q|
0000A180  4B 56 28 3D 6B 74 61 30 3A 33 67 6C 57 32 39 47  |KV(=kta0:3glW29G|
0000A190  34 76 2F 2A 4B 5A 3C 52 23 2D 3C 6E 5E 3B 43 60  |4v/*KZ<R#-<n^;C`|
0000A1A0  48 43 54 38 55 2F 2B 3A 69 2B 24 3A 32 58 60 6F  |HCT8U/+:i+$:2X`o|
0000A1B0  7A 3B 59 39 2E 23 45 52 50 32 5F 37 50 38 52 28  |z;Y9.#ERP2_7P8R(|
0000A1C0  36 6D 2A 23 32 4A 46 53 7A 6A 25 66 39 71 50 4F  |6m*#2JFSzj%f9qPO|
0000A1D0  48 64 49 55 2B 58 77 28 61 6A 5E 53 4E 42 79 68  |HdIU+Xw(aj^SNByh|
0000A1E0  25 7A 4E 78 2E 57 2D 6F 3C 72 3C 5E 3E 49 53 35  |%zNx.W-o<r<^>IS5|
0000A1F0  73 2D 46 47 6C 6B 36 30 4F 29 2F 46 35 55 67 64  |s-FGlk60O)/F5Ugd|
0000A200  2F 6C 42 32 76 23 5E 24 2B 4B 63 2B 37 25 77 2C  |/lB2v#^$+Kc+7%w,|
0000A210  50 31 7A 54 52 45 36 46 6F 4B 58 52 28 66 38 37  |P1zTRE6FoKXR(f87|
0000A220  31 4A 74 67 5E 40 39 4D 3C 30 73 58 72 68 72 54  |1Jtg^@9M<0sXrhrT|
0000A230  4D 58 6E 2C 61 41 65 2B 56 5A 75 45 5F 5E 52 28  |MXn,aAe+VZuE_^R(|
0000A240  52 3F 30 38 5F 37 46 4E 4A 68 3B 2B 3A 3D 6D 2A  |R?08_7FNJh;+:=m*|
0000A250  69 21 26 47 75 6B 3F 2E 3D 42 28 47 63 5E 59 56  |i!&Guk?.=B(Gc^YV|
0000A260  4C 68 3F 61 4F 6F 75 43 52 5A 55 6E 2A 55 4E 5E  |Lh?aOouCRZUn*UN^|
0000A270  6D 23 71 73 5E 62 24 32 37 79 4F 24 70 40 5A 5E  |m#qs^b$27yO$p@Z^|
0000A280  54 54 73 34 3A 2F 6D 33 39 62 29 2F 36 39 74 3C  |TTs4:/m39b)/69t<|
0000A290  76 42 55 34 45 47 57 74 38 39 57 75 29 2C 48 3A  |vBU4EGWt89Wu),H:|
0000A2A0  2D 21 68 64 4E 2E 6E 47 2C 38 30 32 29 33 3D 44  |-!hdN.nG,802)3=D|
0000A2B0  74 42 58 70 47 47 3E 32 74 48 29 31 29 52 4F 6D  |tBXpGG>2tH)1)ROm|
0000A2C0  6B 6C 48 3C 3D 75 76 67 72 2D 37 64 73 2A 30 21  |klH<=uvgr-7ds*0!|
0000A2D0  66 70 6A 2B 64 47 28 25 7A 34 2D 6A 37 55 2E 2B  |fpj+dG(%z4-j7U.+|
0000A2E0  68 4A 53 59 6F 4B 60 66 70 4A 21 55 4D 4D 2F 52  |hJSYoK`fpJ!UMM/R|
0000A2F0  7A 25 2C 62 2C 70 49 59 76 6F 64 4D 60 59 71 38  |z%,b,pIYvodM`Yq8|
0000A300  6F 78 3A 51 40 73 6E 79 6A 77 4D 34 5F 6B 6A 62  |ox:Q@snyjwM4_kjb|
0000A310  3F 34 78 73 3A 25 46 47 78 3C 72 3F 66 34 79 48  |?4xs:%FGx<r?f4yH|
0000A320  56 37 73 34 77 34 4C 23 6D 65 55 32 46 2D 38 2B  |V7s4w4L#meU2F-8+|
0000A330  63 69 37 21 3F 78 3B 3C 2E 2A 4D 3A 7A 4D 3E 47  |ci7!?x;<.*M:zM>G|
0000A340  69 6B 4D 4D 79 35 78 33 61 79 2D 71 2C 39 5E 4C  |ikMMy5x3ay-q,9^L|
0000A350  4F 25 3C 79 21 6F 69 21 77 68 51 53 45 42 79 31  |O%<y!oi!whQSEBy1|
0000A360  25 3C 34 37 45 53 6D 71 6B 45 79 74 77 79 73 76  |%<47ESmqkEytwysv|
0000A370  72 75 4B 3E 2E 4D 55 52 78 2A 25 49 4D 55 43 4E  |ruK>.MURx*%IMUCN|
0000A380  2B 2C 4B 73 77 37 48 73 50 47 21 71 5E 32 2F 36  |+,Ksw7HsPG!q^2/6|
0000A390  31 56 5E 53 75 71 7A 72 57 6D 52 4A 54 31 2A 61  |1V^SuqzrWmRJT1*a|
0000A3A0  70 3B 56 64 3C 3B 70 43 58 46 6D 4E 79 77 3D 54  |p;Vd<;pCXFmNyw=T|
0000A3B0  78 2B 48 26 2D 57 5F 67 5A 6D 2A 73 23 71 4F 2E  |x+H&-W_gZm*s#qO.|
0000A3C0  32 75 74 58 60 35 3D 36 47 69 51 3E 45 28 69 69  |2utX`5=6GiQ>E(ii|
0000A3D0  66 39 70 4E 43 36 3D 3D 2D 47 51 6F 28 41 31 3C  |f9pNC6==-GQo(A1<|
0000A3E0  3B 3B 3A 5A 67 3C 29 3D 58 64 5E 69 39 55 2D 42  |;;:Zg<)=Xd^i9U-B|
0000A3F0  3F 54 2A 73 3E 39 45 5F 2A 60 6C 73 72 2E 50 2C  |?T*s>9E_*`lsr.P,|
0000A400  57 52 58 67 62 3B 31 60 45 59 77 6A 6E 58 21 44  |WRXgb;1`EYwjnX!D|
0000A410  57 74 40 29 70 55 29 6F 51 3E 67 4B 28 62 2D 3B  |Wt@)pU)oQ>gK(b-;|
0000A420  38 53 52 43 70 46 52 25 60 4D 77 69 30 38 39 67  |8SRCpFR%`Mwi089g|
0000A430  68 31 4F 3B 60 26 55 49 2C 78 4F 4C 4A 6D 76 5E  |h1O;`&UI,xOLJmv^|
0000A440  56 6A 26 6E 73 5E 31 68 4B 63 7A 69 4F 54 3B 67  |Vj&ns^1hKcziOT;g|
0000A450  53 71 29 79 30 52 78 3E 4D 4E 39 64 6A 55 40 3E  |Sq)y0Rx>MN9djU@>|
0000A460  33 4E 52 56 23 59 43 73 28 42 64 41 29 30 37 6D  |3NRV#YCs(BdA)07m|
0000A470  56 76 40 39 6E 7A 76 4D 65 4A 61 53 4B 73 25 35  |Vv@9nzvMeJaSKs%5|
0000A480  29 73 2B 2D 62 43 6A 4B 4F 3A 3B 3D 49 31 62 3A  |)s+-bCjKO:;=I1b:|
0000A490  54 6A 40 78 6D 3C 6A 54 55 3E 38 4B 70 70 2B 66  |Tj@xm<jTU>8Kpp+f|
0000A4A0  53 25 5E 3B 49 49 6B 6D 4E 76 57 7A 65 36 42 66  |S%^;IIkmNvWze6Bf|
0000A4B0  52 42 6A 64 3C 54 42 47 78 26 6D 6D 77 42 72 44  |RBjd<TBGx&mmwBrD|
0000A4C0  34 4E 2C 2F 42 75 43 3D 4E 4E 68 30 32 2D 6A 6E  |4N,/BuC=NNh02-jn|
0000A4D0  73 5E 75 2E 51 6E 4B 77 55 6D 24 53 68 32 32 4A  |s^u.QnKwUm$Sh22J|
0000A4E0  63 48 23 55 33 59 67 3E 42 2A 40 2C 71 2C 60 5A  |cH#U3Yg>B*@,q,`Z|
0000A4F0  54 53 37 73 76 40 5A 2D 2B 70 35 60 24 28 65 51  |TS7sv@Z-+p5`$(eQ|
0000A500  63 70 3E 60 39 47 46 21 2A 3E 39 74 3D 70 72 31  |cp>`9GF!*>9t=pr1|
0000A510  6C 77 6D 68 2B 3E 2C 36 4C 39 4D 4C 60 29 5E 39  |lwmh+>,6L9ML`)^9|
0000A520  3E 31 50 54 75 69 60 5A 63 70 4E 6A 24 5F 69 4C  |>1PTui`ZcpNj$_iL|
0000A530  38 51 6B 23 50 54 4B 58 62 6E 3B 30 4A 41 64 57  |8Qk#PTKXbn;0JAdW|
0000A540  51 33 66 76 52 7A 3E 29 59 4B 2B 55 6E 57 40 48  |Q3fvRz>)YK+UnW@H|
0000A550  33 62 23 2D 2F 36 31 45 38 21 58 2F 51 77 54 42  |3b#-/61E8!X/QwTB|
0000A560  37 5A 43 7A 6F 6F 2D 45 67 35 38 60 59 60 60 32  |7ZCzoo-Eg58`Y``2|
0000A570  6B 51 61 2C 62 57 23 49 58 3E 28 4E 3B 30 60 3C  |kQa,bW#IX>(N;0`<|
0000A580  42 76 2D 4E 32 47 3D 59 3C 6F 49 2C 53 78 5F 51  |Bv-N2G=Y<oI,Sx_Q|
0000A590  5E 71 26 65 46 3A 28 48 31 24 36 72 32 68 4C 72  |^q&eF:(H1$6r2hLr|
0000A5A0  43 4D 55 25 66 2B 45 4A 3D 74 49 45 50 53 33 67  |CMU%f+EJ=tIEPS3g|
0000A5B0  75 33 2C 48 2B 32 50 23 39 43 39 29 51 32 7A 30  |u3,H+2P#9C9)Q2z0|
0000A5C0  38 59 2F 37 31 54 32 4F 71 59 2D 29 2A 69 3C 39  |8Y/71T2OqY-)*i<9|
0000A5D0  59 72 28 50 52 21 6B 44 55 2C 53 77 33 70 2E 4C  |Yr(PR!kDU,Sw3p.L|
0000A5E0  3E 6F 3D 32 3C 6E 6E 4E 60 46 78 4D 33 46 45 6F  |>o=2<nnN`FxM3FEo|
0000A5F0  47 62 49 78 32 4A 35 36 4F 32 2B 63 4C 3D 4D 55  |GbIx2J56O2+cL=MU|
0000A600  3A 6D 3B 21 6D 60 34 6A 45 4C 74 5A 55 38 39 51  |:m;!m`4jELtZU89Q|
0000A610  2C 52 40 34 5A 4A 76 6E 57 3A 4A 25 6D 55 21 61  |,R@4ZJvnW:J%mU!a|
0000A620  69 30 41 41 72 5F 24 48 40 49 31 3A 21 48 4E 65  |i0AAr_$H@I1:!HNe|
0000A630  76 21 56 25 26 23 21 2D 40 58 2F 36 4D 75 6F 5E  |v!V%&#!-@X/6Muo^|
0000A640  6E 40 6E 4E 2C 6B 7A 54 44 2B 3C 2E 54 78 43 55  |n@nN,kzTD+<.TxCU|
0000A650  47 4B 70 70 3D 76 63 4F 42 6D 65 5E 35 43 58 41  |GKpp=vcOBme^5CXA|
0000A660  52 2F 62 39 28 64 64 5A 58 37 3B 4E 58 51 24 40  |R/b9(ddZX7;NXQ$@|
0000A670  45 76 63 2B 41 55 57 50 41 2F 34 2A 3E 2F 53 41  |Evc+AUWPA/4*>/SA|
0000A680  78 53 65 23 57 29 76 30 67 3B 69 38 3A 69 55 21  |xSe#W)v0g;i8:iU!|
0000A690  69 3A 59 46 6C 28 45 28 51 3A 65 41 2C 49 2B 79  |i:YFl(E(Q:eA,I+y|
0000A6A0  4F 4E 3E 2A 3A 6B 30 32 32 26 23 28 50 56 56 34  |ON>*:k022&#(PVV4|
0000A6B0  4F 3A 31 75 5E 42 25 71 30 56 3B 79 2D 51 4D 31  |O:1u^B%q0V;y-QM1|
0000A6C0  2C 73 6E 70 4A 43 21 49 24 50 5E 6E 52 59 36 4A  |,snpJC!I$P^nRY6J|
0000A6D0  30 6C 4C 53 34 75 2D 62 67 33 2C 21 43 72 46 69  |0lLS4u-bg3,!CrFi|
0000A6E0  2D 4D 2A 77 58 3B 6E 4C 25 55 4C 60 61 6A 24 59  |-M*wX;nL%UL`aj$Y|
0000A6F0  2B 54 62 42 4E 5E 4C 6B 63 24 26 55 2A 26 79 29  |+TbBN^Lkc$&U*&y)|
0000A700  6D 60 24 2A 61 49 68 70 49 47 38 6D 23 2A 4D 32  |m`$*aIhpIG8m#*M2|
0000A710  50 4E 53 25 55 7A 60 46 6C 4A 32 3B 3C 57 30 6A  |PNS%Uz`FlJ2;<W0j|
0000A720  48 39 66 28 28 3C 6E 7A 25 44 60 44 3D 6F 69 38  |H9f((<nz%D`D=oi8|
0000A730  4F 37 50 4C 29 65 45 2C 57 4A 56 6B 6E 3D 63 61  |O7PL)eE,WJVkn=ca|
0000A740  42 2E 74 57 4F 25 6A 76 73 47 67 6E 39 48 2F 4B  |B.tWO%jvsGgn9H/K|
0000A750  2D 76 40 52 56 72 50 24 72 4A 4C 3F 2B 6D 44 24  |-v@RVrP$rJL?+mD$|
0000A760  76 32 41 79 5F 52 62 45 66 55 64 4E 32 2F 4C 59  |v2Ay_RbEfUdN2/LY|
0000A770  21 72 6A 68 5A 52 59 21 36 53 78 4D 6D 43 5A 23  |!rjhZRY!6SxMmCZ#|
0000A780  57 5E 2C 2B 34 42 58 25 65 74 6E 5A 63 25 44 32  |W^,+4BX%etnZc%D2|
0000A790  32 51 24 43 33 60 4D 72 28 64 52 66 5F 37 55 58  |2Q$C3`Mr(dRf_7UX|
0000A7A0  48 50 64 6F 6E 2A 37 77 2A 43 54 59 6B 77 41 68  |HPdon*7w*CTYkwAh|
0000A7B0  4E 37 51 25 72 39 70 57 62 35 6B 57 38 3B 62 30  |N7Q%r9pWb5kW8;b0|
0000A7C0  48 3E 34 3A 69 59 79 4A 48 2B 78 6F 32 4B 2C 6B  |H>4:iYyJH+xo2K,k|
0000A7D0  70 2E 71 52 75 51 58 29 6C 2E 48 6A 78 59 3F 68  |p.qRuQX)l.HjxY?h|
0000A7E0  72 2C 3E 74 36 4D 30 59 28 57 6A 37 35 33 40 5F  |r,>t6M0Y(Wj753@_|
0000A7F0  4E 6E 5F 74 41 29 42 47 38 69 66 2F 4D 44 2C 2C  |Nn_tA)BG8if/MD,,|
0000A800  50 33 5A 36 3A 41 64 3E 68 54 60 46 6D 36 6B 68  |P3Z6:Ad>hT`Fm6kh|
0000A810  73 2E 29 64 5E 62 76 3E 71 25 71 6C 4D 6A 72 77  |s.)d^bv>q%qlMjrw|
0000A820  69 46 36 26 2A 4E 4C 69 3F 47 3F 65 56 42 45 21  |iF6&*NLi?G?eVBE!|
0000A830  41 4B 6C 4F 72 2F 46 2D 51 58 2A 51 69 75 44 4E  |AKlOr/F-QX*QiuDN|
0000A840  3E 46 54 31 41 4B 4F 3B 2E 37 50 53 76 25 4D 32  |>FT1AKO;.7PSv%M2|
0000A850  21 65 59 69 74 6D 65 6A 2B 61 6B 34 46 70 74 74  |!eYitmej+ak4Fptt|
0000A860  55 24 34 78 66 3E 4E 47 25 71 4A 6E 7A 3A 2B 6B  |U$4xf>NG%qJnz:+k|
0000A870  38 44 36 67 5E 45 61 70 74 4D 49 69 50 79 3E 73  |8D6g^EaptMIiPy>s|
0000A880  7A 53 76 59 6C 4E 66 6B 4F 50 6D 64 69 21 3B 45  |zSvYlNfkOPmdi!;E|
0000A890  67 5E 38 49 46 49 66 57 3D 35 32 2B 4B 6D 2A 76  |g^8IFIfW=52+Km*v|
0000A8A0  6B 79 52 31 6A 3B 52 32 73 6B 2A 78 3C 28 46 38  |kyR1j;R2sk*x<(F8|
0000A8B0  34 54 56 43 3D 55 38 6F 75 37 62 73 67 46 6F 41  |4TVC=U8ou7bsgFoA|
0000A8C0  6C 3E 28 44 6D 70 5A 42 5A 49 2E 31 6A 48 46 4E  |l>(DmpZBZI.1jHFN|
0000A8D0  75 66 59 32 49 32 3F 34 4B 54 2C 46 2A 79 68 21  |ufY2I2?4KT,F*yh!|
0000A8E0  5A 45 5E 33 6A 49 4D 53 4E 4E 70 28 4D 75 36 74  |ZE^3jIMSNNp(Mu6t|
0000A8F0  52 4C 74 32 37 74 71 5F 28 65 3E 28 6E 6B 64 6A  |RLt27tq_(e>(nkdj|
0000A900  3A 55 59 5A 4D 6A 46 72 31 43 6C 69 25 49 77 75  |:UYZMjFr1Cli%Iwu|
0000A910  55 41 67 33 29 26 59 48 73 5F 46 32 4D 4F 30 78  |UAg3)&YHs_F2MO0x|
0000A920  3E 59 64 67 46 70 6E 6D 73 42 5F 6F 59 41 50 26  |>YdgFpnmsB_oYAP&|
0000A930  3E 63 70 3C 3D 56 61 35 4E 38 66 3B 64 2F 58 2C  |>cp<=Va5N8f;d/X,|
0000A940  71 74 6C 35 53 60 37 55 56 4B 62 50 2D 4D 52 64  |qtl5S`7UVKbP-MRd|
0000A950  5E 48 2B 63 5E 55 77 35 72 48 50 70 34 26 50 30  |^H+c^Uw5rHPp4&P0|
0000A960  77 2A 4C 21 74 79 53 48 40 52 43 40 79 35 56 53  |w*L!tySH@RC@y5VS|
0000A970  3A 6E 33 29 5F 4D 6E 42 3E 26 61 44 37 4A 67 2F  |:n3)_MnB>&aD7Jg/|
0000A980  3A 77 4E 36 35 3B 3D 58 3A 48 4D 55 34 3A 39 70  |:wN65;=X:HMU4:9p|
0000A990  6E 3B 6E 3C 6A 53 79 45 52 71 54 2E 2C 65 21 6F  |n;n<jSyERqT.,e!o|
0000A9A0  46 3E 3D 61 6B 43 66 48 37 69 45 71 68 23 77 66  |F>=akCfH7iEqh#wf|
0000A9B0  66 48 47 3F 63 39 44 2B 4A 2F 6B 4D 39 64 2B 67  |fHG?c9D+J/kM9d+g|
0000A9C0  2E 35 25 3F 7A 43 3D 34 33 63 57 60 3D 55 2D 23  |.5%?zC=43cW`=U-#|
0000A9D0  68 53 63 5F 75 72 3F 25 26 4A 59 6D 79 45 2A 56  |hSc_ur?%&JYmyE*V|
0000A9E0  53 65 25 2B 40 4C 6D 2B 2F 39 51 61 44 46 4A 2D  |Se%+@Lm+/9QaDFJ-|
0000A9F0  25 6B 74 34 5E 62 6E 58 45 75 4D 77 3F 54 33 40  |%kt4^bnXEuMw?T3@|
0000AA00  43 55 48 6C 3D 34 39 29 48 75 29 6D 64 2B 4F 69  |CUHl=49)Hu)md+Oi|
0000AA10  2F 57 41 32 43 4E 60 57 29 2B 4F 40 21 72 46 5A  |/WA2CN`W)+O@!rFZ|
0000AA20  47 34 74 3F 2B 31 28 28 35 3E 55 72 63 36 65 78  |G4t?+1((5>Urc6ex|
0000AA30  28 21 7A 55 69 62 41 6B 34 52 65 37 4C 43 71 68  |(!zUibAk4Re7LCqh|
0000AA40  54 3F 59 59 67 6E 68 65 49 52 6C 3C 21 79 42 41  |T?YYgnheIRl<!yBA|
0000AA50  28 57 2A 3D 3E 71 37 57 78 69 68 3B 40 4A 5A 6F  |(W*=>q7Wxih;@JZo|
0000AA60  31 5F 72 77 48 3D 46 54 32 30 4D 2C 3A 43 79 25  |1_rwH=FT20M,:Cy%|
0000AA70  60 37 6C 63 35 7A 65 53 30 74 3A 6C 5E 74 71 68  |`7lc5zeS0t:l^tqh|
0000AA80  71 48 44 79 3D 67 2B 37 6D 66 53 6D 3C 41 7A 58  |qHDy=g+7mfSm<AzX|
0000AA90  5E 76 29 6E 25 3E 23 73 3A 62 3D 75 6F 2E 52 6B  |^v)n%>#s:b=uo.Rk|
0000AAA0  76 6B 30 3A 66 64 37 60 3C 75 33 60 4C 61 6A 33  |vk0:fd7`<u3`Laj3|
0000AAB0  64 6D 6F 2D 31 21 68 6D 3D 73 25 48 3C 2C 79 4E  |dmo-1!hm=s%H<,yN|
0000AAC0  4D 6B 68 41 38 29 40 77 4C 56 37 36 59 50 62 45  |MkhA8)@wLV76YPbE|
0000AAD0  43 57 49 50 40 6A 4F 36 75 4A 59 2B 79 21 61 3B  |CWIP@jO6uJY+y!a;|
0000AAE0  71 71 3D 54 55 43 60 52 37 49 64 3A 4E 78 7A 31  |qq=TUC`R7Id:Nxz1|
0000AAF0  32 4F 2E 3D 45 77 4A 26 43 59 42 42 5A 26 73 5E  |2O.=EwJ&CYBBZ&s^|
0000AB00  70 21 6F 3C 55 58 79 47 2E 70 4D 62 6A 31 77 57  |p!o<UXyG.pMbj1wW|
0000AB10  69 47 2B 44 6F 51 71 56 4F 60 2E 4F 68 55 44 72  |iG+DoQqVO`.OhUDr|
0000AB20  66 38 7A 28 6D 53 2D 62 72 79 58 34 3F 3A 75 70  |f8z(mS-bryX4?:up|
0000AB30  73 69 37 4E 77 3A 45 58 2B 57 44 32 51 44 3D 4E  |si7Nw:EX+WD2QD=N|
0000AB40  6E 44 5F 6C 6C 57 4A 40 36 6A 4E 6F 26 2E 26 73  |nD_llWJ@6jNo&.&s|
0000AB50  4B 31 47 33 42 2E 35 65 46 6B 7A 23 2F 64 4C 3C  |K1G3B.5eFkz#/dL<|
0000AB60  62 32 41 76 78 63 2F 33 2A 2F 45 4D 35 5F 58 71  |b2Avxc/3*/EM5_Xq|
0000AB70  51 72 34 42 76 78 21 2A 4F 33 55 4B 29 69 73 68  |Qr4Bvx!*O3UK)ish|
0000AB80  37 4F 61 54 5A 43 36 50 3D 31 55 3C 57 63 53 6C  |7OaTZC6P=1U<WcSl|
0000AB90  42 39 53 25 37 77 65 41 4D 59 63 2B 3D 26 76 40  |B9S%7weAMYc+=&v@|
0000ABA0  39 68 23 6C 2E 4E 4B 53 73 36 25 33 62 6D 4D 74  |9h#l.NKSs6%3bmMt|
0000ABB0  5A 4A 40 29 60 4C 66 6F 2C 6F 7A 5E 53 48 38 7A  |ZJ@)`Lfo,oz^SH8z|
0000ABC0  45 76 23 2D 4C 52 4E 67 2A 5F 33 46 37 55 64 4E  |Ev#-LRNg*_3F7UdN|
0000ABD0  56 5A 2A 2B 77 53 56 70 6E 32 43 66 62 6D 3C 45  |VZ*+wSVpn2Cfbm<E|
0000ABE0  52 43 44 40 2C 53 6A 45 54 6F 49 43 2F 39 63 6B  |RCD@,SjEToIC/9ck|
0000ABF0  41 2A 59 2E 51 6B 77 52 58 3E 67 62 21 2F 50 3E  |A*Y.QkwRX>gb!/P>|
0000AC00  5F 37 31 23 76 43 4E 72 5F 60 41 53 25 73 3F 5F  |_71#vCNr_`AS%s?_|
0000AC10  76 4F 26 21 6C 73 2E 53 4D 23 29 32 2C 41 7A 28  |vO&!ls.SM#)2,Az(|
0000AC20  78 35 30 3F 5A 26 34 58 43 67 5E 4C 64 46 50 56  |x50?Z&4XCg^LdFPV|
0000AC30  50 45 3C 5A 6D 33 53 58 4E 35 5F 3D 76 74 6F 4A  |PE<Zm3SXN5_=vtoJ|
0000AC40  7A 76 6D 2F 3E 79 77 78 26 3D 51 3E 3C 37 55 6E  |zvm/>ywx&=Q><7Un|
0000AC50  58 6E 26 63 34 75 68 50 23 72 56 72 23 34 51 56  |Xn&c4uhP#rVr#4QV|
0000AC60  63 3A 28 3A 45 77 71 3B 40 43 25 46 28 3E 4B 4F  |c:(:Ewq;@C%F(>KO|
0000AC70  46 31 67 48 4C 50 76 6E 75 52 67 51 42 3A 65 76  |F1gHLPvnuRgQB:ev|
0000AC80  3C 2B 79 30 54 51 57 46 5E 69 34 53 79 38 4D 26  |<+y0TQWF^i4Sy8M&|
0000AC90  35 3F 29 4D 68 33 40 31 62 65 46 40 75 42 6B 77  |5?)Mh3@1beF@uBkw|
0000ACA0  3F 67 61 31 53 4D 40 51 39 45 21 2A 34 2E 31 2C  |?ga1SM@Q9E!*4.1,|
0000ACB0  54 28 2F 6A 59 79 45 62 5A 39 34 62 76 3D 3F 25  |T(/jYyEbZ94bv=?%|
0000ACC0  2B 23 5A 72 67 47 38 66 48 66 47 74 58 6F 60 58  |+#ZrgG8fHfGtXo`X|
0000ACD0  4F 5A 53 55 6D 2A 26 78 3C 5A 5F 23 43 21 75 6C  |OZSUm*&x<Z_#C!ul|
0000ACE0  67 46 48 33 74 42 3B 31 66 2B 32 2C 5F 38 23 5A  |gFH3tB;1f+2,_8#Z|
0000ACF0  48 63 21 66 35 2D 26 6B 62 7A 54 23 62 5E 77 41  |Hc!f5-&kbzT#b^wA|
0000AD00  2C 7A 3C 36 2F 72 71 3C 52 31 40 6B 56 3E 48 6F  |,z<6/rq<R1@kV>Ho|
0000AD10  72 68 52 39 68 4B 37 63 62 76 7A 69 6A 75 5E 25  |rhR9hK7cbvziju^%|
0000AD20  59 4A 4B 4E 75 6A 49 23 55 64 41 4E 3D 39 33 62  |YJKNujI#UdAN=93b|
0000AD30  6F 4C 4D 62 69 2C 55 21 43 66 79 6F 57 52 53 25  |oLMbi,U!CfyoWRS%|
0000AD40  2E 37 54 41 25 32 26 33 21 44 57 58 44 5F 73 6A  |.7TA%2&3!DWXD_sj|
0000AD50  3B 5A 53 49 46 4B 3A 59 40 49 37 46 44 43 35 2E  |;ZSIFK:Y@I7FDC5.|
0000AD60  2A 69 2A 62 63 54 67 26 31 6C 56 28 38 44 67 4D  |*i*bcTg&1lV(8DgM|
0000AD70  69 58 6A 2B 73 55 45 66 57 6D 6F 63 68 51 73 54  |iXj+sUEfWmochQsT|
0000AD80  3F 4B 21 64 78 28 64 4C 3C 25 52 79 4B 43 57 3D  |?K!dx(dL<%RyKCW=|
0000AD90  47 35 35 73 53 68 61 36 74 45 6E 4B 3D 79 39 35  |G55sSha6tEnK=y95|
0000ADA0  6C 52 2A 6E 66 72 54 68 46 48 34 75 28 51 75 53  |lR*nfrThFH4u(QuS|
0000ADB0  66 2B 48 6C 79 42 30 5E 2F 2A 69 42 3A 35 33 7A  |f+HlyB0^/*iB:53z|
0000ADC0  6D 68 43 76 2C 74 5F 3C 2D 77 6E 68 30 26 3E 29  |mhCv,t_<-wnh0&>)|
0000ADD0  24 53 28 30 66 62 21 56 69 53 55 66 74 4C 46 49  |$S(0fb!ViSUftLFI|
0000ADE0  6D 57 6B 40 41 54 7A 4B 64 7A 73 4C 47 50 47 6C  |mWk@ATzKdzsLGPGl|
0000ADF0  26 2F 4A 79 47 41 5F 68 73 4F 73 23 79 3D 59 60  |&/JyGA_hsOs#y=Y`|
0000AE00  3F 3D 79 6F 5A 54 35 2A 74 51 70 2F 36 79 5F 39  |?=yoZT5*tQp/6y_9|
0000AE10  21 6D 2B 4C 39 3A 31 6D 2A 47 38 47 48 65 51 31  |!m+L9:1m*G8GHeQ1|
0000AE20  78 5F 51 71 3C 40 59 44 46 32 70 33 31 23 38 51  |x_Qq<@YDF2p31#8Q|
0000AE30  6E 51 6F 73 25 33 23 2D 69 35 40 70 51 4B 49 21  |nQos%3#-i5@pQKI!|
0000AE40  54 3B 74 4B 2C 38 3D 4B 79 53 31 3E 63 4D 72 3B  |T;tK,8=KyS1>cMr;|
0000AE50  58 25 53 46 47 50 2D 75 5A 74 2C 28 6F 4A 5A 45  |X%SFGP-uZt,(oJZE|
0000AE60  45 45 38 2F 23 62 75 2D 35 55 36 43 32 39 6F 47  |EE8/#bu-5U6C29oG|
0000AE70  6B 78 45 3F 28 33 66 48 29 76 56 6B 5F 2E 60 64  |kxE?(3fH)vVk_.`d|
0000AE80  48 51 7A 40 35 41 35 2D 5E 35 3A 2F 2D 24 72 3C  |HQz@5A5-^5:/-$r<|
0000AE90  21 4C 24 48 4B 21 59 74 35 4C 33 39 30 45 26 68  |!L$HK!Yt5L390E&h|
0000AEA0  5E 31 23 69 6C 7A 35 4F 4C 63 29 76 2C 36 45 34  |^1#ilz5OLc)v,6E4|
0000AEB0  23 2C 6A 6F 66 2F 43 44 71 37 63 78 2E 51 6D 2F  |#,jof/CDq7cx.Qm/|
0000AEC0  7A 5E 2E 6E 64 2C 78 4C 52 24 31 2D 57 62 46 6E  |z^.nd,xLR$1-WbFn|
0000AED0  28 25 4F 75 75 6B 4E 45 2C 64 54 32 4B 23 31 30  |(%OuukNE,dT2K#10|
0000AEE0  36 6D 60 6C 2D 51 3C 34 2C 6F 2B 7A 52 6C 74 31  |6m`l-Q<4,o+zRlt1|
0000AEF0  64 3C 56 2B 59 6D 24 36 63 57 33 2B 4A 60 3B 6D  |d<V+Ym$6cW3+J`;m|
0000AF00  70 49 4B 43 4B 5F 40 4B 66 3C 49 4C 62 32 3D 5A  |pIKCK_@Kf<ILb2=Z|
0000AF10  70 65 3F 42 2B 76 23 3D 25 58 4A 70 4A 6E 7A 53  |pe?B+v#=%XJpJnzS|
0000AF20  4A 6D 29 39 2B 40 69 4B 2A 46 6F 3B 37 67 3A 78  |Jm)9+@iK*Fo;7g:x|
0000AF30  28 6E 6B 71 57 36 62 4F 23 5E 76 79 48 6B 3A 41  |(nkqW6bO#^vyHk:A|
0000AF40  2A 76 6C 73 2B 47 67 2C 6B 72 50 6F 60 70 3A 5E  |*vls+Gg,krPo`p:^|
0000AF50  25 2F 30 5E 64 2D 63 6B 56 3D 70 6E 54 79 2E 42  |%/0^d-ckV=pnTy.B|
0000AF60  6B 59 46 51 38 6E 50 69 5A 6B 48 48 52 70 3A 3A  |kYFQ8nPiZkHHRp::|
0000AF70  29 41 62 70 4C 63 65 3C 41 2C 4B 4F 65 42 66 5A  |)AbpLce<A,KOeBfZ|
0000AF80  5E 3D 34 51 33 37 4A 24 42 26 3B 70 59 6D 5A 35  |^=4Q37J$B&;pYmZ5|
0000AF90  37 70 54 44 28 6D 75 6C 69 39 39 6D 6E 30 41 55  |7pTD(muli99mn0AU|
0000AFA0  3A 3D 31 40 72 4E 4D 24 47 40 61 51 4D 58 49 24  |:=1@rNM$G@aQMXI$|
0000AFB0  43 30 56 2C 53 56 5A 48 2D 61 43 4A 75 46 55 6B  |C0V,SVZH-aCJuFUk|
0000AFC0  3E 6A 4E 67 7A 24 41 37 23 2B 67 35 50 52 6A 43  |>jNgz$A7#+g5PRjC|
0000AFD0  57 49 47 5A 24 74 28 40 76 79 24 7A 24 5E 56 40  |WIGZ$t(@vy$z$^V@|
0000AFE0  23 23 6D 66 5E 6A 4D 4E 40 6F 72 40 43 57 43 30  |##mf^jMN@or@CWC0|
0000AFF0  28 68 31 3F 73 3E 45 73 68 6A 54 47 32 60 2F 5F  |(h1?s>EshjTG2`/_|
0000B000  6C 2B 3B 59 4D 35 25 40 57 64 75 48 5A 6C 75 5A  |l+;YM5%@WduHZluZ|
0000B010  41 50 31 28 47 5A 51 23 70 4F 72 6F 46 4F 2E 4E  |AP1(GZQ#pOroFO.N|
0000B020  5F 6C 4A 72 6B 21 4A 44 28 54 29 2C 46 67 62 46  |_lJrk!JD(T),FgbF|
0000B030  63 34 3C 33 28 65 3A 2D 25 43 23 40 37 68 23 54  |c4<3(e:-%C#@7h#T|
0000B040  78 36 64 36 72 6E 71 6F 75 53 2F 68 30 78 6C 54  |x6d6rnqouS/h0xlT|
0000B050  62 23 53 4E 43 41 61 37 76 3B 49 31 3E 40 72 2B  |b#SNCAa7v;I1>@r+|
0000B060  40 4C 56 4C 58 68 6F 40 46 4B 62 66 6C 3B 42 4B  |@LVLXho@FKbfl;BK|
0000B070  48 57 3F 53 50 31 43 30 58 40 2F 4A 4B 37 21 5A  |HW?SP1C0X@/JK7!Z|
0000B080  64 2F 50 63 52 5E 57 72 43 64 54 47 23 45 5F 25  |d/PcR^WrCdTG#E_%|
0000B090  26 23 73 60 42 2E 34 30 70 79 75 77 33 3F 26 6D  |&#s`B.40pyuw3?&m|
0000B0A0  39 56 7A 72 48 68 72 44 30 33 4C 42 51 79 75 76  |9VzrHhrD03LBQyuv|
0000B0B0  35 36 45 2C 2A 39 41 31 33 36 57 43 79 2B 62 59  |56E,*9A136WCy+bY|
0000B0C0  66 4E 72 43 3D 46 2D 57 75 76 76 56 79 35 71 69  |fNrC=F-WuvvVy5qi|
0000B0D0  4C 73 71 64 3C 50 4C 51 73 5E 26 42 23 59 48 30  |Lsqd<PLQs^&B#YH0|
0000B0E0  34 73 71 6A 5F 4A 41 74 43 2F 49 25 78 57 71 43  |4sqj_JAtC/I%xWqC|
0000B0F0  73 66 32 5F 51 42 23 69 6B 69 57 61 76 54 2E 4A  |sf2_QB#ikiWavT.J|
0000B100  42 2E 59 29 32 69 2D 30 3A 48 75 53 67 21 5F 57  |B.Y)2i-0:HuSg!_W|
0000B110  75 2B 61 51 3E 57 3E 51 71 3D 65 78 3F 55 3F 55  |u+aQ>W>Qq=ex?U?U|
0000B120  36 63 3E 59 42 45 5E 45 63 56 35 73 7A 21 6A 6E  |6c>YBE^EcV5sz!jn|
0000B130  58 62 33 4E 2D 57 56 32 65 57 43 71 65 72 55 30  |Xb3N-WV2eWCqerU0|
0000B140  48 51 6E 52 6F 5A 28 61 74 4A 6A 5E 62 5E 64 57  |HQnRoZ(atJj^b^dW|
0000B150  72 39 37 2D 3C 78 23 59 21 49 50 7A 2D 4D 61 49  |r97-<x#Y!IPz-MaI|
0000B160  57 69 77 5F 63 74 70 78 21 76 54 38 40 72 50 6E  |Wiw_ctpx!vT8@rPn|
0000B170  4D 6E 40 4E 3E 49 60 6E 70 4A 6A 32 24 56 6F 49  |Mn@N>I`npJj2$VoI|
0000B180  7A 62 46 26 2D 50 70 2C 68 45 6C 32 3C 41 6E 2B  |zbF&-Pp,hEl2<An+|
0000B190  45 47 70 52 79 52 50 33 34 37 75 40 3C 5E 68 69  |EGpRyRP347u@<^hi|
0000B1A0  38 56 42 66 48 36 5F 6A 26 21 64 25 35 40 51 23  |8VBfH6_j&!d%5@Q#|
0000B1B0  3C 24 3E 75 5E 54 71 39 2E 4D 35 62 6F 34 65 29  |<$>u^Tq9.M5bo4e)|
0000B1C0  3A 51 33 67 43 59 38 68 71 25 4B 4B 4F 45 35 35  |:Q3gCY8hq%KKOE55|
0000B1D0  33 78 4B 33 24 2E 2C 3E 60 77 3D 64 28 6F 32 31  |3xK3$.,>`w=d(o21|
0000B1E0  6A 3F 3A 70 72 67 3A 70 42 69 58 2B 7A 5E 45 44  |j?:prg:pBiX+z^ED|
0000B1F0  2F 24 23 29 37 66 4E 64 51 67 61 71 34 61 69 6A  |/$#)7fNdQgaq4aij|
0000B200  78 42 64 68 53 6D 70 65 57 5A 6E 2F 78 32 2F 23  |xBdhSmpeWZn/x2/#|
0000B210  26 21 47 41 32 5F 65 4C 31 76 7A 71 4A 4F 78 34  |&!GA2_eL1vzqJOx4|
0000B220  41 2B 67 26 67 50 42 4B 6D 72 6B 21 43 32 4F 45  |A+g&gPBKmrk!C2OE|
0000B230  61 28 23 6C 68 3B 72 30 3B 3A 72 69 79 6E 66 33  |a(#lh;r0;:riynf3|
0000B240  36 6C 40 4B 43 3B 39 59 3C 2E 7A 25 79 34 6E 6C  |6l@KC;9Y<.z%y4nl|
0000B250  4A 78 4F 40 69 56 52 3F 4C 60 21 3D 2C 31 62 42  |JxO@iVR?L`!=,1bB|
0000B260  21 2D 24 64 3D 26 2A 29 38 76 37 6D 40 61 70 44  |!-$d=&*)8v7m@apD|
0000B270  2A 5A 6B 77 49 53 2B 28 25 53 52 6E 63 23 65 6D  |*ZkwIS+(%SRnc#em|
0000B280  4E 67 78 28 6D 2F 4F 46 48 2A 68 74 66 47 24 3F  |Ngx(m/OFH*htfG$?|
0000B290  3E 6F 66 44 4B 4F 68 52 3E 5A 73 66 33 62 2F 44  |>ofDKOhR>Zsf3b/D|
0000B2A0  74 3F 3B 26 62 6D 41 3E 78 2A 4E 5A 58 69 48 32  |t?;&bmA>x*NZXiH2|
0000B2B0  38 3E 50 73 65 46 35 4A 3B 3E 3C 48 4A 5E 4F 44  |8>PseF5J;><HJ^OD|
0000B2C0  4D 55 45 5A 3E 59 33 4A 67 79 6E 66 21 33 71 24  |MUEZ>Y3Jgynf!3q$|
0000B2D0  6E 4A 5A 72 57 29 59 25 4E 77 44 57 25 25 6B 68  |nJZrW)Y%NwDW%%kh|
0000B2E0  2A 70 2C 2E 6C 4A 72 26 50 34 44 4E 23 6B 23 6C  |*p,.lJr&P4DN#k#l|
0000B2F0  3F 38 61 6A 62 3A 58 4A 6C 69 71 6B 4C 3F 2F 36  |?8ajb:XJliqkL?/6|
0000B300  23 4C 38 36 4D 31 62 3D 3C 46 4D 66 3F 75 58 63  |#L86M1b=<FMf?uXc|
0000B310  63 30 4E 74 7A 21 4B 55 52 71 5F 58 3F 5F 55 37  |c0Ntz!KURq_X?_U7|
0000B320  43 2D 67 50 21 2B 37 3A 33 43 6B 2E 30 35 34 66  |C-gP!+7:3Ck.054f|
0000B330  70 4F 2A 43 29 6C 73 77 47 68 7A 37 38 2E 31 61  |pO*C)lswGhz78.1a|
0000B340  55 79 51 3B 60 72 58 51 23 54 23 32 64 61 48 49  |UyQ;`rXQ#T#2daHI|
0000B350  67 30 78 30 42 2C 63 52 6B 75 2E 2A 75 24 64 47  |g0x0B,cRku.*u$dG|
0000B360  59 2C 33 71 64 53 39 3B 74 4C 3B 34 29 34 49 21  |Y,3qdS9;tL;4)4I!|
0000B370  2D 35 7A 78 57 59 52 6D 62 5E 6E 52 6C 40 34 36  |-5zxWYRmb^nRl@46|
0000B380  43 5F 78 33 68 43 44 37 63 29 77 6F 3F 4E 4E 48  |C_x3hCD7c)wo?NNH|
0000B390  50 4D 6B 46 6F 4E 2F 2B 71 34 64 39 2E 42 6D 6E  |PMkFoN/+q4d9.Bmn|
0000B3A0  21 3D 69 63 2A 62 70 4D 53 6B 64 38 21 62 21 72  |!=ic*bpMSkd8!b!r|
0000B3B0  38 2F 35 5F 58 6B 39 76 3C 51 7A 74 2C 64 3B 70  |8/5_Xk9v<Qzt,d;p|
0000B3C0  67 5A 61 6E 3B 49 2F 5E 79 2B 6F 3D 4E 49 53 5F  |gZan;I/^y+o=NIS_|
0000B3D0  7A 52 3C 6F 6A 51 2F 3D 55 45 51 40 28 57 24 48  |zR<ojQ/=UEQ@(W$H|
0000B3E0  44 23 61 69 39 24 3A 7A 52 4B 32 34 29 73 68 2E  |D#ai9$:zRK24)sh.|
0000B3F0  2A 4D 39 55 5F 73 32 48 72 50 57 3B 3B 5A 74 6E  |*M9U_s2HrPW;;Ztn|
0000B400  21 74 34 74 34 53 61 50 72 39 2A 4B 31 6B 5F 79  |!t4t4SaPr9*K1k_y|
0000B410  32 43 2B 76 41 44 37 4E 77 21 53 4F 66 59 67 6A  |2C+vAD7Nw!SOfYgj|
0000B420  42 49 48 37 68 70 23 3B 66 6C 77 28 30 24 5A 62  |BIH7hp#;flw(0$Zb|
0000B430  4E 38 37 70 3F 2D 75 25 3C 6C 6E 35 32 2E 38 3A  |N87p?-u%<ln52.8:|
0000B440  4A 44 51 49 3F 39 73 63 62 6D 29 47 64 43 29 79  |JDQI?9scbm)GdC)y|
0000B450  69 75 24 5E 6D 4B 35 46 23 49 58 44 39 4F 74 3F  |iu$^mK5F#IXD9Ot?|
0000B460  35 58 31 2A 54 5A 57 28 52 5A 61 61 6A 4E 31 58  |5X1*TZW(RZaajN1X|
0000B470  7A 50 4A 65 3A 46 6A 43 58 2F 4A 45 4C 4B 6B 76  |zPJe:FjCX/JELKkv|
0000B480  70 74 36 44 32 2A 69 7A 2B 6D 63 74 60 51 4D 6E  |pt6D2*iz+mct`QMn|
0000B490  7A 23 4B 2E 5F 4F 5A 35 36 70 6C 65 34 46 53 74  |z#K._OZ56ple4FSt|
0000B4A0  61 3B 68 33 34 7A 2A 43 5E 62 6F 3A 32 72 7A 46  |a;h34z*C^bo:2rzF|
0000B4B0  42 4A 40 76 2D 2D 45 63 4B 56 33 40 46 3E 63 74  |BJ@v--EcKV3@F>ct|
0000B4C0  44 66 4E 76 2F 66 55 33 57 2B 4A 47 42 53 49 4B  |DfNv/fU3W+JGBSIK|
0000B4D0  4F 6B 59 41 25 50 6B 53 21 51 4B 31 35 4D 4A 69  |OkYA%PkS!QK15MJi|
0000B4E0  60 26 74 40 3A 6A 64 68 58 4F 66 46 24 3A 49 77  |`&t@:jdhXOfF$:Iw|
0000B4F0  3F 35 77 34 4A 5E 4C 42 51 46 4F 30 6E 46 2B 2F  |?5w4J^LBQFO0nF+/|
0000B500  54 51 67 5A 67 26 77 69 2B 44 73 78 31 43 5A 23  |TQgZg&wi+Dsx1CZ#|
0000B510  29 62 35 72 57 3E 65 38 53 6B 6E 4D 5E 44 78 4E  |)b5rW>e8SknM^DxN|
0000B520  42 34 70 3B 77 47 45 2A 75 4D 24 61 75 7A 29 33  |B4p;wGE*uM$auz)3|
0000B530  2B 23 39 78 6D 3C 67 3A 4C 71 23 28 58 75 34 6B  |+#9xm<g:Lq#(Xu4k|
0000B540  38 77 6A 4D 28 52 5E 2C 5F 62 44 21 51 44 3C 44  |8wjM(R^,_bD!QD<D|
0000B550  70 4A 37 29 25 2D 7A 56 3C 58 2F 26 3C 6D 67 6C  |pJ7)%-zV<X/&<mgl|
0000B560  72 50 39 79 67 5A 35 56 53 79 51 38 29 3A 72 49  |rP9ygZ5VSyQ8):rI|
0000B570  55 6F 3C 2A 6E 79 6A 75 36 61 52 45 30 62 3C 53  |Uo<*nyju6aRE0b<S|
0000B580  69 76 25 24 52 31 52 51 71 49 68 54 48 32 4B 66  |iv%$R1RQqIhTH2Kf|
0000B590  3A 50 37 3B 58 54 36 3D 3F 2C 72 76 21 79 47 56  |:P7;XT6=?,rv!yGV|
0000B5A0  6B 31 44 4A 36 2C 78 2F 74 62 74 24 57 75 4F 66  |k1DJ6,x/tbt$WuOf|
0000B5B0  34 3D 24 65 3F 25 36 68 3C 48 4F 3D 6D 23 55 61  |4=$e?%6h<HO=m#Ua|
0000B5C0  62 7A 63 6B 46 29 75 65 49 39 33 3C 58 4D 57 54  |bzckF)ueI93<XMWT|
0000B5D0  4B 31 5E 38 35 4E 4E 4D 5E 25 76 63 49 3A 54 75  |K1^85NNM^%vcI:Tu|
0000B5E0  39 37 71 2F 44 62 62 43 23 48 48 49 38 2B 29 40  |97q/DbbC#HHI8+)@|
0000B5F0  63 29 34 5A 24 69 2E 6D 73 3D 21 6B 73 35 77 5E  |c)4Z$i.ms=!ks5w^|
0000B600  75 5E 62 57 36 69 59 50 51 6F 7A 51 26 76 26 79  |u^bW6iYPQozQ&v&y|
0000B610  39 24 25 71 3B 3C 4F 49 6E 55 7A 2D 2A 29 74 61  |9$%q;<OInUz-*)ta|
0000B620  63 37 56 48 64 25 43 2A 21 40 79 4F 59 64 77 4D  |c7VHd%C*!@yOYdwM|
0000B630  26 4D 55 2F 67 48 5F 6B 2B 3B 73 70 57 21 7A 39  |&MU/gH_k+;spW!z9|
0000B640  70 49 77 71 50 45 53 55 35 26 46 37 37 58 29 26  |pIwqPESU5&F77X)&|
0000B650  3B 3B 62 54 4A 42 52 50 74 37 71 24 64 36 30 74  |;;bTJBRPt7q$d60t|
0000B660  21 49 3C 54 74 23 60 53 4D 2E 48 55 3A 69 3C 25  |!I<Tt#`SM.HU:i<%|
0000B670  2F 63 61 2B 41 6C 23 6C 47 26 2F 42 21 24 28 51  |/ca+Al#lG&/B!$(Q|
0000B680  49 60 2E 74 58 73 52 73 68 5F 31 41 3B 66 32 3E  |I`.tXsRsh_1A;f2>|
0000B690  4E 6A 56 46 48 35 59 55 3E 5F 6A 46 76 31 48 52  |NjVFH5YU>_jFv1HR|
0000B6A0  45 58 6D 73 2E 2B 70 3B 58 26 55 31 55 58 71 21  |EXms.+p;X&U1UXq!|
0000B6B0  3A 49 77 47 2E 78 42 5E 69 2C 6C 68 71 67 58 5F  |:IwG.xB^i,lhqgX_|
0000B6C0  73 47 6D 4E 6E 4D 62 4F 79 39 34 49 48 39 2A 56  |sGmNnMbOy94IH9*V|
0000B6D0  38 68 41 4E 5F 76 40 38 3A 4F 6B 34 24 46 63 2E  |8hAN_v@8:Ok4$Fc.|
0000B6E0  65 24 24 6F 65 6A 25 39 25 6E 77 3D 6E 56 29 35  |e$$oej%9%nw=nV)5|
0000B6F0  4C 6A 4C 32 2C 5F 37 26 71 25 65 64 5F 5A 44 47  |LjL2,_7&q%ed_ZDG|
0000B700  60 59 38 55 32 26 40 53 3B 68 26 45 63 3A 31 66  |`Y8U2&@S;h&Ec:1f|
0000B710  25 45 6D 3D 41 47 53 24 6E 26 3C 41 67 37 73 42  |%Em=AGS$n&<Ag7sB|
0000B720  42 3A 76 49 77 59 68 21 3A 51 76 3A 32 2F 34 30  |B:vIwYh!:Qv:2/40|
0000B730  4B 25 23 6A 46 30 70 70 63 56 3F 47 2E 43 3F 40  |K%#jF0ppcV?G.C?@|
0000B740  74 23 2A 3F 77 73 4E 45 62 31 58 75 56 63 2D 55  |t#*?wsNEb1XuVc-U|
0000B750  44 21 3F 4D 60 4D 6A 65 4D 45 34 69 31 6C 45 3C  |D!?M`MjeME4i1lE<|
0000B760  3E 2D 67 63 28 67 2F 33 23 69 62 4B 6C 56 49 61  |>-gc(g/3#ibKlVIa|
0000B770  68 3F 59 71 65 5A 41 77 26 74 41 49 66 56 3E 58  |h?YqeZAw&tAIfV>X|
0000B780  30 74 59 5F 2C 77 23 64 47 58 31 59 64 34 2E 5E  |0tY_,w#dGX1Yd4.^|
0000B790  5A 55 39 49 68 4C 29 3B 69 6B 3F 41 46 74 60 5E  |ZU9IhL);ik?AFt`^|
0000B7A0  4A 2F 56 66 4F 40 2F 53 36 4B 5E 66 53 76 23 76  |J/VfO@/S6K^fSv#v|
0000B7B0  75 64 37 74 74 60 63 73 40 21 40 63 61 33 49 2E  |ud7tt`cs@!@ca3I.|
0000B7C0  2B 72 23 38 51 59 54 79 44 43 39 21 34 24 2D 2D  |+r#8QYTyDC9!4$--|
0000B7D0  6F 4D 21 33 72 52 51 43 6A 75 67 35 60 74 44 74  |oM!3rRQCjug5`tDt|
0000B7E0  6A 3E 4F 76 41 61 67 21 4E 49 70 69 25 32 2D 35  |j>OvAag!NIpi%2-5|
0000B7F0  40 4B 2A 39 72 46 6F 77 52 49 41 6B 38 4F 2B 26  |@K*9rFowRIAk8O+&|
0000B800  31 6D 28 4B 71 43 4A 55 65 25 47 60 64 53 56 4D  |1m(KqCJUe%G`dSVM|
0000B810  59 2B 78 38 36 57 3D 54 45 73 63 42 6C 24 6D 40  |Y+x86W=TEscBl$m@|
0000B820  49 35 3F 73 57 7A 73 72 68 47 25 72 3F 6C 74 3A  |I5?sWzsrhG%r?lt:|
0000B830  31 6F 29 72 68 57 5F 21 5F 46 69 45 33 42 78 3E  |1o)rhW_!_FiE3Bx>|
0000B840  54 70 4D 4B 74 52 24 2F 71 39 30 34 23 78 2D 6B  |TpMKtR$/q904#x-k|
0000B850  6E 31 37 63 34 40 65 4D 43 3E 3F 7A 51 70 23 36  |n17c4@eMC>?zQp#6|
0000B860  37 5F 25 36 74 57 77 2B 4E 64 71 2F 3E 5F 31 6A  |7_%6tWw+Ndq/>_1j|
0000B870  2D 55 50 64 60 4C 79 2D 3A 48 3F 46 32 42 78 40  |-UPd`Ly-:H?F2Bx@|
0000B880  32 64 79 62 3C 3E 50 45 23 66 2F 54 62 6B 2F 4A  |2dyb<>PE#f/Tbk/J|
0000B890  4F 44 4C 69 52 4A 57 6C 29 45 24 26 62 59 55 2A  |ODLiRJWl)E$&bYU*|
0000B8A0  74 58 33 23 46 56 71 6E 31 59 55 73 3F 56 4D 58  |tX3#FVqn1YUs?VMX|
0000B8B0  32 41 45 38 77 56 43 3D 57 65 33 35 49 3F 79 2C  |2AE8wVC=We35I?y,|
0000B8C0  75 6D 33 4B 6F 3D 51 6A 4A 68 6A 3B 72 3F 32 76  |um3Ko=QjJhj;r?2v|
0000B8D0  43 59 4F 49 50 50 3D 64 33 3A 2B 70 5E 6A 48 26  |CYOIPP=d3:+p^jH&|
0000B8E0  66 72 3A 79 3A 26 35 52 43 70 4C 70 62 23 3D 4A  |fr:y:&5RCpLpb#=J|
0000B8F0  5A 24 28 2D 57 55 63 72 57 32 41 79 73 5F 34 2D  |Z$(-WUcrW2Ays_4-|
0000B900  61 3B 3A 48 74 3A 3E 36 6C 71 57 23 46 3A 4E 49  |a;:Ht:>6lqW#F:NI|
0000B910  61 4E 61 2B 21 4E 7A 6F 6F 38 2E 6E 67 3F 38 58  |aNa+!Nzoo8.ng?8X|
0000B920  5A 4E 43 31 3E 4E 38 3B 34 4F 48 59 41 38 2B 4E  |ZNC1>N8;4OHYA8+N|
0000B930  24 2E 35 55 4A 57 2A 23 66 50 37 2A 4F 2A 79 46  |$.5UJW*#fP7*O*yF|
0000B940  2B 52 73 30 79 26 2A 72 5F 4C 24 37 35 60 79 49  |+Rs0y&*r_L$75`yI|
0000B950  28 49 36 45 3A 65 2F 75 65 4B 29 63 3E 6B 67 37  |(I6E:e/ueK)c>kg7|
0000B960  4D 74 66 29 75 6D 2D 74 76 5F 7A 68 36 56 4B 37  |Mtf)um-tv_zh6VK7|
0000B970  69 24 30 73 44 78 63 61 26 6A 5A 48 37 75 55 36  |i$0sDxca&jZH7uU6|
0000B980  5F 74 29 59 71 69 43 55 5F 76 5E 24 28 6A 6D 58  |_t)YqiCU_v^$(jmX|
0000B990  48 58 35 51 54 37 45 47 2F 75 73 79 6F 52 4C 64  |HX5QT7EG/usyoRLd|
0000B9A0  31 46 2D 59 60 6A 77 3E 77 51 21 32 2E 51 4E 49  |1F-Y`jw>wQ!2.QNI|
0000B9B0  23 4C 57 51 2E 4C 34 52 69 66 5E 32 7A 21 75 48  |#LWQ.L4Rif^2z!uH|
0000B9C0  67 51 38 64 57 44 5A 75 6D 3A 63 5A 77 2C 56 76  |gQ8dWDZum:cZw,Vv|
0000B9D0  38 6C 24 2C 26 6C 4D 39 37 39 5E 3D 26 4B 3C 6A  |8l$,&lM979^=&K<j|
0000B9E0  2C 61 75 3D 4A 59 79 50 3F 4F 35 37 76 59 59 75  |,au=JYyP?O57vYYu|
0000B9F0  66 74 6C 58 2D 66 60 28 58 48 2D 37 39 2F 72 68  |ftlX-f`(XH-79/rh|
0000BA00  6A 3C 3A 3C 32 47 50 66 4F 21 45 37 7A 21 63 74  |j<:<2GPfO!E7z!ct|
0000BA10  34 23 62 37 53 39 59 43 60 73 42 3B 7A 75 3E 72  |4#b7S9YC`sB;zu>r|
0000BA20  6A 59 52 60 35 44 52 5E 2D 23 48 28 4B 58 2C 67  |jYR`5DR^-#H(KX,g|
0000BA30  3B 4A 31 38 67 4F 5E 78 57 66 56 4C 40 3E 3D 50  |;J18gO^xWfVL@>=P|
0000BA40  53 4D 36 65 4C 6B 4C 5E 3B 58 44 4C 23 28 4F 48  |SM6eLkL^;XDL#(OH|
0000BA50  42 53 2C 3E 3F 6A 26 28 39 6A 68 4D 74 2B 6F 48  |BS,>?j&(9jhMt+oH|
0000BA60  57 62 4E 68 39 66 38 65 49 37 65 2D 40 4C 79 3B  |WbNh9f8eI7e-@Ly;|
0000BA70  3F 41 4B 58 78 4B 52 46 4E 70 23 3A 32 69 26 29  |?AKXxKRFNp#:2i&)|
0000BA80  68 65 2A 44 3E 34 33 68 33 6D 5A 23 64 63 2A 6B  |he*D>43h3mZ#dc*k|
0000BA90  67 74 57 4E 6F 2F 55 55 55 55 7A 4C 73 63 38 68  |gtWNo/UUUUzLsc8h|
0000BAA0  32 6C 3D 59 48 4D 4E 40 5F 42 4B 76 64 3A 55 4D  |2l=YHMN@_BKvd:UM|
0000BAB0  3A 57 71 60 3C 35 3D 45 2A 40 40 6D 78 60 66 7A  |:Wq`<5=E*@@mx`fz|
0000BAC0  35 33 29 33 77 2F 4D 4F 38 44 5F 23 2A 6D 39 70  |53)3w/MO8D_#*m9p|
0000BAD0  2F 73 34 33 2E 2E 31 66 2F 36 53 34 79 56 35 2D  |/s43..1f/6S4yV5-|
0000BAE0  4A 55 3F 2B 58 73 75 60 3E 55 29 25 34 43 4A 3D  |JU?+Xsu`>U)%4CJ=|
0000BAF0  6C 32 47 59 2B 50 53 3D 60 46 62 33 46 67 33 71  |l2GY+PS=`Fb3Fg3q|
0000BB00  29 55 61 57 48 32 79 6A 2B 3A 67 71 47 3C 50 52  |)UaWH2yj+:gqG<PR|
0000BB10  2F 4D 3D 79 28 5F 33 47 5F 76 21 52 71 29 23 26  |/M=y(_3G_v!Rq)#&|
0000BB20  34 39 3B 78 33 28 52 3F 76 73 66 74 72 4F 3A 7A  |49;x3(R?vsftrO:z|
0000BB30  70 61 5A 2F 4C 2F 2C 59 53 57 4B 60 6A 2F 70 31  |paZ/L/,YSWK`j/p1|
0000BB40  6B 6A 26 66 58 54 71 31 3E 64 71 59 2C 56 51 4B  |kj&fXTq1>dqY,VQK|
0000BB50  47 39 21 74 26 49 23 32 29 55 21 3D 44 6D 30 4C  |G9!t&I#2)U!=Dm0L|
0000BB60  6C 60 2C 4F 2E 3A 39 43 51 21 44 71 52 5A 2C 48  |l`,O.:9CQ!DqRZ,H|
0000BB70  43 51 77 42 65 4C 24 4B 34 34 3C 30 32 6D 56 75  |CQwBeL$K44<02mVu|
0000BB80  3A 53 4F 66 55 5F 62 4A 35 28 44 63 30 6F 69 46  |:SOfU_bJ5(Dc0oiF|
0000BB90  3B 45 55 24 77 26 75 73 67 6C 61 72 44 5E 73 3D  |;EU$w&usglarD^s=|
0000BBA0  4E 23 42 59 41 3F 4E 3B 24 55 3A 25 3E 68 2E 6B  |N#BYA?N;$U:%>h.k|
0000BBB0  2E 43 49 2E 4B 7A 25 5E 56 3D 25 76 4F 4B 72 21  |.CI.Kz%^V=%vOKr!|
0000BBC0  23 5F 5A 26 3F 63 73 41 6C 74 3A 3C 4E 3E 70 3C  |#_Z&?csAlt:<N>p<|
0000BBD0  60 73 23 79 28 2A 52 2A 21 70 66 36 6B 4C 25 40  |`s#y(*R*!pf6kL%@|
0000BBE0  3C 2C 54 32 30 6B 72 52 45 31 35 3E 68 77 2E 6E  |<,T20krRE15>hw.n|
0000BBF0  70 72 74 65 2F 53 49 31 6A 3D 71 48 60 62 21 55  |prte/SI1j=qH`b!U|
0000BC00  62 24 57 4D 5E 53 26 5A 62 39 47 57 60 28 7A 51  |b$WM^S&Zb9GW`(zQ|
0000BC10  31 5A 41 6C 29 73 2D 4A 4D 62 3D 25 6C 23 6A 6B  |1ZAl)s-JMb=%l#jk|
0000BC20  2A 70 6A 65 55 23 68 54 35 60 75 45 71 34 65 6E  |*pjeU#hT5`uEq4en|
0000BC30  48 5A 7A 64 6A 2D 2E 58 24 67 3E 54 25 6C 62 30  |HZzdj-.X$g>T%lb0|
0000BC40  59 2E 5A 76 79 23 76 37 5A 25 59 30 3D 29 6A 78  |Y.Zvy#v7Z%Y0=)jx|
0000BC50  52 71 25 5E 32 23 64 67 66 37 51 24 77 34 49 5E  |Rq%^2#dgf7Q$w4I^|
0000BC60  29 33 6C 3C 66 36 74 6F 4B 4A 21 63 58 44 3F 4E  |)3l<f6toKJ!cXD?N|
0000BC70  2D 55 25 47 73 69 51 45 2F 32 40 58 31 38 55 6D  |-U%GsiQE/2@X18Um|
0000BC80  2B 72 43 30 4A 3E 75 4A 26 6F 70 25 4F 4B 3F 4B  |+rC0J>uJ&op%OK?K|
0000BC90  67 71 2B 56 21 2F 75 4C 35 72 6E 25 6E 74 4C 30  |gq+V!/uL5rn%ntL0|
0000BCA0  32 78 30 3E 40 52 54 3B 36 78 63 2A 44 5A 67 6C  |2x0>@RT;6xc*DZgl|
0000BCB0  65 72 42 4F 77 50 30 3D 62 50 6E 64 56 55 60 2B  |erBOwP0=bPndVU`+|
0000BCC0  54 3D 23 37 26 2B 66 2A 2C 72 6F 69 63 6E 76 6B  |T=#7&+f*,roicnvk|
0000BCD0  6E 3F 21 2F 5E 51 3F 67 5E 2C 50 36 61 3E 4D 59  |n?!/^Q?g^,P6a>MY|
0000BCE0  66 56 63 40 49 78 34 37 58 31 49 3F 43 5A 25 4E  |fVc@Ix47X1I?CZ%N|
0000BCF0  66 67 50 38 2B 23 45 75 79 21 3D 46 3C 56 3A 78  |fgP8+#Euy!=F<V:x|
0000BD00  4D 52 44 45 70 6F 34 63 49 2C 28 62 3F 55 37 59  |MRDEpo4cI,(b?U7Y|
0000BD10  47 3B 59 79 58 52 60 34 30 4D 6A 26 7A 76 24 4E  |G;YyXR`40Mj&zv$N|
0000BD20  2B 63 34 47 4C 67 63 47 37 41 4E 3A 5F 37 2D 3E  |+c4GLgcG7AN:_7->|
0000BD30  3A 48 76 2A 2E 46 2C 51 46 2E 37 47 47 6A 57 39  |:Hv*.F,QF.7GGjW9|
0000BD40  39 6F 37 58 2E 55 3A 3D 70 24 38 55 26 50 76 47  |9o7X.U:=p$8U&PvG|
0000BD50  44 57 32 4F 2B 6F 6F 2F 2B 2C 63 73 4A 67 74 6C  |DW2O+oo/+,csJgtl|
0000BD60  3E 66 7A 55 2E 2F 68 2B 2A 26 78 60 5E 49 45 4C  |>fzU./h+*&x`^IEL|
0000BD70  4E 29 48 41 69 34 6F 6C 75 62 5A 52 66 21 75 25  |N)HAi4olubZRf!u%|
0000BD80  66 70 2D 65 79 46 31 5A 39 35 7A 57 50 31 42 57  |fp-eyF1Z95zWP1BW|
0000BD90  54 4F 74 74 58 58 78 3B 52 41 49 69 6E 28 63 56  |TOttXXx;RAIin(cV|
0000BDA0  6B 3B 66 23 28 4A 56 5F 3D 39 7A 39 25 6C 2A 51  |k;f#(JV_=9z9%l*Q|
0000BDB0  35 4F 43 55 5A 43 54 4D 4B 4D 3A 24 52 31 77 35  |5OCUZCTMKM:$R1w5|
0000BDC0  43 78 47 76 46 61 2F 37 6F 51 3C 4D 62 39 23 65  |CxGvFa/7oQ<Mb9#e|
0000BDD0  5E 6B 56 55 6F 3C 77 76 60 51 60 2A 44 55 52 61  |^kVUo<wv`Q`*DURa|
0000BDE0  6F 31 36 72 2B 21 6A 50 26 67 6C 67 38 72 70 74  |o16r+!jP&glg8rpt|
0000BDF0  63 79 70 36 3D 6B 25 59 46 48 6C 32 2B 51 54 6B  |cyp6=k%YFHl2+QTk|
0000BE00  63 31 64 4A 57 2F 60 50 47 45 3A 75 43 6B 43 31  |c1dJW/`PGE:uCkC1|
0000BE10  63 67 21 73 4E 26 57 48 67 50 3F 40 39 29 3C 62  |cg!sN&WHgP?@9)<b|
0000BE20  32 31 51 66 6C 4D 60 6E 28 54 3D 6C 76 61 68 58  |21QflM`n(T=lvahX|
0000BE30  55 2E 32 4A 6E 62 4B 34 74 28 56 6D 28 49 6F 56  |U.2JnbK4t(Vm(IoV|
0000BE40  70 36 6D 69 63 40 46 64 24 62 3D 45 25 68 4F 63  |p6mic@Fd$b=E%hOc|
0000BE50  4D 65 4D 2D 37 61 37 60 38 50 56 69 3D 64 70 31  |MeM-7a7`8PVi=dp1|
0000BE60  47 3E 54 45 26 37 4C 38 76 46 51 6B 70 36 6B 29  |G>TE&7L8vFQkp6k)|
0000BE70  6B 44 76 32 7A 64 79 4A 23 33 47 3E 6B 34 53 3B  |kDv2zdyJ#3G>k4S;|
0000BE80  6F 52 28 6B 6D 56 3C 30 5A 72 74 76 50 63 72 78  |oR(kmV<0ZrtvPcrx|
0000BE90  7A 67 4C 3F 60 47 38 74 2D 4A 39 36 36 39 37 32  |zgL?`G8t-J966972|
0000BEA0  37 32 2C 36 3D 62 31 32 70 66 44 79 59 4C 34 4F  |72,6=b12pfDyYL4O|
0000BEB0  3C 58 4E 66 6B 65 23 58 78 73 39 3D 2E 7A 65 59  |<XNfke#Xxs9=.zeY|
0000BEC0  6A 67 26 55 69 47 78 2B 4C 23 4F 3B 45 5E 39 2E  |jg&UiGx+L#O;E^9.|
0000BED0  6A 55 74 57 52 21 45 24 78 26 3F 46 2D 2C 77 2C  |jUtWR!E$x&?F-,w,|
0000BEE0  3A 5E 50 68 3F 45 2A 54 23 26 31 38 78 6F 59 59  |:^Ph?E*T#&18xoYY|
0000BEF0  3E 45 61 44 41 76 30 2E 48 6C 48 64 3D 7A 25 68  |>EaDAv0.HlHd=z%h|
0000BF00  4A 29 59 23 45 2F 57 2D 54 24 4C 28 3F 77 4D 2F  |J)Y#E/W-T$L(?wM/|
0000BF10  3B 63 3D 36 4F 3F 5E 46 50 72 5A 70 34 74 64 43  |;c=6O?^FPrZp4tdC|
0000BF20  3A 3C 68 51 6D 25 34 40 67 26 78 56 5A 79 56 76  |:<hQm%4@g&xVZyVv|
0000BF30  24 38 46 73 47 71 4D 54 23 66 52 4F 64 79 37 6A  |$8FsGqMT#fROdy7j|
0000BF40  2E 2B 48 44 4F 37 61 31 62 7A 4A 37 77 4C 42 2E  |.+HDO7a1bzJ7wLB.|
0000BF50  55 47 45 77 37 4F 41 65 6F 39 3F 7A 45 28 5F 34  |UGEw7OAeo9?zE(_4|
0000BF60  2E 72 59 4F 37 77 48 31 35 72 58 2F 59 70 6A 68  |.rYO7wH15rX/Ypjh|
0000BF70  3D 32 41 4B 34 26 2C 69 45 44 39 53 6B 57 46 61  |=2AK4&,iED9SkWFa|
0000BF80  55 51 2E 33 4A 78 35 2B 4E 57 56 31 53 43 4C 79  |UQ.3Jx5+NWV1SCLy|
0000BF90  26 52 23 37 68 28 24 75 76 60 2D 47 60 55 6F 35  |&R#7h($uv`-G`Uo5|
0000BFA0  62 75 70 4D 68 29 53 51 69 39 47 5E 54 3D 66 6F  |bupMh)SQi9G^T=fo|
0000BFB0  44 69 41 23 46 28 35 33 67 66 79 25 5E 3E 76 6F  |DiA#F(53gfy%^>vo|
0000BFC0  36 44 2D 3C 25 78 4F 25 21 59 4E 5F 4F 51 3E 5F  |6D-<%xO%!YN_OQ>_|
0000BFD0  3E 66 55 32 40 39 4E 6C 7A 43 58 77 4E 49 3D 4B  |>fU2@9NlzCXwNI=K|
0000BFE0  44 44 34 5F 46 74 67 34 57 2A 41 29 41 6C 67 74  |DD4_Ftg4W*A)Algt|
0000BFF0  49 21 79 31 40 6C 75 7A 6E 77 56 67 70 48 53 3E  |I!y1@luznwVgpHS>|
0000C000  65 59 35 74 73 3F 39 51 50 2D 29 38 75 4B 56 51  |eY5ts?9QP-)8uKVQ|
0000C010  65 44 38 72 74 38 6B 30 46 6E 62 67 59 60 46 2D  |eD8rt8k0FnbgY`F-|
0000C020  23 40 62 63 73 79 75 79 4C 6E 50 3C 72 3F 64 79  |#@bcsyuyLnP<r?dy|
0000C030  21 77 66 30 67 7A 30 4E 26 48 3E 38 53 21 59 6F  |!wf0gz0N&H>8S!Yo|
0000C040  67 70 46 40 31 56 29 6E 78 21 23 78 4A 69 51 4A  |gpF@1V)nx!#xJiQJ|
0000C050  23 57 5E 73 62 5A 6C 60 5F 3E 2C 2B 72 29 35 7A  |#W^sbZl`_>,+r)5z|
0000C060  6F 24 71 23 54 58 29 49 6D 40 49 42 42 58 50 6F  |o$q#TX)Im@IBBXPo|
0000C070  42 2B 44 28 35 23 58 64 61 5E 3D 28 33 39 4C 70  |B+D(5#Xda^=(39Lp|
0000C080  4C 74 6D 37 5E 3B 4C 49 6C 3D 77 55 31 5E 46 42  |Ltm7^;LIl=wU1^FB|
0000C090  65 2A 6C 73 51 6D 6C 32 45 2A 2C 63 3C 44 60 3B  |e*lsQml2E*,c<D`;|
0000C0A0  43 64 6C 77 6C 39 30 72 4D 41 55 31 42 4E 40 4E  |Cdlwl90rMAU1BN@N|
0000C0B0  52 3B 44 55 38 7A 30 55 60 21 2B 68 45 2C 3F 77  |R;DU8z0U`!+hE,?w|
0000C0C0  6C 7A 75 7A 37 69 58 48 77 59 66 38 6D 35 26 48  |lzuz7iXHwYf8m5&H|
0000C0D0  3B 3B 48 23 73 6D 26 54 65 45 62 3F 26 41 6C 59  |;;H#sm&TeEb?&AlY|
0000C0E0  4E 72 36 36 79 62 6C 5A 21 72 4B 4C 25 31 69 29  |Nr66yblZ!rKL%1i)|
0000C0F0  6B 28 3E 23 79 45 3B 6C 70 75 62 35 28 49 59 6D  |k(>#yE;lpub5(IYm|
0000C100  3B 63 25 3F 6B 3B 68 29 2A 4D 44 23 62 43 51 73  |;c%?k;h)*MD#bCQs|
0000C110  2A 4E 74 48 3A 45 35 4D 6F 25 6E 40 69 3E 39 3A  |*NtH:E5Mo%n@i>9:|
0000C120  2A 48 62 6E 63 38 77 6B 48 75 35 78 68 77 65 25  |*Hbnc8wkHu5xhwe%|
0000C130  53 3F 6F 51 6D 7A 5A 7A 67 46 55 51 4A 4E 69 5F  |S?oQmzZzgFUQJNi_|
0000C140  78 72 38 69 6C 76 4D 46 3B 43 50 69 6B 34 54 29  |xr8ilvMF;CPik4T)|
0000C150  3C 51 4A 37 4F 5A 23 6C 68 6F 44 71 62 6F 47 25  |<QJ7OZ#lhoDqboG%|
0000C160  2A 69 49 60 5A 54 2A 31 73 53 65 33 4F 31 6B 43  |*iI`ZT*1sSe3O1kC|
0000C170  39 65 3E 31 70 40 3F 21 50 69 53 75 53 74 6C 2B  |9e>1p@?!PiSuStl+|
0000C180  74 4C 35 4F 4E 32 46 73 60 44 69 3B 2C 21 57 31  |tL5ON2Fs`Di;,!W1|
0000C190  56 40 2C 32 59 65 58 6F 3F 36 37 31 39 52 49 39  |V@,2YeXo?6719RI9|
0000C1A0  72 74 39 30 5F 4C 6B 78 76 23 79 51 47 67 3B 3C  |rt90_Lkxv#yQGg;<|
0000C1B0  5F 45 24 72 28 72 29 3B 6E 26 3A 2F 67 4D 40 73  |_E$r(r);n&:/gM@s|
0000C1C0  51 34 50 3A 37 49 7A 3B 49 62 26 49 29 3E 21 4E  |Q4P:7Iz;Ib&I)>!N|
0000C1D0  2E 58 61 64 5A 50 63 34 4B 4B 37 67 23 24 44 2F  |.XadZPc4KK7g#$D/|
0000C1E0  36 6E 54 70 50 77 35 67 4E 55 58 65 3E 4D 42 39  |6nTpPw5gNUXe>MB9|
0000C1F0  3B 2A 60 70 4A 48 4B 36 2B 5F 30 3A 3F 65 6B 26  |;*`pJHK6+_0:?ek&|
0000C200  75 6B 43 24 40 33 43 5E 2E 67 56 38 23 3E 36 59  |ukC$@3C^.gV8#>6Y|
0000C210  73 36 6E 41 41 38 4C 26 67 3F 53 61 49 68 3B 56  |s6nAA8L&g?SaIh;V|
0000C220  66 6E 39 4D 26 24 3A 2B 62 32 36 57 46 46 48 7A  |fn9M&$:+b26WFFHz|
0000C230  21 3F 57 64 39 3D 79 3F 23 25 38 30 50 60 3D 25  |!?Wd9=y?#%80P`=%|
0000C240  4A 4F 3A 52 54 5A 2A 25 49 46 73 3E 5F 65 6A 6E  |JO:RTZ*%IFs>_ejn|
0000C250  4E 4E 41 46 73 5A 38 28 48 4F 40 23 34 3A 64 40  |NNAFsZ8(HO@#4:d@|
0000C260  34 60 76 64 30 54 75 6E 35 21 77 3E 67 56 5F 6D  |4`vd0Tun5!w>gV_m|
0000C270  55 78 26 72 73 41 24 6B 61 25 25 30 2B 51 26 2D  |Ux&rsA$ka%%0+Q&-|
0000C280  5F 48 69 21 6C 73 24 3E 7A 34 47 62 2F 2A 55 4A  |_Hi!ls$>z4Gb/*UJ|
0000C290  6B 3B 2E 7A 73 24 68 74 38 64 2B 56 42 69 4C 29  |k;.zs$ht8d+VBiL)|
0000C2A0  41 72 4E 2F 57 36 3F 54 61 3B 6E 72 3D 62 2E 4D  |ArN/W6?Ta;nr=b.M|
0000C2B0  50 25 6C 4A 21 49 68 73 39 3B 62 65 31 6E 26 78  |P%lJ!Ihs9;be1n&x|
0000C2C0  39 2F 30 71 68 21 5A 77 49 68 45 66 7A 31 71 6A  |9/0qh!ZwIhEfz1qj|
0000C2D0  50 37 4D 39 4E 62 2D 3B 31 30 3D 5E 75 5A 26 34  |P7M9Nb-;10=^uZ&4|
0000C2E0  6B 46 3E 3A 7A 50 35 38 40 71 70 79 53 25 79 70  |kF>:zP58@qpyS%yp|
0000C2F0  3F 63 29 77 4B 6A 3C 53 71 39 29 33 77 51 75 38  |?c)wKj<Sq9)3wQu8|
0000C300  67 32 67 38 62 3C 63 49 53 49 24 41 42 75 72 48  |g2g8b<cISI$ABurH|
0000C310  78 57 28 70 77 34 42 49 3C 64 32 67 3F 51 24 6A  |xW(pw4BI<d2g?Q$j|
0000C320  72 4C 50 44 28 43 47 21 6B 54 21 76 2F 76 55 6F  |rLPD(CG!kT!v/vUo|
0000C330  2A 63 4E 2D 79 49 71 28 5E 66 72 76 3B 78 74 6A  |*cN-yIq(^frv;xtj|
0000C340  58 60 71 6A 5E 64 7A 30 4A 55 24 45 40 47 62 50  |X`qj^dz0JU$E@GbP|
0000C350  49 57 4E 63 47 72 65 50 4E 23 26 5E 6C 31 4C 44  |IWNcGrePN#&^l1LD|
0000C360  78 4E 42 2A 23 2B 36 3D 59 72 53 2F 41 23 24 69  |xNB*#+6=YrS/A#$i|
0000C370  77 33 21 73 7A 76 3D 55 7A 26 52 5E 3B 5E 42 58  |w3!szv=Uz&R^;^BX|
0000C380  25 2E 24 66 59 30 21 2D 3C 3C 32 77 53 4D 73 6B  |%.$fY0!-<<2wSMsk|
0000C390  66 67 74 3E 66 23 32 6B 64 30 2F 79 2B 47 78 31  |fgt>f#2kd0/y+Gx1|
0000C3A0  4C 59 24 62 59 2D 71 3B 63 74 74 4A 75 34 26 51  |LY$bY-q;cttJu4&Q|
0000C3B0  57 29 4E 6A 70 78 63 5F 52 42 48 3B 40 52 55 29  |W)Njpxc_RBH;@RU)|
0000C3C0  42 61 2A 3D 58 67 50 2B 76 6C 6F 33 4F 36 3E 38  |Ba*=XgP+vlo3O6>8|
0000C3D0  28 2A 65 2C 4F 79 2E 2A 2B 62 60 65 29 52 25 57  |(*e,Oy.*+b`e)R%W|
0000C3E0  46 3F 4A 41 69 2B 2E 66 72 25 50 6F 42 52 42 21  |F?JAi+.fr%PoBRB!|
0000C3F0  28 6F 60 42 60 52 49 35 26 46 22 3B 72 65 74 75  |(o`B`RI5&F";retu|
0000C400  72 6E 20 62 6A 3B 65 6E 64 2C 5B 30 78 36 5F 31  |rn bj;end,[0x6_1|
0000C410  5F 44 5D 3D 30 58 37 37 2C 5B 30 58 36 66 5D 3D  |_D]=0X77,[0X6f]=|
0000C420  7B 30 42 31 31 5F 30 5F 30 30 5F 31 5F 31 2C 30  |{0B11_0_00_1_1,0|
0000C430  78 34 66 2C 30 42 31 31 30 30 30 5F 31 30 2C 33  |x4f,0B11000_10,3|
0000C440  32 2C 30 58 35 39 2C 38 30 2C 30 78 34 5F 32 2C  |2,0X59,80,0x4_2,|
0000C450  30 78 37 62 2C 39 31 2C 35 35 2C 30 78 33 36 2C  |0x7b,91,55,0x36,|
0000C460  30 78 32 5F 63 2C 30 78 33 5F 43 2C 30 42 31 5F  |0x2_c,0x3_C,0B1_|
0000C470  31 31 5F 30 5F 31 30 2C 30 42 31 30 30 31 30 5F  |11_0_10,0B10010_|
0000C480  30 30 2C 30 58 36 38 2C 30 42 31 5F 30 31 31 31  |00,0X68,0B1_0111|
0000C490  5F 30 2C 30 78 32 5F 46 2C 30 42 31 30 30 31 30  |_0,0x2_F,0B10010|
0000C4A0  30 2C 35 32 2C 30 42 31 30 30 31 31 31 5F 30 2C  |0,52,0B100111_0,|
0000C4B0  30 42 31 31 31 31 31 30 30 2C 30 62 31 5F 31 5F  |0B1111100,0b1_1_|
0000C4C0  31 30 30 31 5F 31 2C 38 35 2C 30 58 34 37 2C 30  |1001_1,85,0X47,0|
0000C4D0  58 37 65 2C 30 78 35 5F 45 2C 31 30 35 2C 30 58  |X7e,0x5_E,105,0X|
0000C4E0  34 35 2C 30 58 33 66 2C 30 58 33 5F 32 2C 38 32  |45,0X3f,0X3_2,82|
0000C4F0  2C 30 78 36 35 2C 30 58 36 44 2C 30 78 36 42 2C  |,0x65,0X6D,0x6B,|
0000C500  30 62 31 5F 30 5F 31 30 31 31 2C 36 31 2C 30 62  |0b1_0_1011,61,0b|
0000C510  31 5F 31 31 30 30 30 30 2C 31 30 38 2C 30 58 35  |1_110000,108,0X5|
0000C520  34 2C 30 42 31 31 31 31 30 5F 31 30 2C 37 37 2C  |4,0B11110_10,77,|
0000C530  30 78 35 5F 43 2C 30 62 31 31 30 5F 30 31 5F 31  |0x5_C,0b110_01_1|
0000C540  31 2C 30 78 33 39 2C 30 58 37 64 2C 30 78 35 44  |1,0x39,0X7d,0x5D|
0000C550  2C 36 37 2C 30 62 31 31 31 5F 31 5F 30 30 31 2C  |,67,0b111_1_001,|
0000C560  33 34 2C 30 58 33 35 2C 30 62 31 30 30 31 5F 30  |34,0X35,0b1001_0|
0000C570  31 31 2C 38 33 2C 30 42 31 31 30 30 30 30 30 2C  |11,83,0B1100000,|
0000C580  30 42 31 31 31 30 5F 31 31 2C 30 42 31 5F 31 5F  |0B1110_11,0B1_1_|
0000C590  30 30 30 31 2C 30 78 36 34 2C 30 62 31 5F 30 30  |0001,0x64,0b1_00|
0000C5A0  31 5F 30 5F 31 30 2C 30 62 31 30 30 31 5F 30 31  |1_0_10,0b1001_01|
0000C5B0  2C 30 62 31 31 5F 31 31 31 5F 30 2C 31 31 34 2C  |,0b11_111_0,114,|
0000C5C0  30 78 33 33 2C 30 42 31 30 30 31 5F 31 31 2C 30  |0x33,0B1001_11,0|
0000C5D0  42 31 30 5F 30 31 30 30 5F 31 2C 30 42 31 31 31  |B10_0100_1,0B111|
0000C5E0  31 5F 31 31 31 2C 30 58 35 5F 38 2C 30 62 31 31  |1_111,0X5_8,0b11|
0000C5F0  5F 30 31 5F 30 31 30 2C 30 42 31 5F 31 31 31 30  |_01_010,0B1_1110|
0000C600  30 30 2C 30 62 31 5F 31 30 30 30 30 2C 30 62 31  |00,0b1_10000,0b1|
0000C610  31 30 31 31 5F 31 31 2C 31 31 30 2C 36 34 2C 30  |1011_11,110,64,0|
0000C620  42 31 31 30 30 31 31 5F 30 2C 36 38 2C 30 78 32  |B110011_0,68,0x2|
0000C630  5F 36 2C 39 30 2C 30 62 31 31 5F 31 5F 30 5F 30  |_6,90,0b11_1_0_0|
0000C640  30 2C 30 62 31 5F 30 30 30 5F 31 31 2C 30 62 31  |0,0b1_000_11,0b1|
0000C650  5F 30 30 30 30 5F 30 31 2C 30 78 32 5F 39 2C 30  |_0000_01,0x2_9,0|
0000C660  78 35 66 2C 37 36 2C 30 78 32 31 2C 37 30 2C 30  |x5f,76,0x21,70,0|
0000C670  78 36 31 7D 2C 5B 30 78 32 5F 33 5F 63 5D 3D 30  |x61},[0x2_3_c]=0|
0000C680  58 37 65 2C 5B 30 78 36 32 5F 36 5D 3D 66 75 6E  |X7e,[0x62_6]=fun|
0000C690  63 74 69 6F 6E 28 78 2C 73 6B 2C 74 50 2C 4F 49  |ction(x,sk,tP,OI|
0000C6A0  2C 73 46 2C 65 4F 2C 58 56 2C 66 71 29 6C 6F 63  |,sF,eO,XV,fq)loc|
0000C6B0  61 6C 20 51 7A 3D 28 78 29 5B 30 42 31 31 31 5F  |al Qz=(x)[0B111_|
0000C6C0  30 30 31 5F 31 31 5F 30 31 5D 28 30 62 31 30 30  |001_11_01](0b100|
0000C6D0  5F 31 31 31 2B 73 46 2A 33 32 2B 65 4F 2A 30 78  |_111+sF*32+eO*0x|
0000C6E0  32 38 2B 4F 49 2A 28 28 30 58 35 5F 44 29 2D 30  |28+OI*((0X5_D)-0|
0000C6F0  78 31 43 2D 30 78 31 5F 34 29 2B 58 56 2A 28 28  |x1C-0x1_4)+XV*((|
0000C700  36 32 29 2B 28 35 38 29 29 2B 66 71 2A 33 34 2C  |62)+(58))+fq*34,|
0000C710  30 42 31 31 31 31 31 31 31 29 3B 73 6B 3D 73 6B  |0B1111111);sk=sk|
0000C720  2D 51 7A 3B 6C 6F 63 61 6C 20 63 42 3D 73 6B 25  |-Qz;local cB=sk%|
0000C730  30 62 31 30 30 3B 6C 6F 63 61 6C 20 4E 41 3D 28  |0b100;local NA=(|
0000C740  73 6B 2D 63 42 29 2F 30 62 31 30 5F 30 3B 69 66  |sk-cB)/0b10_0;if|
0000C750  20 63 42 3D 3D 30 42 31 31 20 74 68 65 6E 20 72  | cB==0B11 then r|
0000C760  65 74 75 72 6E 20 6E 69 6C 3B 65 6C 73 65 69 66  |eturn nil;elseif|
0000C770  20 63 42 3D 3D 30 42 30 5F 30 31 20 74 68 65 6E  | cB==0B0_01 then|
0000C780  20 72 65 74 75 72 6E 20 4E 41 3B 65 6C 73 65 69  | return NA;elsei|
0000C790  66 20 63 42 3D 3D 30 62 31 30 20 74 68 65 6E 20  |f cB==0b10 then |
0000C7A0  6C 6F 63 61 6C 20 6F 4D 3B 69 66 20 4E 41 25 30  |local oM;if NA%0|
0000C7B0  62 31 30 3D 3D 30 42 30 5F 30 31 20 74 68 65 6E  |b10==0B0_01 then|
0000C7C0  20 6F 4D 3D 2D 28 28 4E 41 2B 30 42 30 5F 30 31  | oM=-((NA+0B0_01|
0000C7D0  29 2F 30 42 31 5F 30 29 3B 65 6C 73 65 20 6F 4D  |)/0B1_0);else oM|
0000C7E0  3D 4E 41 2F 30 58 32 3B 65 6E 64 3B 72 65 74 75  |=NA/0X2;end;retu|
0000C7F0  72 6E 20 6F 4D 2B 4F 49 3B 65 6E 64 3B 72 65 74  |rn oM+OI;end;ret|
0000C800  75 72 6E 20 4E 41 3B 65 6E 64 2C 5B 30 62 31 30  |urn NA;end,[0b10|
0000C810  5F 30 30 31 5F 30 5F 31 30 5D 3D 30 42 31 30 31  |_001_0_10]=0B101|
0000C820  31 5F 30 31 2C 5B 30 78 35 5F 31 5F 31 5D 3D 66  |1_01,[0x5_1_1]=f|
0000C830  75 6E 63 74 69 6F 6E 28 78 2C 46 68 2C 46 68 2C  |unction(x,Fh,Fh,|
0000C840  59 44 2C 46 56 2C 51 4C 2C 4A 4E 29 6C 6F 63 61  |YD,FV,QL,JN)loca|
0000C850  6C 20 4B 53 3D 7B 7D 3B 4B 53 5B 28 28 30 78 33  |l KS={};KS[((0x3|
0000C860  62 41 5F 37 29 2B 28 30 58 32 31 29 29 5D 3D 28  |bA_7)+(0X21))]=(|
0000C870  28 28 30 78 34 62 5F 37 2B 30 78 61 44 3E 31 37  |((0x4b_7+0xaD>17|
0000C880  33 29 61 6E 64 20 30 58 63 33 41 5F 31 20 6F 72  |3)and 0Xc3A_1 or|
0000C890  20 30 42 31 31 30 30 5F 30 30 31 31 31 30 31 30  | 0B1100_00111010|
0000C8A0  30 30 31 30 29 29 3B 72 65 74 75 72 6E 20 4B 53  |0010));return KS|
0000C8B0  5B 30 58 33 42 5F 43 38 5D 65 6E 64 2C 5B 30 58  |[0X3B_C8]end,[0X|
0000C8C0  41 32 5D 3D 73 74 72 69 6E 67 2E 62 79 74 65 2C  |A2]=string.byte,|
0000C8D0  5B 30 42 31 30 5F 31 5F 31 30 30 30 30 5F 31 30  |[0B10_1_10000_10|
0000C8E0  5F 31 5D 3D 66 75 6E 63 74 69 6F 6E 28 29 72 65  |_1]=function()re|
0000C8F0  74 75 72 6E 7B 5B 33 5D 3D 30 42 31 5F 30 31 7D  |turn{[3]=0B1_01}|
0000C900  65 6E 64 2C 5B 30 58 34 5F 64 64 5D 3D 62 75 66  |end,[0X4_dd]=buf|
0000C910  66 65 72 2E 72 65 61 64 75 31 36 2C 5B 30 42 31  |fer.readu16,[0B1|
0000C920  31 31 5F 31 30 5F 30 30 30 5F 30 31 30 5D 3D 66  |11_10_000_010]=f|
0000C930  75 6E 63 74 69 6F 6E 28 78 29 6C 6F 63 61 6C 20  |unction(x)local |
0000C940  50 69 3D 78 5B 30 58 33 37 5F 36 5D 28 28 28 30  |Pi=x[0X37_6](((0|
0000C950  58 35 42 43 5F 65 29 2D 30 42 31 31 5F 31 30 31  |X5BC_e)-0B11_101|
0000C960  2D 30 62 31 31 31 30 30 29 2C 30 58 36 5F 33 41  |-0b11100),0X6_3A|
0000C970  64 29 3B 6C 6F 63 61 6C 20 74 6A 3D 78 5B 30 58  |d);local tj=x[0X|
0000C980  61 32 5D 28 78 5B 34 32 31 5D 28 30 62 31 5F 30  |a2](x[421](0b1_0|
0000C990  30 5F 30 31 5F 30 31 29 2C 30 42 30 5F 30 31 2C  |0_01_01),0B0_01,|
0000C9A0  30 58 31 29 3B 6C 6F 63 61 6C 20 57 45 3D 78 5B  |0X1);local WE=x[|
0000C9B0  31 5F 37 31 36 5D 28 22 23 22 2C 50 69 2C 74 6A  |1_716]("#",Pi,tj|
0000C9C0  2C 28 28 31 34 5F 34 31 30 29 2D 28 30 78 31 5F  |,((14_410)-(0x1_|
0000C9D0  32 29 29 29 3B 69 66 20 50 69 3D 3D 28 28 30 42  |2)));if Pi==((0B|
0000C9E0  31 31 31 5F 30 30 5F 30 5F 30 31 30 31 5F 31 31  |111_00_0_0101_11|
0000C9F0  30 5F 31 29 2D 28 30 58 32 35 29 29 61 6E 64 20  |0_1)-(0X25))and |
0000CA00  74 6A 3D 3D 30 62 31 30 5F 30 5F 30 31 30 31 20  |tj==0b10_0_0101 |
0000CA10  61 6E 64 20 57 45 3D 3D 33 20 74 68 65 6E 20 72  |and WE==3 then r|
0000CA20  65 74 75 72 6E 28 28 30 58 36 5F 64 29 2B 28 30  |eturn((0X6_d)+(0|
0000CA30  62 31 5F 30 30 30 29 29 3B 65 6E 64 3B 72 65 74  |b1_000));end;ret|
0000CA40  75 72 6E 20 78 5B 30 58 33 5F 37 5F 36 5D 28 28  |urn x[0X3_7_6]((|
0000CA50  28 30 58 43 31 29 2D 30 78 31 38 2D 30 62 31 31  |(0XC1)-0x18-0b11|
0000CA60  5F 30 31 30 30 29 2C 30 62 31 31 31 5F 30 30 31  |_0100),0b111_001|
0000CA70  30 29 3B 65 6E 64 2C 5B 30 58 34 46 33 5D 3D 73  |0);end,[0X4F3]=s|
0000CA80  74 72 69 6E 67 2E 73 75 62 2C 5B 37 39 5D 3D 66  |tring.sub,[79]=f|
0000CA90  75 6E 63 74 69 6F 6E 28 78 2C 6D 2C 58 2C 6B 2C  |unction(x,m,X,k,|
0000CAA0  66 29 69 66 20 6D 3D 3D 30 58 34 65 5F 64 20 74  |f)if m==0X4e_d t|
0000CAB0  68 65 6E 20 72 65 74 75 72 6E 28 78 29 5B 30 78  |hen return(x)[0x|
0000CAC0  34 65 44 5D 65 6E 64 3B 69 66 20 6D 3D 3D 30 42  |4eD]end;if m==0B|
0000CAD0  31 5F 30 30 31 31 30 30 30 30 30 31 20 74 68 65  |1_0011000001 the|
0000CAE0  6E 20 72 65 74 75 72 6E 28 78 29 5B 30 62 31 30  |n return(x)[0b10|
0000CAF0  5F 30 31 31 30 5F 30 30 30 5F 30 31 5D 65 6E 64  |_0110_000_01]end|
0000CB00  3B 65 6E 64 2C 5B 30 62 31 30 5F 31 30 31 30 30  |;end,[0b10_10100|
0000CB10  5F 30 31 5F 31 30 5D 3D 66 75 6E 63 74 69 6F 6E  |_01_10]=function|
0000CB20  28 29 72 65 74 75 72 6E 7B 5B 28 28 30 58 32 61  |()return{[((0X2a|
0000CB30  29 2D 28 30 62 31 30 31 30 30 5F 30 29 29 5D 3D  |)-(0b10100_0))]=|
0000CB40  30 58 34 7D 65 6E 64 2C 5B 30 42 31 5F 31 31 5F  |0X4}end,[0B1_11_|
0000CB50  30 30 31 31 30 5F 30 31 30 5D 3D 6D 61 74 68 2E  |00110_010]=math.|
0000CB60  72 61 6E 64 6F 6D 2C 5B 30 62 31 30 30 30 30 31  |random,[0b100001|
0000CB70  31 5D 3D 30 58 36 31 2C 5B 30 42 31 31 5F 31 31  |1]=0X61,[0B11_11|
0000CB80  31 31 30 31 5F 31 31 5D 3D 30 42 31 5F 31 30 5F  |1101_11]=0B1_10_|
0000CB90  30 30 5F 31 5F 30 2C 5B 31 5F 33 36 38 5D 3D 66  |00_1_0,[1_368]=f|
0000CBA0  75 6E 63 74 69 6F 6E 28 78 2C 4F 45 2C 51 41 2C  |unction(x,OE,QA,|
0000CBB0  66 51 29 6C 6F 63 61 6C 20 61 67 2C 59 4A 3B 61  |fQ)local ag,YJ;a|
0000CBC0  67 2C 59 4A 3D 4F 45 28 78 2C 51 41 2C 66 51 29  |g,YJ=OE(x,QA,fQ)|
0000CBD0  3B 69 66 20 61 67 7E 3D 2D 32 20 74 68 65 6E 20  |;if ag~=-2 then |
0000CBE0  65 6C 73 65 20 72 65 74 75 72 6E 2D 30 78 32 2C  |else return-0x2,|
0000CBF0  59 4A 3B 65 6E 64 3B 72 65 74 75 72 6E 20 6E 69  |YJ;end;return ni|
0000CC00  6C 2C 59 4A 3B 65 6E 64 2C 5B 30 42 31 5F 30 31  |l,YJ;end,[0B1_01|
0000CC10  5F 31 5F 30 5F 30 30 31 5F 30 31 30 5D 3D 66 75  |_1_0_001_010]=fu|
0000CC20  6E 63 74 69 6F 6E 28 29 72 65 74 75 72 6E 7B 5B  |nction()return{[|
0000CC30  28 28 2D 30 42 31 30 31 31 30 29 2B 28 30 42 31  |((-0B10110)+(0B1|
0000CC40  5F 30 31 31 31 29 29 5D 3D 28 28 30 58 32 42 29  |_0111))]=((0X2B)|
0000CC50  2D 30 42 31 30 30 30 31 2D 30 58 31 5F 37 29 7D  |-0B10001-0X1_7)}|
0000CC60  65 6E 64 2C 5B 31 5F 30 38 31 5D 3D 66 75 6E 63  |end,[1_081]=func|
0000CC70  74 69 6F 6E 28 78 2C 72 74 2C 58 4A 2C 69 71 29  |tion(x,rt,XJ,iq)|
0000CC80  6C 6F 63 61 6C 20 47 4D 2C 6F 43 3B 69 66 20 6E  |local GM,oC;if n|
0000CC90  6F 74 20 6E 6F 74 20 58 4A 5B 28 28 30 58 31 5F  |ot not XJ[((0X1_|
0000CCA0  30 5F 65 29 2D 28 30 78 33 46 29 29 5D 74 68 65  |0_e)-(0x3F))]the|
0000CCB0  6E 20 47 4D 3D 58 4A 5B 28 28 30 42 31 30 30 30  |n GM=XJ[((0B1000|
0000CCC0  30 31 31 31 30 29 2D 28 30 78 33 46 29 29 5D 3B  |01110)-(0x3F))];|
0000CCD0  65 6C 73 65 20 47 4D 3D 28 69 71 2A 35 30 30 5F  |else GM=(iq*500_|
0000CCE0  31 30 33 2B 31 31 5F 30 38 34 5F 30 32 30 29 25  |103+11_084_020)%|
0000CCF0  28 28 30 58 66 5F 46 46 46 5F 63 5F 34 29 2B 28  |((0Xf_FFF_c_4)+(|
0000CD00  30 62 31 31 31 31 5F 30 30 29 29 3B 58 4A 5B 28  |0b1111_00));XJ[(|
0000CD10  28 32 37 30 29 2D 28 30 78 33 5F 66 29 29 5D 3D  |(270)-(0x3_f))]=|
0000CD20  47 4D 3B 65 6E 64 3B 66 6F 72 20 65 46 3D 30 78  |GM;end;for eF=0x|
0000CD30  32 5F 38 2C 34 37 2C 30 42 31 31 5F 31 20 64 6F  |2_8,47,0B11_1 do|
0000CD40  20 69 66 20 65 46 3D 3D 30 78 32 66 20 74 68 65  | if eF==0x2f the|
0000CD50  6E 20 58 4A 5B 30 78 31 34 46 5D 3D 73 65 6C 65  |n XJ[0x14F]=sele|
0000CD60  63 74 3B 6F 43 3D 32 39 5F 33 31 34 3B 62 72 65  |ct;oC=29_314;bre|
0000CD70  61 6B 3B 65 6C 73 65 20 58 4A 5B 30 78 66 46 5D  |ak;else XJ[0xfF]|
0000CD80  3D 74 79 70 65 3B 63 6F 6E 74 69 6E 75 65 3B 65  |=type;continue;e|
0000CD90  6E 64 3B 65 6E 64 3B 72 65 70 65 61 74 20 69 66  |nd;end;repeat if|
0000CDA0  20 6F 43 3D 3D 30 62 31 31 5F 31 30 30 31 30 31  | oC==0b11_100101|
0000CDB0  5F 30 5F 30 5F 30 5F 30 30 5F 31 30 20 74 68 65  |_0_0_0_00_10 the|
0000CDC0  6E 20 72 65 74 75 72 6E 20 6F 43 2C 72 74 2C 47  |n return oC,rt,G|
0000CDD0  4D 3B 65 6E 64 3B 69 66 20 58 4A 5B 28 28 30 42  |M;end;if XJ[((0B|
0000CDE0  31 5F 31 30 31 30 31 5F 31 30 31 29 2D 28 30 62  |1_10101_101)-(0b|
0000CDF0  31 30 30 5F 30 5F 30 30 5F 30 29 29 5D 74 68 65  |100_0_00_0))]the|
0000CE00  6E 20 77 68 69 6C 65 20 58 4A 5B 28 28 30 42 31  |n while XJ[((0B1|
0000CE10  5F 31 5F 30 31 30 31 31 30 31 29 2D 28 30 58 34  |_1_0101101)-(0X4|
0000CE20  30 29 29 5D 64 6F 20 58 4A 5B 28 28 34 32 39 29  |0))]do XJ[((429)|
0000CE30  2D 28 30 42 31 5F 30 5F 30 30 30 30 5F 30 29 29  |-(0B1_0_0000_0))|
0000CE40  5D 3D 6E 69 6C 3B 65 6E 64 3B 65 6E 64 3B 75 6E  |]=nil;end;end;un|
0000CE50  74 69 6C 20 66 61 6C 73 65 3B 72 65 74 75 72 6E  |til false;return|
0000CE60  20 6E 69 6C 2C 72 74 2C 47 4D 20 65 6E 64 2C 5B  | nil,rt,GM end,[|
0000CE70  31 5F 32 36 35 5D 3D 66 75 6E 63 74 69 6F 6E 28  |1_265]=function(|
0000CE80  78 2C 50 77 2C 7A 70 2C 6F 6E 2C 59 56 2C 49 57  |x,Pw,zp,on,YV,IW|
0000CE90  29 69 66 20 6E 6F 74 20 7A 70 20 74 68 65 6E 20  |)if not zp then |
0000CEA0  7A 70 3D 78 5B 31 5F 31 38 30 5D 28 78 2C 50 77  |zp=x[1_180](x,Pw|
0000CEB0  29 3B 69 66 20 7A 70 3D 3D 30 58 30 20 74 68 65  |);if zp==0X0 the|
0000CEC0  6E 20 72 65 74 75 72 6E 22 22 3B 65 6E 64 3B 65  |n return"";end;e|
0000CED0  6E 64 3B 6F 6E 3D 6F 6E 20 6F 72 20 30 62 30 3B  |nd;on=on or 0b0;|
0000CEE0  59 56 3D 59 56 20 6F 72 20 30 62 30 3B 49 57 3D  |YV=YV or 0b0;IW=|
0000CEF0  49 57 20 6F 72 20 30 78 30 3B 6C 6F 63 61 6C 20  |IW or 0x0;local |
0000CF00  4D 59 3D 22 22 3B 66 6F 72 20 76 6F 3D 30 42 30  |MY="";for vo=0B0|
0000CF10  5F 30 31 2C 7A 70 20 64 6F 20 4D 59 3D 4D 59 2E  |_01,zp do MY=MY.|
0000CF20  2E 78 5B 30 58 37 5F 32 42 5D 5B 78 5B 30 58 35  |.x[0X7_2B][x[0X5|
0000CF30  34 45 5D 28 78 2C 50 77 29 5D 3B 65 6E 64 3B 72  |4E](x,Pw)];end;r|
0000CF40  65 74 75 72 6E 20 4D 59 3B 65 6E 64 2C 5B 31 5F  |eturn MY;end,[1_|
0000CF50  39 34 35 5D 3D 6D 61 74 68 2E 68 75 67 65 2C 5B  |945]=math.huge,[|
0000CF60  30 62 31 31 5F 30 5F 31 30 31 30 30 5D 3D 28 28  |0b11_0_10100]=((|
0000CF70  30 78 32 5E 30 62 31 5F 31 29 25 30 78 33 39 7E  |0x2^0b1_1)%0x39~|
0000CF80  3D 30 62 31 5F 30 5F 30 5F 31 20 61 6E 64 28 28  |=0b1_0_0_1 and((|
0000CF90  30 42 31 5F 30 31 2A 30 62 31 5F 31 2B 30 58 32  |0B1_01*0b1_1+0X2|
0000CFA0  29 2D 28 30 42 31 31 30 31 5F 31 2D 32 30 29 29  |)-(0B1101_1-20))|
0000CFB0  6F 72 28 30 62 31 30 31 31 30 2B 30 58 33 33 29  |or(0b10110+0X33)|
0000CFC0  29 2C 5B 30 78 42 33 5D 3D 66 75 6E 63 74 69 6F  |),[0xB3]=functio|
0000CFD0  6E 28 78 2C 47 4F 2C 47 4F 2C 6B 64 2C 53 41 29  |n(x,GO,GO,kd,SA)|
0000CFE0  6C 6F 63 61 6C 20 6E 46 3D 7B 7D 3B 6E 46 5B 30  |local nF={};nF[0|
0000CFF0  62 31 30 5F 31 31 30 5F 30 30 5F 31 5F 30 31 30  |b10_110_00_1_010|
0000D000  31 5F 30 31 30 5D 3D 28 28 28 33 5F 39 30 35 2B  |1_010]=(((3_905+|
0000D010  30 42 31 31 31 5F 30 31 30 31 30 3E 32 33 34 29  |0B111_01010>234)|
0000D020  61 6E 64 20 30 78 34 33 5F 65 34 20 6F 72 20 30  |and 0x43_e4 or 0|
0000D030  78 34 5F 33 65 5F 35 29 29 3B 72 65 74 75 72 6E  |x4_3e_5));return|
0000D040  20 6E 46 5B 28 28 30 42 31 30 31 5F 31 5F 30 5F  | nF[((0B101_1_0_|
0000D050  30 30 31 30 5F 30 30 30 30 31 5F 31 29 2B 28 30  |0010_00001_1)+(0|
0000D060  78 32 5F 37 29 29 5D 65 6E 64 2C 5B 30 78 34 43  |x2_7))]end,[0x4C|
0000D070  36 5D 3D 72 61 77 73 65 74 2C 5B 31 35 39 5D 3D  |6]=rawset,[159]=|
0000D080  66 75 6E 63 74 69 6F 6E 28 78 2C 53 4F 29 6C 6F  |function(x,SO)lo|
0000D090  63 61 6C 20 49 56 3D 53 4F 2E 55 4B 3B 78 5B 36  |cal IV=SO.UK;x[6|
0000D0A0  36 31 5D 28 49 56 2C 30 62 30 2C 78 5B 31 5F 33  |61](IV,0b0,x[1_3|
0000D0B0  30 32 5D 28 78 2C 53 4F 29 29 3B 28 78 29 5B 30  |02](x,SO));(x)[0|
0000D0C0  42 31 5F 30 31 30 5F 30 31 30 31 5F 30 31 5D 28  |B1_010_0101_01](|
0000D0D0  49 56 2C 30 62 31 2C 78 5B 30 62 31 30 31 30 30  |IV,0b1,x[0b10100|
0000D0E0  5F 30 5F 31 30 5F 31 31 5F 30 5D 28 78 2C 53 4F  |_0_10_11_0](x,SO|
0000D0F0  29 29 3B 28 78 29 5B 30 78 32 39 35 5D 28 49 56  |));(x)[0x295](IV|
0000D100  2C 30 58 32 2C 78 5B 31 5F 33 30 32 5D 28 78 2C  |,0X2,x[1_302](x,|
0000D110  53 4F 29 29 3B 78 5B 30 62 31 30 31 30 30 31 30  |SO));x[0b1010010|
0000D120  31 5F 30 31 5D 28 49 56 2C 30 62 31 5F 31 2C 78  |1_01](IV,0b1_1,x|
0000D130  5B 31 5F 33 30 32 5D 28 78 2C 53 4F 29 29 3B 78  |[1_302](x,SO));x|
0000D140  5B 30 42 31 30 31 30 30 5F 31 30 31 5F 30 31 5D  |[0B10100_101_01]|
0000D150  28 49 56 2C 30 58 34 2C 78 5B 31 5F 33 30 32 5D  |(IV,0X4,x[1_302]|
0000D160  28 78 2C 53 4F 29 29 3B 78 5B 30 58 32 39 5F 35  |(x,SO));x[0X29_5|
0000D170  5D 28 49 56 2C 35 2C 78 5B 30 58 35 5F 31 36 5D  |](IV,5,x[0X5_16]|
0000D180  28 78 2C 53 4F 29 29 3B 78 5B 30 58 32 39 5F 35  |(x,SO));x[0X29_5|
0000D190  5D 28 49 56 2C 30 78 36 2C 28 78 29 5B 31 5F 33  |](IV,0x6,(x)[1_3|
0000D1A0  30 32 5D 28 78 2C 53 4F 29 29 3B 78 5B 30 58 32  |02](x,SO));x[0X2|
0000D1B0  5F 39 5F 35 5D 28 49 56 2C 30 78 37 2C 78 5B 30  |_9_5](IV,0x7,x[0|
0000D1C0  62 31 5F 30 31 30 30 30 5F 31 30 31 5F 31 5F 30  |b1_01000_101_1_0|
0000D1D0  5D 28 78 2C 53 4F 29 29 3B 72 65 74 75 72 6E 20  |](x,SO));return |
0000D1E0  78 5B 30 62 31 31 5F 30 31 31 5F 31 30 5F 31 5F  |x[0b11_011_10_1_|
0000D1F0  31 31 5D 28 49 56 2C 30 62 30 29 3B 65 6E 64 2C  |11](IV,0b0);end,|
0000D200  6B 3D 66 75 6E 63 74 69 6F 6E 28 6B 2C 58 2C 72  |k=function(k,X,r|
0000D210  2C 54 29 6B 5B 30 62 31 5F 30 30 30 31 30 5F 30  |,T)k[0b1_00010_0|
0000D220  5F 30 31 31 30 5D 3D 6B 5B 30 78 37 5F 35 31 5D  |_0110]=k[0x7_51]|
0000D230  28 29 5B 73 74 72 69 6E 67 2E 63 68 61 72 28 30  |()[string.char(0|
0000D240  42 31 5F 31 5F 31 30 30 31 31 2C 30 62 31 31 30  |B1_1_10011,0b110|
0000D250  30 5F 31 5F 30 5F 31 2C 31 31 36 2C 28 28 30 42  |0_1_0_1,116,((0B|
0000D260  31 30 31 31 31 30 29 2B 28 30 58 33 5F 38 29 29  |101110)+(0X3_8))|
0000D270  2C 30 42 31 31 5F 30 30 31 5F 30 31 2C 30 58 36  |,0B11_001_01,0X6|
0000D280  65 2C 30 78 37 36 29 5D 3B 66 6F 72 20 6E 4E 3D  |e,0x76)];for nN=|
0000D290  28 28 30 58 32 5F 33 37 31 2D 30 62 31 31 31 5F  |((0X2_371-0b111_|
0000D2A0  31 31 30 31 30 5F 30 5F 31 5F 30 5F 30 5F 30 2D  |11010_0_1_0_0_0-|
0000D2B0  30 58 34 32 5F 39 29 29 2C 30 42 31 31 31 31 31  |0X42_9)),0B11111|
0000D2C0  31 31 31 20 64 6F 20 6B 5B 31 5F 38 33 35 5D 5B  |111 do k[1_835][|
0000D2D0  6E 4E 5D 3D 6B 5B 34 32 31 5D 28 6E 4E 29 65 6E  |nN]=k[421](nN)en|
0000D2E0  64 3B 6C 6F 63 61 6C 20 4B 71 3D 6B 5B 31 5F 32  |d;local Kq=k[1_2|
0000D2F0  32 38 5D 28 6B 29 3B 72 65 74 75 72 6E 20 66 75  |28](k);return fu|
0000D300  6E 63 74 69 6F 6E 28 2E 2E 2E 29 6C 6F 63 61 6C  |nction(...)local|
0000D310  20 6D 76 3D 4B 71 28 2E 2E 2E 29 3B 6B 3D 28 7B  | mv=Kq(...);k=({|
0000D320  7D 29 5B 30 62 31 31 31 5F 31 30 5F 31 5D 3B 72  |})[0b111_10_1];r|
0000D330  65 74 75 72 6E 20 6D 76 3B 65 6E 64 3B 65 6E 64  |eturn mv;end;end|
0000D340  2C 5B 30 58 37 37 45 5D 3D 66 75 6E 63 74 69 6F  |,[0X77E]=functio|
0000D350  6E 28 78 2C 75 69 29 72 65 74 75 72 6E 7B 5B 28  |n(x,ui)return{[(|
0000D360  78 29 5B 33 38 36 5D 28 78 2C 30 62 31 30 5F 31  |x)[386](x,0b10_1|
0000D370  30 2C 30 58 35 35 2C 30 62 31 30 5F 31 5F 30 31  |0,0X55,0b10_1_01|
0000D380  30 5F 31 2C 30 42 31 5F 31 30 30 30 5F 31 31 2C  |0_1,0B1_1000_11,|
0000D390  30 62 31 5F 31 30 30 31 5F 30 30 2C 30 42 31 5F  |0b1_1001_00,0B1_|
0000D3A0  31 5F 30 5F 31 31 5F 31 30 2C 30 42 31 5F 31 30  |1_0_11_10,0B1_10|
0000D3B0  5F 31 31 5F 31 5F 31 2C 30 62 31 5F 31 31 30 30  |_11_1_1,0b1_1100|
0000D3C0  31 30 29 5D 3D 75 69 7D 65 6E 64 2C 5B 31 31 37  |10)]=ui}end,[117|
0000D3D0  5D 3D 74 61 62 6C 65 2E 63 6F 6E 63 61 74 2C 5B  |]=table.concat,[|
0000D3E0  30 58 37 32 42 5D 3D 7B 7D 2C 5B 30 78 31 39 32  |0X72B]={},[0x192|
0000D3F0  5D 3D 66 75 6E 63 74 69 6F 6E 28 78 2C 54 2C 6D  |]=function(x,T,m|
0000D400  2C 58 2C 72 29 69 66 28 28 28 30 42 31 30 5F 31  |,X,r)if(((0B10_1|
0000D410  31 2A 30 62 31 30 31 31 30 2B 30 62 31 5F 30 5F  |1*0b10110+0b1_0_|
0000D420  30 30 31 31 29 25 30 62 31 31 5F 30 31 5F 30 5F  |0011)%0b11_01_0_|
0000D430  30 31 5F 31 7E 3D 30 42 31 30 30 31 31 5F 31 5F  |01_1~=0B10011_1_|
0000D440  31 29 29 74 68 65 6E 20 6C 6F 63 61 6C 20 74 45  |1))then local tE|
0000D450  3D 30 78 35 5F 38 3B 6C 6F 63 61 6C 20 44 65 2C  |=0x5_8;local De,|
0000D460  57 70 3B 6C 6F 63 61 6C 20 59 3D 30 62 31 30 31  |Wp;local Y=0b101|
0000D470  31 5F 30 30 30 3B 6C 6F 63 61 6C 20 4E 3D 30 62  |1_000;local N=0b|
0000D480  31 30 31 31 30 31 31 3B 72 65 70 65 61 74 20 69  |1011011;repeat i|
0000D490  66 28 28 74 45 2B 4E 29 3D 3D 28 59 2B 4E 29 29  |f((tE+N)==(Y+N))|
0000D4A0  74 68 65 6E 20 44 65 3D 28 78 29 5B 30 62 31 31  |then De=(x)[0b11|
0000D4B0  31 30 5F 30 31 31 5F 31 30 31 5D 28 78 5B 30 78  |10_011_101](x[0x|
0000D4C0  35 31 35 5D 28 57 70 20 6F 72 20 30 62 31 5F 31  |515](Wp or 0b1_1|
0000D4D0  30 30 5F 31 5F 30 30 2C 30 42 31 30 29 2C 30 42  |00_1_00,0B10),0B|
0000D4E0  31 5F 31 31 5F 31 31 31 31 31 31 31 31 31 5F 31  |1_11_111111111_1|
0000D4F0  31 31 31 29 3B 74 45 3D 30 42 31 30 31 5F 31 30  |111);tE=0B101_10|
0000D500  5F 30 31 31 3B 63 6F 6E 74 69 6E 75 65 3B 65 6C  |_011;continue;el|
0000D510  73 65 69 66 28 28 74 45 2D 4E 29 3D 3D 59 29 74  |seif((tE-N)==Y)t|
0000D520  68 65 6E 20 57 70 3D 78 5B 30 58 36 5F 31 32 5D  |hen Wp=x[0X6_12]|
0000D530  28 44 65 20 6F 72 20 30 58 38 5F 62 5F 36 5F 37  |(De or 0X8_b_6_7|
0000D540  2C 30 42 31 29 3B 62 72 65 61 6B 3B 65 6C 73 65  |,0B1);break;else|
0000D550  20 62 72 65 61 6B 3B 65 6E 64 3B 75 6E 74 69 6C  | break;end;until|
0000D560  20 66 61 6C 73 65 3B 69 66 20 78 5B 30 62 31 5F  | false;if x[0b1_|
0000D570  31 5F 30 31 5F 31 31 5F 30 31 31 5F 30 5D 28 44  |1_01_11_011_0](D|
0000D580  65 2C 57 70 29 7E 3D 30 62 31 30 31 30 31 31 5F  |e,Wp)~=0b101011_|
0000D590  30 5F 30 5F 30 20 74 68 65 6E 20 72 65 74 75 72  |0_0_0 then retur|
0000D5A0  6E 20 65 6E 64 3B 72 65 74 75 72 6E 7B 78 5B 30  |n end;return{x[0|
0000D5B0  62 31 30 30 31 30 31 5F 31 31 5F 30 5F 31 30 5D  |b100101_11_0_10]|
0000D5C0  28 78 5B 30 62 31 30 30 30 30 5F 31 30 5D 29 7D  |(x[0b10000_10])}|
0000D5D0  3B 65 6C 73 65 20 72 65 74 75 72 6E 20 30 78 35  |;else return 0x5|
0000D5E0  38 3B 65 6E 64 3B 65 6E 64 2C 5B 30 62 31 30 5F  |8;end;end,[0b10_|
0000D5F0  31 31 31 5F 30 5F 31 30 30 5F 30 30 5D 3D 66 75  |111_0_100_00]=fu|
0000D600  6E 63 74 69 6F 6E 28 78 2C 41 2C 72 2C 54 2C 6B  |nction(x,A,r,T,k|
0000D610  29 6C 6F 63 61 6C 20 4A 3D 78 5B 30 62 31 31 31  |)local J=x[0b111|
0000D620  30 5F 30 5F 31 31 31 30 31 5D 28 72 2B 30 62 31  |0_0_11101](r+0b1|
0000D630  5F 31 5F 30 31 5F 31 5F 31 5F 30 31 5F 31 30 5F  |_1_01_1_1_01_10_|
0000D640  31 5F 30 31 30 31 2C 30 58 46 5F 66 5F 66 66 29  |1_0101,0XF_f_ff)|
0000D650  3B 6C 6F 63 61 6C 20 4B 3D 28 41 2B 54 2B 72 2A  |;local K=(A+T+r*|
0000D660  6B 29 25 32 35 36 3B 6C 6F 63 61 6C 20 49 3D 4B  |k)%256;local I=K|
0000D670  3B 4A 3D 78 5B 30 78 33 37 5F 36 5D 28 4A 2C 49  |;J=x[0x37_6](J,I|
0000D680  29 3B 72 65 74 75 72 6E 20 49 3B 65 6E 64 2C 5B  |);return I;end,[|
0000D690  31 5F 36 30 36 5D 3D 66 75 6E 63 74 69 6F 6E 28  |1_606]=function(|
0000D6A0  78 2C 58 2C 79 2C 54 2C 41 29 6C 6F 63 61 6C 20  |x,X,y,T,A)local |
0000D6B0  4C 51 3D 36 33 3B 6C 6F 63 61 6C 20 43 4E 2C 50  |LQ=63;local CN,P|
0000D6C0  74 3B 6C 6F 63 61 6C 20 75 3D 30 58 33 46 3B 6C  |t;local u=0X3F;l|
0000D6D0  6F 63 61 6C 20 47 3D 30 58 36 5F 39 3B 77 68 69  |ocal G=0X6_9;whi|
0000D6E0  6C 65 20 74 72 75 65 20 64 6F 20 69 66 28 28 4C  |le true do if((L|
0000D6F0  51 2B 47 29 3D 3D 28 75 2B 47 29 29 74 68 65 6E  |Q+G)==(u+G))then|
0000D700  20 43 4E 3D 78 5B 30 42 31 31 30 31 31 31 30 31  | CN=x[0B11011101|
0000D710  31 30 5D 28 50 74 20 6F 72 20 30 78 38 39 2C 30  |10](Pt or 0x89,0|
0000D720  42 31 30 30 5F 30 30 30 31 5F 31 30 30 5F 30 31  |B100_0001_100_01|
0000D730  31 31 30 31 29 3B 4C 51 3D 30 42 31 5F 30 31 30  |1101);LQ=0B1_010|
0000D740  5F 31 5F 30 30 5F 30 3B 65 6C 73 65 69 66 28 28  |_1_00_0;elseif((|
0000D750  4C 51 2D 47 29 3D 3D 75 29 74 68 65 6E 20 50 74  |LQ-G)==u)then Pt|
0000D760  3D 28 78 29 5B 30 58 34 38 31 5D 28 43 4E 20 6F  |=(x)[0X481](CN o|
0000D770  72 20 30 62 31 5F 30 30 5F 30 30 30 31 31 30 5F  |r 0b1_00_000110_|
0000D780  30 5F 30 31 5F 31 31 5F 30 31 2C 30 58 38 39 29  |0_01_11_01,0X89)|
0000D790  3B 62 72 65 61 6B 3B 65 6C 73 65 20 62 72 65 61  |;break;else brea|
0000D7A0  6B 3B 65 6E 64 3B 65 6E 64 3B 69 66 28 78 29 5B  |k;end;end;if(x)[|
0000D7B0  38 38 36 5D 28 43 4E 2C 50 74 29 7E 3D 30 62 31  |886](CN,Pt)~=0b1|
0000D7C0  5F 30 30 5F 31 20 74 68 65 6E 20 72 65 74 75 72  |_00_1 then retur|
0000D7D0  6E 20 65 6E 64 3B 58 3D 78 5B 30 42 31 31 31 30  |n end;X=x[0B1110|
0000D7E0  5F 30 5F 31 5F 31 5D 28 78 2C 58 29 3B 6C 6F 63  |_0_1_1](x,X);loc|
0000D7F0  61 6C 20 62 52 2C 4D 6B 2C 70 4F 3D 78 5B 33 32  |al bR,Mk,pO=x[32|
0000D800  37 5D 2C 78 5B 30 62 31 31 31 31 30 31 31 5F 31  |7],x[0b1111011_1|
0000D810  30 30 5D 2C 78 5B 30 42 31 30 31 30 30 5F 30 31  |00],x[0B10100_01|
0000D820  5F 30 5D 3B 6C 6F 63 61 6C 20 70 79 3D 78 5B 30  |_0];local py=x[0|
0000D830  42 31 5F 30 31 5F 30 31 30 30 30 31 5D 3B 69 66  |B1_01_010001];if|
0000D840  20 6E 6F 74 20 70 79 20 74 68 65 6E 20 6C 6F 63  | not py then loc|
0000D850  61 6C 20 74 65 3D 78 5B 30 42 31 31 5F 31 30 31  |al te=x[0B11_101|
0000D860  30 31 5D 28 7B 78 5B 30 42 31 31 30 30 5F 30 30  |01]({x[0B1100_00|
0000D870  5F 30 5F 31 30 5D 28 78 2C 78 5B 30 78 44 34 5D  |_0_10](x,x[0xD4]|
0000D880  2C 78 5B 30 78 34 42 61 5D 28 78 5B 30 78 36 66  |,x[0x4Ba](x[0x6f|
0000D890  5D 29 29 7D 2C 22 22 29 3B 70 79 3D 7B 7D 3B 66  |]))},"");py={};f|
0000D8A0  6F 72 20 4F 6B 3D 30 78 31 2C 23 74 65 20 64 6F  |or Ok=0x1,#te do|
0000D8B0  20 70 79 5B 70 4F 28 74 65 2C 4F 6B 2C 4F 6B 29  | py[pO(te,Ok,Ok)|
0000D8C0  5D 3D 4F 6B 2D 30 42 30 5F 30 31 20 65 6E 64 3B  |]=Ok-0B0_01 end;|
0000D8D0  78 5B 33 33 37 5D 3D 70 79 3B 65 6E 64 3B 6C 6F  |x[337]=py;end;lo|
0000D8E0  63 61 6C 20 45 6A 3D 70 79 5B 70 4F 28 58 2C 30  |cal Ej=py[pO(X,0|
0000D8F0  78 36 2C 30 78 36 29 5D 3B 6C 6F 63 61 6C 20 41  |x6,0x6)];local A|
0000D900  75 3D 28 28 23 58 2D 37 2B 30 42 30 5F 30 31 29  |u=((#X-7+0B0_01)|
0000D910  2F 35 29 2A 34 3B 6C 6F 63 61 6C 20 65 62 3D 78  |/5)*4;local eb=x|
0000D920  5B 30 78 42 30 5D 28 41 75 29 3B 6C 6F 63 61 6C  |[0xB0](Au);local|
0000D930  20 73 73 3D 30 62 30 3B 6C 6F 63 61 6C 20 4C 4B  | ss=0b0;local LK|
0000D940  3D 30 78 30 3B 66 6F 72 20 4F 6B 3D 30 62 31 31  |=0x0;for Ok=0b11|
0000D950  31 2C 23 58 2C 30 78 35 20 64 6F 20 6C 6F 63 61  |1,#X,0x5 do loca|
0000D960  6C 20 6D 69 2C 4F 43 2C 72 66 2C 42 61 2C 47 55  |l mi,OC,rf,Ba,GU|
0000D970  3D 70 4F 28 58 2C 4F 6B 2C 4F 6B 2B 30 62 31 5F  |=pO(X,Ok,Ok+0b1_|
0000D980  30 30 29 3B 6C 6F 63 61 6C 20 56 50 3D 28 28 70  |00);local VP=((p|
0000D990  79 5B 6D 69 5D 2D 28 4C 4B 2A 62 52 29 25 30 62  |y[mi]-(LK*bR)%0b|
0000D9A0  31 30 31 30 31 5F 30 31 2B 30 58 35 5F 35 2A 30  |10101_01+0X5_5*0|
0000D9B0  78 43 38 29 25 30 62 31 5F 30 31 30 5F 31 30 31  |xC8)%0b1_010_101|
0000D9C0  29 2A 28 28 30 42 31 30 30 30 31 2B 30 42 31 31  |)*((0B10001+0B11|
0000D9D0  31 31 5F 31 29 2A 30 62 31 5F 30 30 3E 30 62 31  |11_1)*0b1_00>0b1|
0000D9E0  30 5F 30 20 61 6E 64 28 30 78 32 30 5F 36 37 65  |0_0 and(0x20_67e|
0000D9F0  34 2B 35 30 5F 30 37 36 5F 38 37 37 29 6F 72 28  |4+50_076_877)or(|
0000DA00  30 62 31 5F 31 30 30 30 5F 31 5F 31 31 30 30 5F  |0b1_1000_1_1100_|
0000DA10  31 30 30 30 30 31 5F 30 30 5F 31 5F 31 31 5F 31  |100001_00_1_11_1|
0000DA20  30 31 5F 31 31 2D 30 78 34 29 29 2B 28 28 70 79  |01_11-0x4))+((py|
0000DA30  5B 4F 43 5D 2D 28 28 4C 4B 2B 30 42 31 29 2A 62  |[OC]-((LK+0B1)*b|
0000DA40  52 29 25 30 42 31 30 5F 31 30 31 30 31 2B 30 58  |R)%0B10_10101+0X|
0000DA50  35 5F 35 2A 32 30 30 29 25 30 62 31 30 31 30 31  |5_5*200)%0b10101|
0000DA60  5F 30 31 29 2A 28 28 30 42 31 5F 31 31 31 30 5F  |_01)*((0B1_1110_|
0000DA70  31 3C 30 58 35 36 20 61 6E 64 20 30 62 31 31 31  |1<0X56 and 0b111|
0000DA80  5F 31 31 30 5F 31 31 30 5F 31 30 7E 3D 30 62 31  |_110_110_10~=0b1|
0000DA90  31 31 5F 31 31 31 30 30 5F 31 31 31 29 61 6E 64  |11_11100_111)and|
0000DAA0  28 30 78 33 31 46 41 34 2A 30 62 31 5F 31 2B 30  |(0x31FA4*0b1_1+0|
0000DAB0  58 31 29 6F 72 28 30 78 34 5F 61 5F 46 37 46 2A  |X1)or(0x4_a_F7F*|
0000DAC0  30 62 31 30 2B 30 78 31 29 29 2B 28 28 70 79 5B  |0b10+0x1))+((py[|
0000DAD0  72 66 5D 2D 28 28 4C 4B 2B 30 42 31 30 29 2A 62  |rf]-((LK+0B10)*b|
0000DAE0  52 29 25 30 58 35 35 2B 30 62 31 30 31 5F 30 5F  |R)%0X55+0b101_0_|
0000DAF0  31 30 5F 31 2A 30 58 43 5F 38 29 25 30 78 35 5F  |10_1*0XC_8)%0x5_|
0000DB00  35 29 2A 28 28 30 42 31 30 31 31 31 2A 30 62 31  |5)*((0B10111*0b1|
0000DB10  30 31 30 31 31 29 25 30 62 31 31 31 30 31 30 31  |01011)%0b1110101|
0000DB20  5F 31 7E 3D 35 34 20 61 6E 64 28 30 58 37 30 45  |_1~=54 and(0X70E|
0000DB30  2A 30 62 31 30 30 2B 31 29 6F 72 28 38 39 36 2B  |*0b100+1)or(896+|
0000DB40  30 62 31 31 30 5F 30 30 31 5F 31 31 30 5F 30 30  |0b110_001_110_00|
0000DB50  30 31 29 29 2B 28 28 70 79 5B 42 61 5D 2D 28 28  |01))+((py[Ba]-((|
0000DB60  4C 4B 2B 30 62 31 31 29 2A 62 52 29 25 30 62 31  |LK+0b11)*bR)%0b1|
0000DB70  30 5F 31 30 31 5F 30 31 2B 30 78 35 35 2A 30 78  |0_101_01+0x55*0x|
0000DB80  43 5F 38 29 25 30 62 31 30 31 5F 30 31 30 5F 31  |C_8)%0b101_010_1|
0000DB90  29 2A 28 28 37 39 3C 30 62 31 31 31 31 30 30 5F  |)*((79<0b111100_|
0000DBA0  30 20 61 6E 64 20 30 42 31 31 5F 30 31 5F 30 5F  |0 and 0B11_01_0_|
0000DBB0  30 31 5F 30 31 30 5F 30 31 30 31 7E 3D 30 62 31  |01_010_0101~=0b1|
0000DBC0  31 30 5F 31 30 30 5F 31 31 5F 30 30 31 5F 31 30  |10_100_11_001_10|
0000DBD0  5F 31 29 61 6E 64 28 31 30 34 2D 30 58 31 5F 33  |_1)and(104-0X1_3|
0000DBE0  29 6F 72 28 33 39 2A 30 78 33 2B 30 42 31 29 29  |)or(39*0x3+0B1))|
0000DBF0  2B 28 28 70 79 5B 47 55 5D 2D 28 28 4C 4B 2B 30  |+((py[GU]-((LK+0|
0000DC00  42 31 5F 30 5F 30 29 2A 62 52 29 25 30 58 35 5F  |B1_0_0)*bR)%0X5_|
0000DC10  35 2B 38 35 2A 30 58 63 5F 38 29 25 30 78 35 35  |5+85*0Xc_8)%0x55|
0000DC20  29 3B 78 5B 30 62 31 30 30 5F 31 31 5F 30 5F 31  |);x[0b100_11_0_1|
0000DC30  5F 30 5F 30 5F 30 5F 31 5D 28 65 62 2C 73 73 2C  |_0_0_0_1](eb,ss,|
0000DC40  56 50 29 3B 73 73 3D 73 73 2B 34 3B 4C 4B 3D 4C  |VP);ss=ss+4;LK=L|
0000DC50  4B 2B 30 62 31 30 31 3B 65 6E 64 3B 72 65 74 75  |K+0b101;end;retu|
0000DC60  72 6E 20 65 62 2C 73 73 2D 45 6A 20 65 6E 64 2C  |rn eb,ss-Ej end,|
0000DC70  5B 31 5F 30 39 36 5D 3D 66 75 6E 63 74 69 6F 6E  |[1_096]=function|
0000DC80  28 78 2C 64 4B 29 6C 6F 63 61 6C 20 72 47 3D 64  |(x,dK)local rG=d|
0000DC90  4B 5B 28 28 30 78 33 61 29 2D 28 30 58 31 5F 31  |K[((0x3a)-(0X1_1|
0000DCA0  29 29 5D 3B 69 66 20 72 47 3D 3D 65 72 72 6F 72  |))];if rG==error|
0000DCB0  20 74 68 65 6E 20 72 65 74 75 72 6E 20 72 47 28  | then return rG(|
0000DCC0  30 58 37 5F 32 38 5F 32 2C 30 58 30 29 3B 65 6E  |0X7_28_2,0X0);en|
0000DCD0  64 3B 72 65 74 75 72 6E 20 72 47 28 65 72 72 6F  |d;return rG(erro|
0000DCE0  72 2C 30 78 37 32 38 32 2C 30 62 30 29 3B 65 6E  |r,0x7282,0b0);en|
0000DCF0  64 2C 5B 31 5F 32 36 31 5D 3D 66 75 6E 63 74 69  |d,[1_261]=functi|
0000DD00  6F 6E 28 78 2C 6B 2C 54 2C 72 2C 6D 29 6C 6F 63  |on(x,k,T,r,m)loc|
0000DD10  61 6C 20 69 53 3D 78 5B 30 78 33 5F 36 5F 41 5D  |al iS=x[0x3_6_A]|
0000DD20  3B 69 66 20 6E 6F 74 20 69 53 20 74 68 65 6E 20  |;if not iS then |
0000DD30  6C 6F 63 61 6C 20 55 44 3D 78 5B 30 42 31 31 5F  |local UD=x[0B11_|
0000DD40  31 30 5F 30 31 31 31 30 5F 31 5D 28 30 58 33 37  |10_01110_1](0X37|
0000DD50  2C 30 58 32 66 29 3B 69 53 3D 66 75 6E 63 74 69  |,0X2f);iS=functi|
0000DD60  6F 6E 28 78 2C 6B 2C 54 2C 72 2C 6D 29 28 78 29  |on(x,k,T,r,m)(x)|
0000DD70  5B 30 62 31 31 5F 31 30 31 31 31 30 5F 31 30 5F  |[0b11_101110_10_|
0000DD80  31 5D 3D 7B 4A 6C 3D 30 78 35 32 2C 65 69 3D 7B  |1]={Jl=0x52,ei={|
0000DD90  7D 7D 3B 6C 6F 63 61 6C 20 47 50 3D 78 5B 32 35  |}};local GP=x[25|
0000DDA0  36 5D 28 78 29 3B 78 5B 30 42 31 30 5F 30 5F 30  |6](x);x[0B10_0_0|
0000DDB0  31 5F 30 30 31 31 5D 3D 47 50 2E 61 51 3B 6C 6F  |1_0011]=GP.aQ;lo|
0000DDC0  63 61 6C 20 4A 59 3D 78 5B 30 78 33 37 36 5D 28  |cal JY=x[0x376](|
0000DDD0  30 42 31 5F 30 30 31 5F 31 31 30 31 30 31 5F 31  |0B1_001_110101_1|
0000DDE0  30 31 31 31 30 30 5F 30 5F 30 5F 31 31 5F 30 30  |011100_0_0_11_00|
0000DDF0  5F 31 5F 31 30 30 5F 31 30 5F 30 30 30 2C 78 5B  |_1_100_10_000,x[|
0000DE00  30 62 31 30 5F 31 30 31 5F 31 30 30 5F 30 5D 28  |0b10_101_100_0](|
0000DE10  78 2C 78 5B 30 42 31 31 30 31 31 31 5F 30 31 31  |x,x[0B110111_011|
0000DE20  30 5D 28 78 5B 30 58 33 39 64 5D 28 28 78 29 5B  |0](x[0X39d]((x)[|
0000DE30  32 37 35 5D 2A 30 42 31 30 5F 30 30 5F 30 30 5F  |275]*0B10_00_00_|
0000DE40  30 5F 30 31 30 30 30 30 30 5F 30 30 5F 31 30 30  |0_0100000_00_100|
0000DE50  5F 30 5F 30 5F 30 5F 30 5F 30 31 2C 28 28 30 42  |_0_0_0_0_01,((0B|
0000DE60  31 5F 30 30 30 30 5F 30 5F 30 30 30 30 30 5F 30  |1_0000_0_00000_0|
0000DE70  5F 30 30 30 30 30 5F 30 30 30 30 30 30 30 30 30  |_00000_000000000|
0000DE80  30 30 30 31 30 5F 30 5F 30 29 2D 28 30 42 31 5F  |00010_0_0)-(0B1_|
0000DE90  30 5F 30 31 29 29 29 2C 30 62 31 5F 30 5F 31 30  |0_01))),0b1_0_10|
0000DEA0  31 30 31 31 30 30 5F 30 31 5F 31 30 5F 31 5F 31  |101100_01_10_1_1|
0000DEB0  30 30 5F 31 5F 30 30 31 5F 30 30 5F 30 30 5F 30  |00_1_001_00_00_0|
0000DEC0  5F 30 31 30 31 30 29 29 29 3B 6C 6F 63 61 6C 20  |_01010)));local |
0000DED0  41 63 2C 53 73 2C 77 72 2C 54 6D 2C 55 70 3D 47  |Ac,Ss,wr,Tm,Up=G|
0000DEE0  50 2E 41 63 2C 47 50 2E 53 73 2C 47 50 2E 77 72  |P.Ac,GP.Ss,GP.wr|
0000DEF0  2C 47 50 2E 54 6D 2C 47 50 2E 55 70 3B 6C 6F 63  |,GP.Tm,GP.Up;loc|
0000DF00  61 6C 20 63 6E 2C 69 63 2C 4D 50 3D 78 5B 30 62  |al cn,ic,MP=x[0b|
0000DF10  31 30 31 5F 31 30 5F 30 30 30 5D 28 32 35 5F 30  |101_10_000](25_0|
0000DF20  34 31 29 2C 30 62 30 2C 47 50 2E 4D 50 3B 69 66  |41),0b0,GP.MP;if|
0000DF30  20 47 50 2E 65 61 7E 3D 30 42 30 20 74 68 65 6E  | GP.ea~=0B0 then|
0000DF40  28 78 29 5B 30 78 31 5F 44 39 5D 28 78 2C 78 5B  |(x)[0x1_D9](x,x[|
0000DF50  30 62 31 31 5F 31 30 31 5F 31 31 5F 30 31 30 31  |0b11_101_11_0101|
0000DF60  5D 2C 53 73 2C 77 72 2C 54 6D 2C 47 50 2E 65 61  |],Ss,wr,Tm,GP.ea|
0000DF70  29 3B 78 5B 30 78 37 30 39 5D 28 78 2C 30 58 31  |);x[0x709](x,0X1|
0000DF80  32 2C 34 37 5F 35 37 32 29 3B 65 6E 64 3B 66 6F  |2,47_572);end;fo|
0000DF90  72 20 50 4A 3D 30 58 31 2C 23 54 6D 20 64 6F 20  |r PJ=0X1,#Tm do |
0000DFA0  52 73 3D 78 5B 30 42 31 31 5F 30 5F 31 31 31 5F  |Rs=x[0B11_0_111_|
0000DFB0  30 5F 31 5F 31 5F 30 5D 28 78 5B 38 38 36 5D 28  |0_1_1_0](x[886](|
0000DFC0  54 6D 5B 50 4A 5D 2C 78 5B 30 62 31 31 30 5F 31  |Tm[PJ],x[0b110_1|
0000DFD0  5F 30 31 30 5F 30 5D 29 2C 78 5B 38 38 36 5D 28  |_010_0]),x[886](|
0000DFE0  28 28 30 58 33 39 2B 50 4A 2A 28 28 32 37 32 29  |((0X39+PJ*((272)|
0000DFF0  2D 30 78 32 35 2D 30 58 33 38 29 2B 28 50 4A 25  |-0x25-0X38)+(PJ%|
0000E000  30 62 31 31 31 5F 31 31 30 31 31 29 2A 31 34 29  |0b111_11011)*14)|
0000E010  25 30 78 31 30 5F 30 29 2C 78 5B 32 37 35 5D 29  |%0x10_0),x[275])|
0000E020  29 3B 6C 6F 63 61 6C 20 53 79 3D 78 5B 30 78 33  |);local Sy=x[0x3|
0000E030  37 36 5D 28 52 73 2C 4D 50 29 2B 28 55 70 2D 55  |76](Rs,MP)+(Up-U|
0000E040  70 29 3B 4D 50 3D 78 5B 39 32 35 5D 28 4D 50 2B  |p);MP=x[925](MP+|
0000E050  53 79 2A 28 28 30 58 34 62 29 2D 28 30 42 31 30  |Sy*((0X4b)-(0B10|
0000E060  30 5F 31 30 30 29 29 2B 50 4A 2A 28 28 31 37 36  |0_100))+PJ*((176|
0000E070  29 2D 28 30 42 31 31 5F 30 5F 30 29 29 2C 30 62  |)-(0B11_0_0)),0b|
0000E080  31 31 31 5F 31 5F 31 5F 31 31 31 29 3B 54 6D 5B  |111_1_1_111);Tm[|
0000E090  50 4A 5D 3D 28 7B 7D 29 5B 30 78 36 43 5F 30 30  |PJ]=({})[0x6C_00|
0000E0A0  64 5D 3B 69 66 20 53 79 3E 23 77 72 20 74 68 65  |d];if Sy>#wr the|
0000E0B0  6E 20 53 79 3D 53 79 2D 23 77 72 20 65 6E 64 3B  |n Sy=Sy-#wr end;|
0000E0C0  6C 6F 63 61 6C 20 6D 47 3D 77 72 5B 53 79 5D 3B  |local mG=wr[Sy];|
0000E0D0  6C 6F 63 61 6C 20 7A 75 2C 6E 6A 3D 78 5B 30 42  |local zu,nj=x[0B|
0000E0E0  31 5F 31 5F 30 5F 30 31 30 30 5F 30 31 31 5F 30  |1_1_0_0100_011_0|
0000E0F0  5D 28 78 2C 6D 47 29 3B 78 5B 31 5F 32 39 33 5D  |](x,mG);x[1_293]|
0000E100  28 63 6E 2C 69 63 2C 7A 75 2C 30 62 30 2C 6E 6A  |(cn,ic,zu,0b0,nj|
0000E110  29 3B 69 63 3D 69 63 2B 6E 6A 3B 65 6E 64 3B 78  |);ic=ic+nj;end;x|
0000E120  5B 30 62 31 31 31 30 5F 31 31 31 5F 30 31 5F 30  |[0b1110_111_01_0|
0000E130  31 5D 2E 65 69 3D 63 6E 3B 72 65 74 75 72 6E 28  |1].ei=cn;return(|
0000E140  78 29 5B 31 5F 37 36 30 5D 28 78 2C 63 6E 2C 41  |x)[1_760](x,cn,A|
0000E150  63 2C 4A 59 2C 53 73 29 3B 65 6E 64 3B 78 5B 30  |c,JY,Ss);end;x[0|
0000E160  42 31 31 30 5F 31 31 30 31 30 31 30 5D 3D 69 53  |B110_1101010]=iS|
0000E170  3B 65 6C 73 65 20 6C 6F 63 61 6C 20 55 44 3D 78  |;else local UD=x|
0000E180  5B 30 62 31 31 5F 30 31 31 31 30 31 31 30 5D 28  |[0b11_01110110](|
0000E190  35 35 2C 30 78 32 5F 46 29 3B 65 6E 64 3B 72 65  |55,0x2_F);end;re|
0000E1A0  74 75 72 6E 20 69 53 28 78 2C 6B 2C 54 2C 72 2C  |turn iS(x,k,T,r,|
0000E1B0  6D 29 3B 65 6E 64 2C 5B 31 5F 38 31 32 5D 3D 7B  |m);end,[1_812]={|
0000E1C0  34 38 2C 30 58 32 32 2C 30 62 31 30 31 31 31 31  |48,0X22,0b101111|
0000E1D0  2C 30 42 31 31 30 31 31 31 30 2C 33 33 2C 33 35  |,0B1101110,33,35|
0000E1E0  2C 30 58 35 31 2C 30 62 31 30 5F 31 30 31 30 5F  |,0X51,0b10_1010_|
0000E1F0  30 2C 30 62 31 30 31 30 5F 31 31 30 2C 30 58 36  |0,0b1010_110,0X6|
0000E200  5F 34 2C 30 42 31 5F 30 31 5F 30 31 5F 31 31 2C  |_4,0B1_01_01_11,|
0000E210  30 62 31 30 30 30 30 30 7D 2C 5B 30 62 31 31 5F  |0b100000},[0b11_|
0000E220  31 31 30 31 31 31 30 5F 30 5D 3D 73 74 72 69 6E  |1101110_0]=strin|
0000E230  67 2C 5B 30 58 32 44 42 5D 3D 66 75 6E 63 74 69  |g,[0X2DB]=functi|
0000E240  6F 6E 28 78 2C 5A 42 29 6C 6F 63 61 6C 20 55 75  |on(x,ZB)local Uu|
0000E250  3D 5A 42 5B 30 58 31 41 5D 3B 69 66 20 6E 6F 74  |=ZB[0X1A];if not|
0000E260  20 55 75 20 74 68 65 6E 20 72 65 74 75 72 6E 20  | Uu then return |
0000E270  5A 42 5B 30 42 30 5F 30 31 5D 65 6E 64 3B 6C 6F  |ZB[0B0_01]end;lo|
0000E280  63 61 6C 20 4C 6B 3D 78 5B 38 38 36 5D 28 55 75  |cal Lk=x[886](Uu|
0000E290  5B 30 42 31 31 30 5D 2C 30 62 31 5F 30 30 31 31  |[0B110],0b1_0011|
0000E2A0  31 31 31 30 5F 31 31 30 30 30 31 29 3B 6C 6F 63  |1110_110001);loc|
0000E2B0  61 6C 20 6A 6F 3D 5A 42 5B 30 42 31 5D 3B 69 66  |al jo=ZB[0B1];if|
0000E2C0  20 6A 6F 20 74 68 65 6E 20 72 65 74 75 72 6E 20  | jo then return |
0000E2D0  6A 6F 20 65 6E 64 3B 6A 6F 3D 55 75 5B 28 28 2D  |jo end;jo=Uu[((-|
0000E2E0  30 78 32 32 29 2B 28 33 37 29 29 5D 2D 4C 6B 2D  |0x22)+(37))]-Lk-|
0000E2F0  28 28 33 31 5F 38 39 35 29 2D 28 30 42 31 31 5F  |((31_895)-(0B11_|
0000E300  30 31 5F 31 30 29 29 3B 72 65 74 75 72 6E 20 6A  |01_10));return j|
0000E310  6F 3B 65 6E 64 2C 5B 30 42 31 30 31 30 30 5F 30  |o;end,[0B10100_0|
0000E320  5F 31 5F 31 5D 3D 30 58 36 35 2C 5B 30 78 31 5F  |_1_1]=0X65,[0x1_|
0000E330  34 37 5D 3D 28 28 30 58 32 5F 39 2A 30 58 64 29  |47]=((0X2_9*0Xd)|
0000E340  25 30 62 31 31 5F 30 5F 30 5F 30 31 5F 31 30 7E  |%0b11_0_0_01_10~|
0000E350  3D 30 62 31 30 5F 30 30 5F 31 5F 31 30 30 20 61  |=0b10_00_1_100 a|
0000E360  6E 64 28 28 34 33 2D 30 78 32 31 29 2B 28 30 62  |nd((43-0x21)+(0b|
0000E370  31 5F 30 30 31 30 30 2B 30 58 31 35 29 29 6F 72  |1_00100+0X15))or|
0000E380  28 33 34 2A 30 78 34 2B 30 58 30 29 29 2C 5B 30  |(34*0x4+0X0)),[0|
0000E390  62 31 5F 31 30 31 31 31 30 30 30 5F 31 31 5D 3D  |b1_10111000_11]=|
0000E3A0  66 75 6E 63 74 69 6F 6E 28 78 2C 58 4D 2C 58 4D  |function(x,XM,XM|
0000E3B0  2C 4D 49 29 6C 6F 63 61 6C 20 62 47 3D 7B 7D 3B  |,MI)local bG={};|
0000E3C0  62 47 5B 28 28 30 78 31 36 62 36 29 2B 28 30 42  |bG[((0x16b6)+(0B|
0000E3D0  31 30 5F 31 31 29 29 5D 3D 28 28 28 30 78 31 39  |10_11))]=(((0x19|
0000E3E0  42 36 2B 30 78 61 5F 39 3E 30 62 31 5F 30 5F 31  |B6+0xa_9>0b1_0_1|
0000E3F0  30 31 5F 30 30 31 29 61 6E 64 20 35 37 5F 32 33  |01_001)and 57_23|
0000E400  31 20 6F 72 20 30 62 31 31 30 5F 31 31 5F 31 31  |1 or 0b110_11_11|
0000E410  31 31 5F 30 30 31 30 5F 30 30 5F 30 29 29 3B 72  |11_0010_00_0));r|
0000E420  65 74 75 72 6E 20 62 47 5B 30 58 31 36 43 31 5D  |eturn bG[0X16C1]|
0000E430  65 6E 64 2C 5B 30 78 35 41 65 5D 3D 30 42 31 5F  |end,[0x5Ae]=0B1_|
0000E440  31 5F 31 30 30 5F 31 30 2C 5B 30 58 34 64 45 5D  |1_100_10,[0X4dE]|
0000E450  3D 30 78 36 5F 36 2C 5B 30 58 34 42 41 5D 3D 75  |=0x6_6,[0X4BA]=u|
0000E460  6E 70 61 63 6B 2C 5B 31 5F 38 30 31 5D 3D 66 75  |npack,[1_801]=fu|
0000E470  6E 63 74 69 6F 6E 28 78 2C 6B 2C 6D 2C 72 2C 41  |nction(x,k,m,r,A|
0000E480  29 69 66 28 28 28 30 62 31 31 30 5F 30 30 31 3C  |)if(((0b110_001<|
0000E490  30 58 34 5F 35 20 61 6E 64 20 30 42 31 5F 30 5F  |0X4_5 and 0B1_0_|
0000E4A0  30 30 31 30 5F 31 3C 37 33 29 6F 72 28 30 42 31  |0010_1<73)or(0B1|
0000E4B0  5F 30 31 5F 31 30 31 5F 30 5F 31 5F 30 31 31 30  |_01_101_0_1_0110|
0000E4C0  30 30 30 31 7E 3D 30 58 62 35 5F 38 37 29 29 29  |0001~=0Xb5_87)))|
0000E4D0  74 68 65 6E 20 6C 6F 63 61 6C 20 4B 6A 2C 73 64  |then local Kj,sd|
0000E4E0  3B 66 6F 72 20 69 6B 3D 30 62 31 5F 31 30 30 31  |;for ik=0b1_1001|
0000E4F0  31 30 2C 30 78 32 5F 32 66 2C 31 30 32 20 64 6F  |10,0x2_2f,102 do|
0000E500  20 69 66 20 69 6B 3D 3D 30 42 31 31 30 30 31 5F  | if ik==0B11001_|
0000E510  31 30 20 74 68 65 6E 20 77 68 69 6C 65 20 74 72  |10 then while tr|
0000E520  75 65 20 64 6F 20 69 66 20 69 6B 3D 3D 30 58 36  |ue do if ik==0X6|
0000E530  36 20 74 68 65 6E 20 4B 6A 3D 7B 4B 6A 7D 3B 65  |6 then Kj={Kj};e|
0000E540  6C 73 65 69 66 28 78 29 5B 30 42 31 31 5F 30 31  |lseif(x)[0B11_01|
0000E550  31 31 30 5F 31 31 5F 30 5D 28 73 64 20 6F 72 20  |110_11_0](sd or |
0000E560  31 35 32 2C 36 32 39 29 7E 3D 30 58 37 41 20 74  |152,629)~=0X7A t|
0000E570  68 65 6E 20 62 72 65 61 6B 3B 65 6E 64 3B 65 6E  |hen break;end;en|
0000E580  64 3B 65 6C 73 65 69 66 20 69 6B 3D 3D 30 78 32  |d;elseif ik==0x2|
0000E590  5F 32 66 20 74 68 65 6E 20 4B 6A 3D 78 5B 30 42  |_2f then Kj=x[0B|
0000E5A0  31 5F 31 31 31 31 5F 31 30 5D 28 78 2C 4B 6A 20  |1_1111_10](x,Kj |
0000E5B0  6F 72 20 72 2C 41 29 3B 65 6C 73 65 20 62 72 65  |or r,A);else bre|
0000E5C0  61 6B 3B 65 6E 64 3B 65 6E 64 3B 72 65 74 75 72  |ak;end;end;retur|
0000E5D0  6E 20 41 20 6F 72 20 30 42 31 5F 31 5F 30 30 31  |n A or 0B1_1_001|
0000E5E0  5F 31 30 3B 65 6C 73 65 20 72 65 74 75 72 6E 20  |_10;else return |
0000E5F0  30 62 31 30 30 30 30 31 30 5F 30 3B 65 6E 64 3B  |0b1000010_0;end;|
0000E600  65 6E 64 2C 5B 30 62 31 5F 31 30 30 30 5F 31 31  |end,[0b1_1000_11|
0000E610  31 5F 30 31 5F 31 5D 3D 66 75 6E 63 74 69 6F 6E  |1_01_1]=function|
0000E620  28 78 2C 4F 71 2C 64 44 2C 65 76 29 69 66 20 65  |(x,Oq,dD,ev)if e|
0000E630  76 20 74 68 65 6E 20 6C 6F 63 61 6C 20 70 53 3D  |v then local pS=|
0000E640  28 4F 71 2F 30 78 32 5E 28 64 44 2D 30 42 30 5F  |(Oq/0x2^(dD-0B0_|
0000E650  30 31 29 29 25 30 42 31 30 5E 28 28 65 76 2D 30  |01))%0B10^((ev-0|
0000E660  42 30 5F 30 31 29 2D 28 64 44 2D 30 42 30 5F 30  |B0_01)-(dD-0B0_0|
0000E670  31 29 2B 30 58 31 29 3B 72 65 74 75 72 6E 20 70  |1)+0X1);return p|
0000E680  53 2D 70 53 25 30 42 31 3B 65 6C 73 65 20 6C 6F  |S-pS%0B1;else lo|
0000E690  63 61 6C 20 6A 52 3D 28 28 30 42 31 30 5F 30 31  |cal jR=((0B10_01|
0000E6A0  5F 31 31 31 29 2D 30 58 33 63 2D 30 42 31 30 30  |_111)-0X3c-0B100|
0000E6B0  30 31 29 5E 28 64 44 2D 30 58 31 29 3B 72 65 74  |01)^(dD-0X1);ret|
0000E6C0  75 72 6E 28 4F 71 25 28 6A 52 2B 6A 52 29 3E 3D  |urn(Oq%(jR+jR)>=|
0000E6D0  6A 52 29 61 6E 64 20 30 58 31 20 6F 72 20 30 78  |jR)and 0X1 or 0x|
0000E6E0  30 3B 65 6E 64 3B 65 6E 64 2C 5B 30 78 34 5F 32  |0;end;end,[0x4_2|
0000E6F0  5D 3D 7B 30 42 31 5F 30 30 5F 30 5F 30 30 31 5F  |]={0B1_00_0_001_|
0000E700  31 7D 2C 5B 31 5F 33 33 30 5D 3D 67 63 69 6E 66  |1},[1_330]=gcinf|
0000E710  6F 2C 5B 35 32 33 5D 3D 74 6F 6E 75 6D 62 65 72  |o,[523]=tonumber|
0000E720  2C 5B 30 78 35 43 41 5D 3D 66 75 6E 63 74 69 6F  |,[0x5CA]=functio|
0000E730  6E 28 78 2C 70 55 29 6C 6F 63 61 6C 20 41 5A 3D  |n(x,pU)local AZ=|
0000E740  30 78 34 3B 77 68 69 6C 65 20 41 5A 3C 30 78 35  |0x4;while AZ<0x5|
0000E750  38 44 64 20 64 6F 20 6C 6F 63 61 6C 20 4B 61 3D  |8Dd do local Ka=|
0000E760  78 5B 30 62 31 5F 31 30 5F 31 30 5F 31 31 5F 31  |x[0b1_10_10_11_1|
0000E770  5F 30 31 30 5D 28 70 55 2C 41 5A 29 3B 41 5A 3D  |_010](pU,AZ);AZ=|
0000E780  41 5A 2B 30 42 30 5F 30 31 3B 69 66 20 4B 61 3D  |AZ+0B0_01;if Ka=|
0000E790  3D 30 62 31 5F 31 20 74 68 65 6E 20 41 5A 3D 41  |=0b1_1 then AZ=A|
0000E7A0  5A 2B 30 62 31 3B 65 6C 73 65 69 66 20 4B 61 3D  |Z+0b1;elseif Ka=|
0000E7B0  3D 28 28 30 58 31 31 32 29 2D 30 58 31 63 2D 30  |=((0X112)-0X1c-0|
0000E7C0  78 38 29 74 68 65 6E 20 6C 6F 63 61 6C 20 51 65  |x8)then local Qe|
0000E7D0  3D 78 5B 30 42 31 5F 31 30 31 5F 30 31 31 31 30  |=x[0B1_101_01110|
0000E7E0  5F 31 5F 30 5D 28 70 55 2C 41 5A 29 3B 41 5A 3D  |_1_0](pU,AZ);AZ=|
0000E7F0  41 5A 2B 30 42 30 5F 30 31 2B 51 65 3B 65 6C 73  |AZ+0B0_01+Qe;els|
0000E800  65 69 66 20 4B 61 3D 3D 30 58 63 5F 62 20 74 68  |eif Ka==0Xc_b th|
0000E810  65 6E 20 6C 6F 63 61 6C 20 51 65 3D 78 5B 38 34  |en local Qe=x[84|
0000E820  37 5D 28 70 55 2C 41 5A 29 3B 41 5A 3D 41 5A 2B  |7](pU,AZ);AZ=AZ+|
0000E830  34 3B 69 66 20 51 65 7E 3D 32 32 5F 33 32 36 20  |4;if Qe~=22_326 |
0000E840  74 68 65 6E 20 72 65 74 75 72 6E 20 6E 69 6C 20  |then return nil |
0000E850  65 6E 64 3B 6C 6F 63 61 6C 20 59 54 3D 78 5B 30  |end;local YT=x[0|
0000E860  62 31 5F 30 31 31 30 5F 30 30 30 5D 28 51 65 29  |b1_0110_000](Qe)|
0000E870  3B 78 5B 30 78 35 5F 30 5F 64 5D 28 59 54 2C 30  |;x[0x5_0_d](YT,0|
0000E880  2C 70 55 2C 41 5A 2C 51 65 29 3B 72 65 74 75 72  |,pU,AZ,Qe);retur|
0000E890  6E 20 59 54 3B 65 6C 73 65 20 72 65 74 75 72 6E  |n YT;else return|
0000E8A0  20 6E 69 6C 20 65 6E 64 3B 65 6E 64 3B 72 65 74  | nil end;end;ret|
0000E8B0  75 72 6E 20 6E 69 6C 20 65 6E 64 2C 5B 30 78 37  |urn nil end,[0x7|
0000E8C0  31 5F 39 5D 3D 66 75 6E 63 74 69 6F 6E 28 78 2C  |1_9]=function(x,|
0000E8D0  41 2C 6B 2C 79 2C 54 2C 58 29 69 66 28 28 28 30  |A,k,y,T,X)if(((0|
0000E8E0  62 31 30 30 30 30 3C 30 78 33 5F 37 20 61 6E 64  |b10000<0x3_7 and|
0000E8F0  20 30 58 33 5F 37 3C 30 62 31 31 31 31 30 5F 31  | 0X3_7<0b11110_1|
0000E900  29 6F 72 28 30 58 33 39 44 44 7E 3D 30 78 33 41  |)or(0X39DD~=0x3A|
0000E910  5F 30 31 29 29 29 74 68 65 6E 20 6C 6F 63 61 6C  |_01)))then local|
0000E920  20 58 42 3D 30 62 31 5F 30 5F 30 31 5F 31 31 3B  | XB=0b1_0_01_11;|
0000E930  6C 6F 63 61 6C 20 72 64 2C 41 6B 3B 6C 6F 63 61  |local rd,Ak;loca|
0000E940  6C 20 5F 6F 6D 38 3D 30 42 31 30 30 31 5F 31 31  |l _om8=0B1001_11|
0000E950  3B 6C 6F 63 61 6C 20 5F 74 68 78 3D 30 78 41 34  |;local _thx=0xA4|
0000E960  3B 72 65 70 65 61 74 20 69 66 28 28 58 42 2B 5F  |;repeat if((XB+_|
0000E970  74 68 78 29 3D 3D 28 5F 6F 6D 38 2B 5F 74 68 78  |thx)==(_om8+_thx|
0000E980  29 29 74 68 65 6E 20 72 64 3D 78 5B 30 62 31 5F  |))then rd=x[0b1_|
0000E990  31 31 30 30 31 31 5F 31 5F 30 5F 31 5D 28 41 6B  |110011_1_0_1](Ak|
0000E9A0  20 6F 72 20 30 62 31 31 31 5F 30 5F 30 30 5F 31  | or 0b111_0_00_1|
0000E9B0  30 2C 30 62 31 31 30 30 31 31 31 31 5F 31 30 5F  |0,0b11001111_10_|
0000E9C0  30 30 30 30 5F 31 5F 30 29 3B 58 42 3D 30 58 43  |0000_1_0);XB=0XC|
0000E9D0  42 3B 63 6F 6E 74 69 6E 75 65 3B 65 6C 73 65 69  |B;continue;elsei|
0000E9E0  66 28 28 58 42 2D 5F 74 68 78 29 3D 3D 5F 6F 6D  |f((XB-_thx)==_om|
0000E9F0  38 29 74 68 65 6E 20 41 6B 3D 78 5B 30 42 31 31  |8)then Ak=x[0B11|
0000EA00  30 31 31 31 5F 30 31 31 30 5D 28 72 64 20 6F 72  |0111_0110](rd or|
0000EA10  20 30 62 31 31 30 5F 30 31 31 5F 31 5F 31 5F 31  | 0b110_011_1_1_1|
0000EA20  5F 30 30 30 30 30 31 30 2C 30 62 31 5F 31 31 30  |_0000010,0b1_110|
0000EA30  5F 30 30 31 30 29 3B 62 72 65 61 6B 3B 65 6C 73  |_0010);break;els|
0000EA40  65 20 62 72 65 61 6B 3B 65 6E 64 3B 75 6E 74 69  |e break;end;unti|
0000EA50  6C 20 66 61 6C 73 65 3B 69 66 28 78 29 5B 30 58  |l false;if(x)[0X|
0000EA60  33 37 5F 36 5D 28 72 64 2C 41 6B 29 7E 3D 30 42  |37_6](rd,Ak)~=0B|
0000EA70  31 31 31 5F 30 30 30 5F 31 5F 30 20 74 68 65 6E  |111_000_1_0 then|
0000EA80  20 72 65 74 75 72 6E 20 65 6E 64 3B 6C 6F 63 61  | return end;loca|
0000EA90  6C 20 74 6C 3D 30 58 34 38 3B 72 65 70 65 61 74  |l tl=0X48;repeat|
0000EAA0  20 69 66 20 74 6C 3D 3D 30 78 34 5F 38 20 74 68  | if tl==0x4_8 th|
0000EAB0  65 6E 20 58 71 3D 78 5B 30 58 33 5F 64 43 5D 5B  |en Xq=x[0X3_dC][|
0000EAC0  78 5B 30 78 31 5F 38 32 5D 28 78 2C 30 62 31 30  |x[0x1_82](x,0b10|
0000EAD0  31 5F 30 2C 30 62 31 31 30 31 30 30 30 2C 30 78  |1_0,0b1101000,0x|
0000EAE0  37 33 2C 30 58 37 5F 45 2C 30 58 36 5F 46 29 5D  |73,0X7_E,0X6_F)]|
0000EAF0  3B 62 4F 3D 78 5B 30 62 31 31 5F 31 30 5F 31 30  |;bO=x[0b11_10_10|
0000EB00  31 30 30 30 31 5D 28 58 71 29 3B 75 65 2C 63 62  |10001](Xq);ue,cb|
0000EB10  3D 78 5B 30 78 36 44 41 5D 28 78 5B 30 78 34 5F  |=x[0x6DA](x[0x4_|
0000EB20  34 36 5D 2C 58 71 2C 62 4F 29 3B 4A 68 3D 78 5B  |46],Xq,bO);Jh=x[|
0000EB30  38 38 36 5D 28 28 28 30 78 66 63 43 5F 45 29 2D  |886](((0xfcC_E)-|
0000EB40  28 30 62 31 30 30 5F 31 31 29 29 2C 28 28 32 36  |(0b100_11)),((26|
0000EB50  5F 36 33 33 29 2D 28 34 31 29 29 29 3B 74 6C 3D  |_633)-(41)));tl=|
0000EB60  30 62 31 30 31 5F 31 5F 30 31 30 30 3B 63 6F 6E  |0b101_1_0100;con|
0000EB70  74 69 6E 75 65 3B 65 6C 73 65 69 66 20 74 6C 3D  |tinue;elseif tl=|
0000EB80  3D 30 58 42 34 20 74 68 65 6E 20 48 4F 3D 7B 30  |=0XB4 then HO={0|
0000EB90  62 31 31 5F 30 31 31 30 30 31 2C 30 62 31 30 30  |b11_011001,0b100|
0000EBA0  5F 31 31 31 5F 30 30 2C 30 58 38 5F 35 2C 30 62  |_111_00,0X8_5,0b|
0000EBB0  31 30 31 5F 30 5F 30 31 30 31 2C 30 42 31 30 31  |101_0_0101,0B101|
0000EBC0  30 30 5F 31 30 5F 30 2C 30 78 64 36 2C 30 62 31  |00_10_0,0xd6,0b1|
0000EBD0  5F 31 30 5F 30 31 5F 30 5F 31 30 2C 32 32 37 2C  |_10_01_0_10,227,|
0000EBE0  31 36 31 2C 38 37 2C 30 62 31 30 31 5F 31 2C 30  |161,87,0b101_1,0|
0000EBF0  58 33 38 2C 30 62 31 30 30 5F 31 30 5F 30 2C 30  |X38,0b100_10_0,0|
0000EC00  78 35 35 2C 30 62 31 30 30 30 30 5F 31 31 2C 31  |x55,0b10000_11,1|
0000EC10  30 35 2C 30 78 32 45 2C 30 78 39 43 2C 30 58 39  |05,0x2E,0x9C,0X9|
0000EC20  5F 38 2C 30 62 31 30 5F 30 5F 30 30 5F 30 5F 30  |_8,0b10_0_00_0_0|
0000EC30  30 2C 30 42 31 5F 30 5F 31 31 31 31 5F 30 30 2C  |0,0B1_0_1111_00,|
0000EC40  30 58 61 34 2C 30 42 31 5F 31 30 5F 31 30 30 5F  |0Xa4,0B1_10_100_|
0000EC50  30 31 2C 30 58 38 35 2C 30 78 46 5F 33 2C 32 33  |01,0X85,0xF_3,23|
0000EC60  33 2C 30 58 45 2C 30 78 30 2C 30 62 31 5F 30 5F  |3,0XE,0x0,0b1_0_|
0000EC70  31 30 5F 30 5F 30 2C 30 58 32 5F 34 2C 38 32 2C  |10_0_0,0X2_4,82,|
0000EC80  30 78 34 5F 30 2C 31 32 33 2C 30 62 31 5F 31 30  |0x4_0,123,0b1_10|
0000EC90  5F 30 30 5F 30 31 2C 30 58 37 34 2C 30 62 31 31  |_00_01,0X74,0b11|
0000ECA0  30 31 30 30 30 5F 31 2C 30 78 38 44 2C 30 42 31  |01000_1,0x8D,0B1|
0000ECB0  30 5F 31 5F 31 5F 30 31 30 5F 31 2C 30 78 45 34  |0_1_1_010_1,0xE4|
0000ECC0  2C 30 58 64 5F 32 2C 30 42 31 5F 31 30 5F 30 31  |,0Xd_2,0B1_10_01|
0000ECD0  31 31 5F 31 2C 30 42 31 31 31 30 5F 30 30 5F 30  |11_1,0B1110_00_0|
0000ECE0  5F 31 2C 30 42 31 31 31 30 5F 31 5F 31 5F 30 31  |_1,0B1110_1_1_01|
0000ECF0  2C 30 42 31 30 31 5F 31 31 2C 30 62 31 5F 30 30  |,0B101_11,0b1_00|
0000ED00  5F 31 30 31 30 2C 30 62 31 31 5F 30 31 30 30 2C  |_1010,0b11_0100,|
0000ED10  34 36 2C 30 78 35 5F 37 2C 30 78 34 42 2C 30 58  |46,0x5_7,0x4B,0X|
0000ED20  37 43 2C 30 62 31 31 30 30 31 5F 30 5F 30 7D 3B  |7C,0b11001_0_0};|
0000ED30  4E 7A 3D 22 22 3B 66 6F 72 20 77 75 3D 30 58 31  |Nz="";for wu=0X1|
0000ED40  2C 30 62 31 31 30 5F 30 31 31 20 64 6F 20 44 64  |,0b110_011 do Dd|
0000ED50  3D 78 5B 30 62 31 31 5F 31 30 30 31 5F 31 5F 31  |=x[0b11_1001_1_1|
0000ED60  30 31 5D 28 28 28 30 62 31 5F 30 31 5F 30 5F 30  |01](((0b1_01_0_0|
0000ED70  5F 31 29 2D 28 32 38 29 29 2B 77 75 2A 30 58 36  |_1)-(28))+wu*0X6|
0000ED80  64 2B 28 77 75 25 30 78 66 62 29 2A 28 28 30 78  |d+(wu%0xfb)*((0x|
0000ED90  35 38 29 2B 28 34 34 29 29 2C 30 42 31 31 5F 31  |58)+(44)),0B11_1|
0000EDA0  31 5F 31 31 31 31 29 3B 4E 7A 3D 4E 7A 2E 2E 28  |1_1111);Nz=Nz..(|
0000EDB0  78 29 5B 30 78 31 5F 61 35 5D 28 78 5B 30 78 33  |x)[0x1_a5](x[0x3|
0000EDC0  37 36 5D 28 48 4F 5B 77 75 5D 2C 44 64 29 29 3B  |76](HO[wu],Dd));|
0000EDD0  65 6E 64 3B 74 6C 3D 30 42 31 5F 30 30 30 31 30  |end;tl=0B1_00010|
0000EDE0  30 30 31 3B 63 6F 6E 74 69 6E 75 65 3B 65 6C 73  |001;continue;els|
0000EDF0  65 69 66 20 74 6C 3D 3D 32 37 33 20 74 68 65 6E  |eif tl==273 then|
0000EE00  20 74 41 3D 78 5B 30 78 33 39 44 5D 28 4A 68 20  | tA=x[0x39D](Jh |
0000EE10  6F 72 28 28 30 58 36 38 30 5F 39 29 2D 28 34 31  |or((0X680_9)-(41|
0000EE20  29 29 2C 28 28 30 78 66 5F 63 63 5F 45 29 2D 28  |)),((0xf_cc_E)-(|
0000EE30  30 42 31 5F 30 30 31 31 29 29 29 3B 69 66 20 75  |0B1_0011)));if u|
0000EE40  65 20 6F 72 20 63 62 7E 3D 4E 7A 20 74 68 65 6E  |e or cb~=Nz then|
0000EE50  20 72 65 74 75 72 6E 20 78 5B 30 42 31 31 5F 30  | return x[0B11_0|
0000EE60  5F 31 31 31 5F 30 31 5F 31 30 5D 28 30 78 32 61  |_111_01_10](0x2a|
0000EE70  2C 36 39 29 3B 65 6E 64 3B 62 72 65 61 6B 3B 65  |,69);end;break;e|
0000EE80  6C 73 65 20 62 72 65 61 6B 3B 65 6E 64 3B 75 6E  |lse break;end;un|
0000EE90  74 69 6C 20 66 61 6C 73 65 3B 72 65 74 75 72 6E  |til false;return|
0000EEA0  28 28 30 62 31 31 30 30 5F 31 31 5F 31 29 2D 30  |((0b1100_11_1)-0|
0000EEB0  58 32 66 2D 30 42 31 5F 31 31 30 29 3B 65 6E 64  |X2f-0B1_110);end|
0000EEC0  3B 65 6E 64 2C 5B 30 42 31 5F 31 5F 30 30 31 31  |;end,[0B1_1_0011|
0000EED0  30 30 30 31 31 5D 3D 66 75 6E 63 74 69 6F 6E 28  |00011]=function(|
0000EEE0  78 2C 77 50 29 6C 6F 63 61 6C 20 56 41 3D 7B 5B  |x,wP)local VA={[|
0000EEF0  78 5B 30 58 31 38 32 5D 28 78 2C 30 42 31 30 5F  |x[0X182](x,0B10_|
0000EF00  31 5F 30 2C 30 78 36 30 2C 30 58 34 5F 34 29 5D  |1_0,0x60,0X4_4)]|
0000EF10  3D 28 28 30 58 31 5F 31 35 36 29 2D 30 58 31 30  |=((0X1_156)-0X10|
0000EF20  2D 30 62 31 5F 31 31 5F 31 29 2C 5B 78 5B 30 62  |-0b1_11_1),[x[0b|
0000EF30  31 31 30 30 30 30 5F 30 31 30 5D 28 78 2C 30 58  |110000_010](x,0X|
0000EF40  41 2C 30 58 37 5F 33 2C 30 58 35 30 29 5D 3D 28  |A,0X7_3,0X50)]=(|
0000EF50  78 29 5B 30 78 32 31 5F 32 5D 2C 5B 78 5B 30 42  |x)[0x21_2],[x[0B|
0000EF60  31 31 30 5F 30 30 30 30 31 30 5D 28 78 2C 30 58  |110_000010](x,0X|
0000EF70  41 2C 30 42 31 5F 30 5F 31 5F 31 31 30 31 2C 30  |A,0B1_0_1_1101,0|
0000EF80  42 31 30 5F 31 5F 31 5F 30 30 31 29 5D 3D 78 5B  |B10_1_1_001)]=x[|
0000EF90  30 78 37 32 5F 38 5D 2C 5B 78 5B 30 42 31 31 30  |0x72_8],[x[0B110|
0000EFA0  30 5F 30 30 5F 30 31 30 5D 28 78 2C 31 30 2C 30  |0_00_010](x,10,0|
0000EFB0  42 31 5F 30 30 30 5F 30 30 31 2C 30 42 31 5F 31  |B1_000_001,0B1_1|
0000EFC0  5F 31 31 31 5F 31 30 29 5D 3D 28 28 30 58 44 5F  |_111_10)]=((0XD_|
0000EFD0  39 5F 65 31 29 2D 30 62 31 30 30 5F 30 30 30 5F  |9_e1)-0b100_000_|
0000EFE0  30 2D 39 29 2C 5B 28 78 29 5B 30 58 31 38 5F 32  |0-9),[(x)[0X18_2|
0000EFF0  5D 28 78 2C 30 58 61 2C 30 42 31 31 31 30 5F 30  |](x,0Xa,0B1110_0|
0000F000  30 30 2C 30 42 31 31 31 5F 31 31 30 5F 30 29 5D  |00,0B111_110_0)]|
0000F010  3D 30 62 31 5F 31 30 31 30 31 5F 30 30 5F 31 5F  |=0b1_10101_00_1_|
0000F020  31 5F 31 31 31 5F 30 30 2C 5B 78 5B 30 62 31 31  |1_111_00,[x[0b11|
0000F030  5F 30 30 30 30 30 31 5F 30 5D 28 78 2C 30 58 41  |_000001_0](x,0XA|
0000F040  2C 30 42 31 30 30 5F 31 31 30 5F 31 2C 30 58 36  |,0B100_110_1,0X6|
0000F050  38 29 5D 3D 30 62 31 30 31 30 5F 30 5F 30 5F 30  |8)]=0b1010_0_0_0|
0000F060  31 31 30 30 31 31 30 31 31 2C 5B 78 5B 30 58 31  |110011011,[x[0X1|
0000F070  38 32 5D 28 78 2C 31 30 2C 30 62 31 31 5F 31 5F  |82](x,10,0b11_1_|
0000F080  31 5F 31 5F 31 5F 31 2C 30 78 37 64 29 5D 3D 28  |1_1_1_1,0x7d)]=(|
0000F090  28 30 62 31 30 31 5F 31 31 30 31 30 30 30 30 30  |(0b101_110100000|
0000F0A0  31 31 30 5F 30 29 2D 30 62 31 5F 30 31 31 31 5F  |110_0)-0b1_0111_|
0000F0B0  31 2D 30 78 31 33 29 2C 5B 28 78 29 5B 30 78 31  |1-0x13),[(x)[0x1|
0000F0C0  5F 38 5F 32 5D 28 78 2C 30 42 31 30 31 30 2C 30  |_8_2](x,0B1010,0|
0000F0D0  42 31 5F 30 31 5F 31 5F 31 31 31 2C 30 58 36 5F  |B1_01_1_111,0X6_|
0000F0E0  38 29 5D 3D 28 28 30 42 31 30 5F 31 30 30 31 30  |8)]=((0B10_10010|
0000F0F0  31 31 5F 30 5F 30 30 30 30 5F 30 31 29 2D 28 30  |11_0_0000_01)-(0|
0000F100  62 31 31 31 5F 31 30 31 29 29 7D 3B 56 41 5B 28  |b111_101))};VA[(|
0000F110  78 29 5B 30 78 31 38 5F 32 5D 28 78 2C 31 30 2C  |x)[0x18_2](x,10,|
0000F120  30 78 35 5F 35 2C 30 78 34 64 29 5D 3D 56 41 3B  |0x5_5,0x4d)]=VA;|
0000F130  56 41 5B 78 5B 30 42 31 31 5F 30 30 5F 30 30 30  |VA[x[0B11_00_000|
0000F140  31 30 5D 28 78 2C 30 58 61 2C 30 62 31 5F 30 31  |10](x,0Xa,0b1_01|
0000F150  5F 30 31 30 31 2C 30 78 34 46 2C 30 42 31 5F 30  |_0101,0x4F,0B1_0|
0000F160  30 30 31 30 30 2C 30 42 31 30 5F 31 31 5F 31 5F  |00100,0B10_11_1_|
0000F170  30 5F 30 29 5D 3D 56 41 3B 78 5B 30 78 37 32 38  |0_0)]=VA;x[0x728|
0000F180  5D 3D 28 7B 7D 29 5B 38 5F 33 31 33 5F 32 32 34  |]=({})[8_313_224|
0000F190  5D 3B 78 5B 30 62 31 30 30 30 30 5F 31 5F 30 30  |];x[0b10000_1_00|
0000F1A0  31 5F 30 5D 3D 28 7B 7D 29 5B 30 58 32 38 5F 32  |1_0]=({})[0X28_2|
0000F1B0  37 5F 43 30 5D 3B 6C 6F 63 61 6C 20 6D 43 3D 7B  |7_C0];local mC={|
0000F1C0  5B 78 5B 30 62 31 31 30 30 30 5F 30 30 31 5F 30  |[x[0b11000_001_0|
0000F1D0  5D 28 78 2C 30 42 31 30 5F 31 30 2C 30 42 31 30  |](x,0B10_10,0B10|
0000F1E0  31 30 5F 31 30 31 2C 30 42 31 30 31 30 31 5F 30  |10_101,0B10101_0|
0000F1F0  31 2C 30 62 31 31 30 30 5F 30 31 31 2C 30 78 36  |1,0b1100_011,0x6|
0000F200  34 2C 30 42 31 31 30 5F 31 31 31 30 2C 31 31 31  |4,0B110_1110,111|
0000F210  2C 30 78 37 32 29 5D 3D 77 50 2C 5B 78 5B 30 78  |,0x72)]=wP,[x[0x|
0000F220  31 38 32 5D 28 78 2C 30 62 31 30 31 5F 30 2C 38  |182](x,0b101_0,8|
0000F230  35 2C 30 78 35 35 2C 31 30 30 2C 30 42 31 5F 31  |5,0x55,100,0B1_1|
0000F240  5F 30 5F 31 5F 31 5F 31 31 2C 30 42 31 31 5F 31  |_0_1_1_11,0B11_1|
0000F250  5F 31 31 5F 30 5F 31 2C 30 42 31 31 5F 30 30 30  |_11_0_1,0B11_000|
0000F260  31 31 2C 30 58 36 34 2C 30 78 36 45 2C 31 31 31  |11,0X64,0x6E,111|
0000F270  2C 30 78 37 5F 32 29 5D 3D 66 75 6E 63 74 69 6F  |,0x7_2)]=functio|
0000F280  6E 28 57 76 2C 79 43 2C 63 4F 29 69 66 20 78 5B  |n(Wv,yC,cO)if x[|
0000F290  30 58 31 34 42 5D 28 77 50 2C 79 43 29 7E 3D 6E  |0X14B](wP,yC)~=n|
0000F2A0  69 6C 20 74 68 65 6E 28 78 29 5B 30 62 31 30 30  |il then(x)[0b100|
0000F2B0  5F 31 31 30 30 30 5F 31 31 30 5D 28 57 76 2C 79  |_11000_110](Wv,y|
0000F2C0  43 2C 63 4F 29 3B 65 6C 73 65 20 77 50 5B 79 43  |C,cO);else wP[yC|
0000F2D0  5D 3D 63 4F 3B 65 6E 64 3B 65 6E 64 7D 3B 28 78  |]=cO;end;end};(x|
0000F2E0  29 5B 30 58 33 5F 38 5D 28 56 41 2C 6D 43 29 3B  |)[0X3_8](VA,mC);|
0000F2F0  72 65 74 75 72 6E 20 56 41 20 65 6E 64 2C 5B 30  |return VA end,[0|
0000F300  42 31 5F 31 30 31 30 5F 31 31 5F 30 30 5D 3D 30  |B1_1010_11_00]=0|
0000F310  78 37 5F 64 2C 5B 30 62 31 30 30 5F 30 5F 31 5F  |x7_d,[0b100_0_1_|
0000F320  31 30 30 31 31 5D 3D 66 75 6E 63 74 69 6F 6E 28  |10011]=function(|
0000F330  78 2C 57 65 29 69 66 20 57 65 5B 28 28 31 32 33  |x,We)if We[((123|
0000F340  29 2D 28 30 58 34 5F 30 29 29 5D 74 68 65 6E 20  |)-(0X4_0))]then |
0000F350  72 65 74 75 72 6E 20 57 65 20 65 6E 64 3B 6C 6F  |return We end;lo|
0000F360  63 61 6C 20 50 49 3D 57 65 5B 28 28 30 62 31 5F  |cal PI=We[((0b1_|
0000F370  30 31 5F 30 31 31 30 29 2D 28 30 58 33 5F 43 29  |01_0110)-(0X3_C)|
0000F380  29 5D 3B 69 66 20 6E 6F 74 20 50 49 20 74 68 65  |)];if not PI the|
0000F390  6E 20 57 65 5B 35 39 5D 3D 74 72 75 65 3B 72 65  |n We[59]=true;re|
0000F3A0  74 75 72 6E 20 57 65 20 65 6E 64 3B 6C 6F 63 61  |turn We end;loca|
0000F3B0  6C 20 5A 6D 3D 28 78 29 5B 30 62 31 31 30 5F 31  |l Zm=(x)[0b110_1|
0000F3C0  31 5F 31 30 31 31 30 5D 28 50 49 5B 30 78 36 5D  |1_10110](PI[0x6]|
0000F3D0  2C 30 78 34 46 62 31 29 3B 6C 6F 63 61 6C 20 66  |,0x4Fb1);local f|
0000F3E0  67 3D 28 50 49 5B 37 5D 6F 72 28 5A 6D 2B 28 28  |g=(PI[7]or(Zm+((|
0000F3F0  30 62 31 30 30 30 30 5F 31 30 30 30 30 30 31 30  |0b10000_10000010|
0000F400  5F 30 5F 31 30 29 2D 28 30 78 33 5F 64 29 29 29  |_0_10)-(0x3_d)))|
0000F410  29 2D 5A 6D 2D 33 33 5F 37 34 39 3B 6C 6F 63 61  |)-Zm-33_749;loca|
0000F420  6C 20 48 79 3D 78 5B 30 62 31 5F 31 31 30 30 31  |l Hy=x[0b1_11001|
0000F430  31 5F 31 5F 30 31 5D 28 5A 6D 2B 28 50 49 5B 28  |1_1_01](Zm+(PI[(|
0000F440  28 30 58 35 38 29 2D 30 42 31 5F 30 31 5F 30 31  |(0X58)-0B1_01_01|
0000F450  30 2D 30 42 31 30 5F 31 5F 30 5F 31 31 29 5D 6F  |0-0B10_1_0_11)]o|
0000F460  72 20 30 62 30 29 2A 30 58 43 5F 31 2B 28 50 49  |r 0b0)*0XC_1+(PI|
0000F470  5B 28 28 30 42 31 30 5F 31 30 5F 31 29 2D 28 30  |[((0B10_10_1)-(0|
0000F480  62 31 30 5F 30 5F 31 31 29 29 5D 6F 72 20 30 42  |b10_0_11))]or 0B|
0000F490  30 29 2A 32 34 34 2B 66 67 2A 28 28 30 78 64 62  |0)*244+fg*((0xdb|
0000F4A0  29 2D 35 37 2D 30 58 31 43 29 2B 28 28 30 62 31  |)-57-0X1C)+((0b1|
0000F4B0  30 5F 31 5F 31 5F 30 30 5F 31 30 5F 30 5F 30 31  |0_1_1_00_10_0_01|
0000F4C0  31 5F 31 31 30 5F 31 29 2B 28 30 42 31 5F 30 31  |1_110_1)+(0B1_01|
0000F4D0  30 29 29 2C 30 78 46 5F 66 46 46 29 3B 57 65 5B  |0)),0xF_fFF);We[|
0000F4E0  30 42 31 30 30 5F 31 5F 30 5F 31 5F 30 30 5D 3D  |0B100_1_0_1_00]=|
0000F4F0  48 79 3B 6C 6F 63 61 6C 20 6B 58 3D 7B 7D 3B 6B  |Hy;local kX={};k|
0000F500  58 5B 78 5B 30 78 31 38 32 5D 28 78 2C 31 30 2C  |X[x[0x182](x,10,|
0000F510  30 58 35 35 2C 30 62 31 30 31 30 5F 31 5F 30 31  |0X55,0b1010_1_01|
0000F520  2C 30 62 31 31 30 5F 30 5F 30 5F 31 31 2C 30 58  |,0b110_0_0_11,0X|
0000F530  36 5F 34 2C 31 31 30 2C 31 31 31 2C 30 42 31 5F  |6_4,110,111,0B1_|
0000F540  31 5F 31 5F 30 30 5F 31 30 29 5D 3D 66 75 6E 63  |1_1_00_10)]=func|
0000F550  74 69 6F 6E 28 47 42 2C 52 79 29 6C 6F 63 61 6C  |tion(GB,Ry)local|
0000F560  20 50 49 3D 47 42 5B 30 62 31 31 5F 30 31 30 5D  | PI=GB[0b11_010]|
0000F570  3B 69 66 20 6E 6F 74 20 50 49 20 74 68 65 6E 20  |;if not PI then |
0000F580  72 65 74 75 72 6E 20 6E 69 6C 20 65 6E 64 3B 6C  |return nil end;l|
0000F590  6F 63 61 6C 20 5A 6D 3D 78 5B 30 78 33 37 36 5D  |ocal Zm=x[0x376]|
0000F5A0  28 50 49 5B 30 78 36 5D 2C 28 28 30 42 31 5F 30  |(PI[0x6],((0B1_0|
0000F5B0  5F 30 31 31 31 31 31 30 5F 30 31 31 30 5F 30 5F  |_0111110_0110_0_|
0000F5C0  31 29 2B 28 30 58 31 5F 38 29 29 29 3B 6C 6F 63  |1)+(0X1_8)));loc|
0000F5D0  61 6C 20 66 67 3D 28 50 49 5B 37 5D 6F 72 28 5A  |al fg=(PI[7]or(Z|
0000F5E0  6D 2B 28 28 30 58 38 33 66 30 29 2D 30 42 31 5F  |m+((0X83f0)-0B1_|
0000F5F0  31 31 31 2D 30 78 63 29 29 29 2D 5A 6D 2D 30 62  |111-0xc)))-Zm-0b|
0000F600  31 30 30 30 30 30 31 31 5F 31 5F 31 5F 30 5F 31  |10000011_1_1_0_1|
0000F610  30 5F 31 30 31 3B 6C 6F 63 61 6C 20 72 4A 3D 50  |0_101;local rJ=P|
0000F620  49 5B 30 62 31 30 31 5D 3B 69 66 20 52 79 3D 3D  |I[0b101];if Ry==|
0000F630  31 20 74 68 65 6E 20 79 6A 3D 50 49 5B 30 42 31  |1 then yj=PI[0B1|
0000F640  31 5D 2D 5A 6D 2D 28 28 33 31 5F 39 32 33 29 2D  |1]-Zm-((31_923)-|
0000F650  30 58 31 5F 61 2D 30 62 31 31 31 30 30 30 29 3B  |0X1_a-0b111000);|
0000F660  47 42 5B 52 79 5D 3D 79 6A 3B 72 65 74 75 72 6E  |GB[Ry]=yj;return|
0000F670  20 79 6A 3B 65 6C 73 65 69 66 20 52 79 3D 3D 30  | yj;elseif Ry==0|
0000F680  58 32 20 74 68 65 6E 20 79 6A 3D 50 49 5B 28 28  |X2 then yj=PI[((|
0000F690  30 58 34 34 29 2D 30 62 31 31 5F 31 30 30 2D 33  |0X44)-0b11_100-3|
0000F6A0  38 29 5D 2D 5A 6D 2D 32 35 5F 33 37 39 3B 69 66  |8)]-Zm-25_379;if|
0000F6B0  20 72 4A 20 61 6E 64 20 78 5B 30 58 36 33 62 5D  | rJ and x[0X63b]|
0000F6C0  28 78 2C 66 67 2C 30 42 30 5F 30 31 2C 30 62 31  |(x,fg,0B0_01,0b1|
0000F6D0  29 3D 3D 30 42 30 5F 30 31 20 74 68 65 6E 20 79  |)==0B0_01 then y|
0000F6E0  6A 3D 78 5B 30 42 31 31 31 30 5F 31 31 5F 31 31  |j=x[0B1110_11_11|
0000F6F0  5D 28 78 2C 72 4A 2C 79 6A 29 3B 65 6E 64 3B 47  |](x,rJ,yj);end;G|
0000F700  42 5B 52 79 5D 3D 79 6A 3B 72 65 74 75 72 6E 20  |B[Ry]=yj;return |
0000F710  79 6A 3B 65 6C 73 65 69 66 20 52 79 3D 3D 30 62  |yj;elseif Ry==0b|
0000F720  31 5F 31 20 74 68 65 6E 20 46 64 3D 50 49 5B 30  |1_1 then Fd=PI[0|
0000F730  42 31 5D 3B 69 66 20 6E 6F 74 20 46 64 20 74 68  |B1];if not Fd th|
0000F740  65 6E 20 72 65 74 75 72 6E 20 6E 69 6C 20 65 6E  |en return nil en|
0000F750  64 3B 79 6A 3D 46 64 2D 5A 6D 2D 35 33 5F 38 32  |d;yj=Fd-Zm-53_82|
0000F760  30 3B 69 66 20 72 4A 20 61 6E 64 20 78 5B 31 5F  |0;if rJ and x[1_|
0000F770  35 39 35 5D 28 78 2C 66 67 2C 32 2C 30 62 31 5F  |595](x,fg,2,0b1_|
0000F780  30 29 3D 3D 30 42 31 20 74 68 65 6E 20 79 6A 3D  |0)==0B1 then yj=|
0000F790  78 5B 30 62 31 31 31 30 5F 31 31 5F 31 5F 31 5D  |x[0b1110_11_1_1]|
0000F7A0  28 78 2C 72 4A 2C 79 6A 29 3B 65 6E 64 3B 47 42  |(x,rJ,yj);end;GB|
0000F7B0  5B 52 79 5D 3D 79 6A 3B 72 65 74 75 72 6E 20 79  |[Ry]=yj;return y|
0000F7C0  6A 3B 65 6C 73 65 69 66 20 52 79 3D 3D 34 20 74  |j;elseif Ry==4 t|
0000F7D0  68 65 6E 20 76 62 3D 50 49 5B 30 78 34 5D 3B 69  |hen vb=PI[0x4];i|
0000F7E0  66 20 6E 6F 74 20 76 62 20 74 68 65 6E 20 72 65  |f not vb then re|
0000F7F0  74 75 72 6E 20 6E 69 6C 20 65 6E 64 3B 79 6A 3D  |turn nil end;yj=|
0000F800  76 62 2D 5A 6D 2D 30 62 31 31 30 31 5F 30 5F 30  |vb-Zm-0b1101_0_0|
0000F810  31 5F 30 31 31 30 5F 30 30 30 5F 30 5F 31 3B 69  |1_0110_000_0_1;i|
0000F820  66 20 72 4A 20 61 6E 64 28 78 29 5B 30 58 36 33  |f rJ and(x)[0X63|
0000F830  42 5D 28 78 2C 66 67 2C 30 62 31 5F 31 2C 30 58  |B](x,fg,0b1_1,0X|
0000F840  33 29 3D 3D 30 42 31 20 74 68 65 6E 20 79 6A 3D  |3)==0B1 then yj=|
0000F850  78 5B 30 62 31 5F 31 31 5F 30 31 31 5F 31 31 5D  |x[0b1_11_011_11]|
0000F860  28 78 2C 72 4A 2C 79 6A 29 3B 65 6E 64 3B 47 42  |(x,rJ,yj);end;GB|
0000F870  5B 52 79 5D 3D 79 6A 3B 72 65 74 75 72 6E 20 79  |[Ry]=yj;return y|
0000F880  6A 3B 65 6E 64 3B 72 65 74 75 72 6E 20 6E 69 6C  |j;end;return nil|
0000F890  3B 65 6E 64 3B 28 78 29 5B 30 62 31 31 31 30 30  |;end;(x)[0b11100|
0000F8A0  30 5D 28 57 65 2C 6B 58 29 3B 57 65 5B 28 28 30  |0](We,kX);We[((0|
0000F8B0  78 34 63 29 2D 28 30 78 31 31 29 29 5D 3D 74 72  |x4c)-(0x11))]=tr|
0000F8C0  75 65 3B 72 65 74 75 72 6E 20 57 65 3B 65 6E 64  |ue;return We;end|
0000F8D0  2C 5B 31 5F 39 31 32 5D 3D 66 75 6E 63 74 69 6F  |,[1_912]=functio|
0000F8E0  6E 28 78 2C 67 77 2C 51 73 29 6C 6F 63 61 6C 20  |n(x,gw,Qs)local |
0000F8F0  63 48 3D 51 73 25 30 42 31 30 31 30 5F 30 31 5F  |cH=Qs%0B1010_01_|
0000F900  30 5F 31 5F 31 30 5F 31 3B 6C 6F 63 61 6C 20 4B  |0_1_10_1;local K|
0000F910  70 3D 28 51 73 2D 63 48 29 2F 31 5F 33 32 35 3B  |p=(Qs-cH)/1_325;|
0000F920  6C 6F 63 61 6C 20 43 5A 3D 78 5B 31 5F 38 38 34  |local CZ=x[1_884|
0000F930  5D 5B 4B 70 2B 30 42 30 5F 30 31 5D 2B 63 48 3B  |][Kp+0B0_01]+cH;|
0000F940  6C 6F 63 61 6C 20 5A 69 3D 78 5B 30 78 34 31 64  |local Zi=x[0x41d|
0000F950  5D 5B 4B 70 2B 30 42 30 5F 30 31 5D 3B 72 65 74  |][Kp+0B0_01];ret|
0000F960  75 72 6E 20 78 5B 38 38 36 5D 28 78 5B 31 5F 37  |urn x[886](x[1_7|
0000F970  32 32 5D 28 67 77 2C 43 5A 29 2C 5A 69 29 3B 65  |22](gw,CZ),Zi);e|
0000F980  6E 64 2C 5B 30 58 37 5F 43 5F 35 5D 3D 66 75 6E  |nd,[0X7_C_5]=fun|
0000F990  63 74 69 6F 6E 28 78 2C 61 73 29 69 66 20 6E 6F  |ction(x,as)if no|
0000F9A0  74 20 61 73 5B 28 28 39 30 29 2D 28 30 62 31 5F  |t as[((90)-(0b1_|
0000F9B0  31 31 31 31 29 29 5D 74 68 65 6E 28 78 29 5B 30  |1111))]then(x)[0|
0000F9C0  58 32 33 33 5D 28 78 2C 61 73 29 3B 65 6E 64 3B  |X233](x,as);end;|
0000F9D0  6C 6F 63 61 6C 20 59 76 3D 61 73 5B 28 28 30 42  |local Yv=as[((0B|
0000F9E0  31 31 5F 30 30 31 31 31 29 2D 28 30 42 31 31 5F  |11_00111)-(0B11_|
0000F9F0  31 5F 31 29 29 5D 3B 69 66 20 59 76 20 74 68 65  |1_1))];if Yv the|
0000FA00  6E 20 72 65 74 75 72 6E 20 59 76 20 65 6E 64 3B  |n return Yv end;|
0000FA10  6C 6F 63 61 6C 20 4E 4B 3D 61 73 5B 30 58 31 5D  |local NK=as[0X1]|
0000FA20  3B 6C 6F 63 61 6C 20 59 76 3B 69 66 20 4E 4B 3D  |;local Yv;if NK=|
0000FA30  3D 30 42 31 31 5F 30 31 5F 31 30 31 30 31 5F 31  |=0B11_01_10101_1|
0000FA40  5F 31 30 20 74 68 65 6E 20 59 76 3D 78 5B 30 58  |_10 then Yv=x[0X|
0000FA50  36 5F 32 38 5D 28 78 2C 61 73 29 65 6C 73 65 69  |6_28](x,as)elsei|
0000FA60  66 20 4E 4B 3D 3D 30 78 42 36 5F 37 20 74 68 65  |f NK==0xB6_7 the|
0000FA70  6E 20 59 76 3D 28 78 29 5B 35 39 38 5D 28 78 2C  |n Yv=(x)[598](x,|
0000FA80  61 73 29 65 6C 73 65 20 59 76 3D 4E 4B 20 65 6E  |as)else Yv=NK en|
0000FA90  64 3B 6C 6F 63 61 6C 20 4E 4B 3D 78 5B 38 38 33  |d;local NK=x[883|
0000FAA0  5D 28 78 2C 59 76 29 3B 69 66 20 4E 4B 20 74 68  |](x,Yv);if NK th|
0000FAB0  65 6E 20 61 73 5B 28 28 36 30 29 2B 28 30 58 31  |en as[((60)+(0X1|
0000FAC0  5F 43 29 29 5D 3D 4E 4B 3B 72 65 74 75 72 6E 28  |_C))]=NK;return(|
0000FAD0  28 4E 4B 2B 30 42 31 30 30 30 30 31 31 29 2D 30  |(NK+0B1000011)-0|
0000FAE0  42 31 5F 30 5F 30 5F 30 5F 30 5F 31 5F 31 29 65  |B1_0_0_0_0_1_1)e|
0000FAF0  6E 64 3B 6C 6F 63 61 6C 20 4E 4B 3D 78 5B 30 42  |nd;local NK=x[0B|
0000FB00  31 30 30 31 30 31 31 30 30 30 5D 5B 59 76 5D 3B  |1001011000][Yv];|
0000FB10  69 66 20 4E 4B 20 61 6E 64 28 28 59 76 2A 30 58  |if NK and((Yv*0X|
0000FB20  34 33 29 25 30 42 31 5F 30 30 5F 31 30 30 31 30  |43)%0B1_00_10010|
0000FB30  31 5F 31 30 30 29 3D 3D 2D 30 42 30 5F 30 31 20  |1_100)==-0B0_01 |
0000FB40  74 68 65 6E 20 72 65 74 75 72 6E 20 4E 4B 20 65  |then return NK e|
0000FB50  6E 64 3B 72 65 74 75 72 6E 20 59 76 20 65 6E 64  |nd;return Yv end|
0000FB60  2C 5B 30 42 31 31 30 5F 31 5F 30 5F 31 31 30 31  |,[0B110_1_0_1101|
0000FB70  5F 30 30 5D 3D 73 65 6C 65 63 74 2C 5B 31 5F 38  |_00]=select,[1_8|
0000FB80  37 33 5D 3D 67 65 74 66 65 6E 76 2C 5B 31 5F 35  |73]=getfenv,[1_5|
0000FB90  30 37 5D 3D 66 75 6E 63 74 69 6F 6E 28 78 2C 61  |07]=function(x,a|
0000FBA0  73 29 69 66 20 78 5B 30 58 31 39 31 5D 28 78 2C  |s)if x[0X191](x,|
0000FBB0  61 73 29 7E 3D 78 5B 30 78 31 38 32 5D 28 78 2C  |as)~=x[0x182](x,|
0000FBC0  30 78 61 2C 31 32 36 2C 31 30 37 2C 30 42 31 5F  |0xa,126,107,0B1_|
0000FBD0  31 30 31 30 30 5F 30 2C 30 58 36 36 2C 30 42 31  |10100_0,0X66,0B1|
0000FBE0  5F 31 30 5F 31 31 31 31 29 74 68 65 6E 20 72 65  |_10_1111)then re|
0000FBF0  74 75 72 6E 20 61 73 20 65 6E 64 3B 69 66 20 61  |turn as end;if a|
0000FC00  73 5B 30 42 31 31 31 5D 74 68 65 6E 20 72 65 74  |s[0B111]then ret|
0000FC10  75 72 6E 20 61 73 20 65 6E 64 3B 61 73 5B 30 42  |urn as end;as[0B|
0000FC20  31 31 31 5D 3D 74 72 75 65 3B 6C 6F 63 61 6C 20  |111]=true;local |
0000FC30  6E 56 3D 61 73 5B 30 42 30 5F 30 31 5D 3B 69 66  |nV=as[0B0_01];if|
0000FC40  20 78 5B 30 78 31 39 5F 31 5D 28 78 2C 6E 56 29  | x[0x19_1](x,nV)|
0000FC50  3D 3D 78 5B 30 58 31 5F 38 5F 32 5D 28 78 2C 30  |==x[0X1_8_2](x,0|
0000FC60  42 31 30 31 30 2C 30 62 31 5F 31 31 31 31 5F 31  |B1010,0b1_1111_1|
0000FC70  30 2C 30 58 36 42 2C 30 62 31 31 30 31 30 30 5F  |0,0X6B,0b110100_|
0000FC80  30 2C 30 78 36 36 2C 30 58 36 5F 46 29 74 68 65  |0,0x66,0X6_F)the|
0000FC90  6E 20 6C 6F 63 61 6C 20 6A 68 3D 28 28 23 6E 56  |n local jh=((#nV|
0000FCA0  2A 30 58 33 5F 62 29 2B 28 28 28 61 73 5B 30 62  |*0X3_b)+(((as[0b|
0000FCB0  31 5F 31 5D 6F 72 20 30 58 30 29 2A 34 32 29 29  |1_1]or 0X0)*42))|
0000FCC0  2B 28 23 61 73 2A 28 28 30 42 31 5F 30 31 30 30  |+(#as*((0B1_0100|
0000FCD0  31 5F 30 29 2D 28 30 42 31 30 31 31 31 30 29 29  |1_0)-(0B101110))|
0000FCE0  29 29 25 28 28 30 62 31 30 30 30 30 31 31 5F 30  |))%((0b1000011_0|
0000FCF0  30 29 2D 28 30 62 31 31 5F 30 30 29 29 3B 61 73  |0)-(0b11_00));as|
0000FD00  5B 28 28 30 62 31 30 31 5F 30 30 30 29 2D 28 30  |[((0b101_000)-(0|
0000FD10  62 31 30 30 30 30 30 29 29 5D 3D 6A 68 3B 66 6F  |b100000))]=jh;fo|
0000FD20  72 20 48 6E 3D 30 58 31 2C 23 6E 56 20 64 6F 20  |r Hn=0X1,#nV do |
0000FD30  6C 6F 63 61 6C 20 59 76 3D 6E 56 5B 48 6E 5D 3B  |local Yv=nV[Hn];|
0000FD40  69 66 28 78 29 5B 34 30 31 5D 28 78 2C 59 76 29  |if(x)[401](x,Yv)|
0000FD50  3D 3D 78 5B 30 78 31 5F 38 32 5D 28 78 2C 30 62  |==x[0x1_82](x,0b|
0000FD60  31 30 5F 31 30 2C 30 58 37 5F 45 2C 30 62 31 5F  |10_10,0X7_E,0b1_|
0000FD70  31 5F 30 5F 31 30 5F 31 5F 31 2C 31 30 34 2C 30  |1_0_10_1_1,104,0|
0000FD80  78 36 5F 36 2C 30 42 31 5F 31 30 31 31 5F 31 31  |x6_6,0B1_1011_11|
0000FD90  29 74 68 65 6E 20 6C 6F 63 61 6C 20 4E 4B 3D 28  |)then local NK=(|
0000FDA0  78 29 5B 39 39 37 5D 28 78 2C 78 5B 30 58 32 44  |x)[997](x,x[0X2D|
0000FDB0  5F 42 5D 28 78 2C 59 76 29 29 3B 69 66 20 4E 4B  |_B](x,Yv));if NK|
0000FDC0  20 74 68 65 6E 20 6C 6F 63 61 6C 20 6C 41 3D 28  | then local lA=(|
0000FDD0  48 6E 2A 30 42 31 30 5F 31 5F 30 31 5F 30 2B 4E  |Hn*0B10_1_01_0+N|
0000FDE0  4B 2A 30 78 32 34 2B 28 23 6E 56 2B 30 42 30 5F  |K*0x24+(#nV+0B0_|
0000FDF0  30 31 29 2A 28 28 30 78 31 5F 32 36 5F 64 29 2B  |01)*((0x1_26_d)+|
0000FE00  28 30 62 31 30 30 5F 31 30 29 29 29 25 30 62 31  |(0b100_10)))%0b1|
0000FE10  30 3B 6C 6F 63 61 6C 20 50 73 3D 28 48 6E 2A 30  |0;local Ps=(Hn*0|
0000FE20  62 31 5F 31 31 31 5F 31 2B 4E 4B 2A 30 78 33 62  |b1_111_1+NK*0x3b|
0000FE30  2B 28 23 6E 56 2B 30 58 31 29 2A 30 58 43 5F 32  |+(#nV+0X1)*0XC_2|
0000FE40  61 5F 39 29 25 32 35 36 3B 6C 6F 63 61 6C 20 7A  |a_9)%256;local z|
0000FE50  54 3D 28 28 4E 4B 2A 28 28 2D 30 58 65 29 2B 28  |T=((NK*((-0Xe)+(|
0000FE60  30 78 33 32 29 29 2B 48 6E 2A 30 58 32 41 2B 23  |0x32))+Hn*0X2A+#|
0000FE70  6E 56 2B 6A 68 29 25 28 28 30 58 31 31 43 29 2D  |nV+jh)%((0X11C)-|
0000FE80  30 42 31 30 31 30 2D 30 42 31 5F 30 30 31 5F 31  |0B1010-0B1_001_1|
0000FE90  29 29 2B 30 42 30 5F 30 31 3B 6C 6F 63 61 6C 20  |))+0B0_01;local |
0000FEA0  45 4E 3D 28 50 73 2B 7A 54 29 25 28 28 32 38 32  |EN=(Ps+zT)%((282|
0000FEB0  29 2D 28 30 58 31 41 29 29 3B 59 76 5B 30 78 35  |)-(0X1A));Yv[0x5|
0000FEC0  5D 3D 50 73 3B 59 76 5B 28 28 30 78 33 64 29 2D  |]=Ps;Yv[((0x3d)-|
0000FED0  30 78 36 2D 30 62 31 31 30 30 5F 30 5F 30 29 5D  |0x6-0b1100_0_0)]|
0000FEE0  3D 7A 54 3B 69 66 20 6C 41 3D 3D 28 28 30 58 33  |=zT;if lA==((0X3|
0000FEF0  39 29 2D 28 35 37 29 29 74 68 65 6E 20 59 76 5B  |9)-(57))then Yv[|
0000FF00  30 42 30 5F 30 31 5D 3D 28 28 33 5F 34 34 39 29  |0B0_01]=((3_449)|
0000FF10  2B 28 30 78 33 35 29 29 3B 59 76 5B 30 78 36 5D  |+(0x35));Yv[0x6]|
0000FF20  3D 78 5B 30 62 31 31 5F 30 31 5F 31 31 5F 30 31  |=x[0b11_01_11_01|
0000FF30  31 30 5D 28 4E 4B 2C 45 4E 29 3B 65 6C 73 65 69  |10](NK,EN);elsei|
0000FF40  66 20 6C 41 3D 3D 30 78 31 20 74 68 65 6E 20 59  |f lA==0x1 then Y|
0000FF50  76 5B 30 42 30 5F 30 31 5D 3D 30 58 42 36 37 3B  |v[0B0_01]=0XB67;|
0000FF60  59 76 5B 28 28 2D 30 78 33 41 29 2B 28 30 78 34  |Yv[((-0x3A)+(0x4|
0000FF70  5F 30 29 29 5D 3D 28 4E 4B 2B 45 4E 29 25 28 28  |_0))]=(NK+EN)%((|
0000FF80  30 42 31 31 31 5F 31 31 30 31 31 29 2B 28 30 62  |0B111_11011)+(0b|
0000FF90  31 5F 30 31 29 29 3B 65 6E 64 3B 65 6E 64 3B 65  |1_01));end;end;e|
0000FFA0  6E 64 3B 65 6E 64 3B 65 6E 64 3B 6C 6F 63 61 6C  |nd;end;end;local|
0000FFB0  20 50 73 3D 61 73 5B 32 5D 3B 69 66 20 78 5B 30  | Ps=as[2];if x[0|
0000FFC0  62 31 31 5F 30 5F 30 5F 31 30 5F 30 30 31 5D 28  |b11_0_0_10_001](|
0000FFD0  78 2C 50 73 29 3D 3D 78 5B 30 58 31 38 5F 32 5D  |x,Ps)==x[0X18_2]|
0000FFE0  28 78 2C 30 42 31 30 31 30 2C 30 58 37 45 2C 30  |(x,0B1010,0X7E,0|
0000FFF0  42 31 31 30 5F 31 30 31 31 2C 30 78 36 38 2C 30  |B110_1011,0x68,0|
00010000  58 36 36 2C 30 62 31 31 30 31 5F 31 31 5F 31 29  |X66,0b1101_11_1)|
00010010  74 68 65 6E 20 66 6F 72 20 48 6E 3D 30 78 30 2C  |then for Hn=0x0,|
00010020  23 50 73 20 64 6F 20 6C 6F 63 61 6C 20 6C 41 3D  |#Ps do local lA=|
00010030  50 73 5B 48 6E 5D 3B 69 66 20 78 5B 30 62 31 31  |Ps[Hn];if x[0b11|
00010040  30 5F 30 5F 31 5F 30 5F 30 5F 30 31 5D 28 78 2C  |0_0_1_0_0_01](x,|
00010050  6C 41 29 3D 3D 78 5B 30 58 31 38 5F 32 5D 28 78  |lA)==x[0X18_2](x|
00010060  2C 30 42 31 5F 30 31 30 2C 31 32 36 2C 31 30 37  |,0B1_010,126,107|
00010070  2C 30 62 31 31 5F 30 31 30 30 30 2C 30 78 36 36  |,0b11_01000,0x66|
00010080  2C 30 78 36 46 29 74 68 65 6E 20 78 5B 30 42 31  |,0x6F)then x[0B1|
00010090  30 5F 31 31 31 5F 31 30 30 5F 30 31 31 5D 28 78  |0_111_100_011](x|
000100A0  2C 6C 41 29 65 6E 64 3B 65 6E 64 3B 65 6E 64 3B  |,lA)end;end;end;|
000100B0  72 65 74 75 72 6E 20 61 73 20 65 6E 64 2C 5B 30  |return as end,[0|
000100C0  78 31 31 38 5D 3D 66 75 6E 63 74 69 6F 6E 28 78  |x118]=function(x|
000100D0  2C 6E 5A 2C 6E 5A 2C 48 4B 2C 4B 59 2C 66 70 29  |,nZ,nZ,HK,KY,fp)|
000100E0  6C 6F 63 61 6C 20 4E 43 3D 7B 7D 3B 4E 43 5B 28  |local NC={};NC[(|
000100F0  28 30 62 31 30 5F 31 5F 31 31 30 30 31 5F 31 30  |(0b10_1_11001_10|
00010100  30 5F 31 30 30 29 2D 28 30 62 31 5F 31 30 29 29  |0_100)-(0b1_10))|
00010110  5D 3D 28 28 28 30 58 31 35 30 39 2B 30 78 39 38  |]=(((0X1509+0x98|
00010120  3E 30 42 31 30 5F 30 31 31 5F 30 30 30 29 61 6E  |>0B10_011_000)an|
00010130  64 20 30 58 38 36 39 5F 61 20 6F 72 20 33 34 5F  |d 0X869_a or 34_|
00010140  34 35 39 29 29 3B 72 65 74 75 72 6E 20 4E 43 5B  |459));return NC[|
00010150  30 42 31 30 5F 31 31 5F 31 30 30 31 30 5F 31 31  |0B10_11_10010_11|
00010160  31 31 30 5D 65 6E 64 2C 5B 30 62 31 5F 30 5F 30  |110]end,[0b1_0_0|
00010170  31 5F 31 5F 30 30 30 30 30 31 5D 3D 66 75 6E 63  |1_1_000001]=func|
00010180  74 69 6F 6E 28 78 2C 54 74 29 69 66 28 28 28 30  |tion(x,Tt)if(((0|
00010190  62 31 5F 31 2A 30 42 31 5F 30 5F 30 31 5F 30 2B  |b1_1*0B1_0_01_0+|
000101A0  30 62 31 30 30 30 5F 30 30 5F 30 29 25 30 58 44  |0b1000_00_0)%0XD|
000101B0  36 7E 3D 30 78 37 5F 37 29 29 74 68 65 6E 20 6C  |6~=0x7_7))then l|
000101C0  6F 63 61 6C 20 64 57 3D 30 62 31 31 30 31 5F 30  |ocal dW=0b1101_0|
000101D0  30 3B 6C 6F 63 61 6C 20 69 68 2C 4C 54 3B 6C 6F  |0;local ih,LT;lo|
000101E0  63 61 6C 20 70 62 3D 30 58 33 5F 34 3B 6C 6F 63  |cal pb=0X3_4;loc|
000101F0  61 6C 20 46 61 3D 30 58 33 64 3B 77 68 69 6C 65  |al Fa=0X3d;while|
00010200  20 74 72 75 65 20 64 6F 20 69 66 28 28 64 57 2B  | true do if((dW+|
00010210  46 61 29 3D 3D 28 70 62 2B 46 61 29 29 74 68 65  |Fa)==(pb+Fa))the|
00010220  6E 20 69 68 3D 78 5B 38 38 36 5D 28 4C 54 20 6F  |n ih=x[886](LT o|
00010230  72 20 30 58 61 5F 34 2C 30 58 66 5F 39 32 5F 31  |r 0Xa_4,0Xf_92_1|
00010240  29 3B 64 57 3D 31 31 33 3B 65 6C 73 65 69 66 28  |);dW=113;elseif(|
00010250  28 64 57 2D 46 61 29 3D 3D 70 62 29 74 68 65 6E  |(dW-Fa)==pb)then|
00010260  20 4C 54 3D 78 5B 30 58 34 5F 38 31 5D 28 69 68  | LT=x[0X4_81](ih|
00010270  20 6F 72 20 30 58 46 39 32 5F 31 2C 31 36 34 29  | or 0XF92_1,164)|
00010280  3B 62 72 65 61 6B 3B 65 6C 73 65 20 62 72 65 61  |;break;else brea|
00010290  6B 3B 65 6E 64 3B 65 6E 64 3B 69 66 20 78 5B 30  |k;end;end;if x[0|
000102A0  62 31 31 5F 30 31 31 31 5F 30 5F 31 31 30 5D 28  |b11_0111_0_110](|
000102B0  69 68 2C 4C 54 29 7E 3D 30 62 31 5F 30 5F 30 30  |ih,LT)~=0b1_0_00|
000102C0  30 30 20 74 68 65 6E 20 72 65 74 75 72 6E 20 65  |00 then return e|
000102D0  6E 64 3B 6C 6F 63 61 6C 20 6E 61 3D 30 62 31 5F  |nd;local na=0b1_|
000102E0  31 30 31 5F 30 30 3B 72 65 70 65 61 74 20 69 66  |101_00;repeat if|
000102F0  20 6E 61 3D 3D 35 32 20 74 68 65 6E 20 69 68 3D  | na==52 then ih=|
00010300  28 78 29 5B 30 58 33 5F 39 5F 64 5D 28 4C 54 20  |(x)[0X3_9_d](LT |
00010310  6F 72 20 30 78 38 5F 36 2C 30 58 42 45 34 36 29  |or 0x8_6,0XBE46)|
00010320  3B 6E 61 3D 30 62 31 31 31 30 30 30 31 3B 63 6F  |;na=0b1110001;co|
00010330  6E 74 69 6E 75 65 3B 65 6C 73 65 69 66 20 6E 61  |ntinue;elseif na|
00010340  3D 3D 30 62 31 5F 31 31 30 30 30 5F 31 20 74 68  |==0b1_11000_1 th|
00010350  65 6E 20 4C 54 3D 78 5B 30 42 31 31 30 5F 31 31  |en LT=x[0B110_11|
00010360  5F 31 30 31 31 30 5D 28 69 68 20 6F 72 20 30 78  |_10110](ih or 0x|
00010370  62 65 5F 34 5F 36 2C 30 78 35 33 29 3B 6E 61 3D  |be_4_6,0x53);na=|
00010380  30 62 31 31 5F 30 31 31 30 5F 30 5F 31 3B 63 6F  |0b11_0110_0_1;co|
00010390  6E 74 69 6E 75 65 3B 65 6C 73 65 69 66 20 6E 61  |ntinue;elseif na|
000103A0  3D 3D 30 78 64 39 20 74 68 65 6E 20 62 72 65 61  |==0xd9 then brea|
000103B0  6B 3B 65 6C 73 65 20 62 72 65 61 6B 3B 65 6E 64  |k;else break;end|
000103C0  3B 75 6E 74 69 6C 20 66 61 6C 73 65 3B 72 65 74  |;until false;ret|
000103D0  75 72 6E 20 78 5B 31 5F 31 35 33 5D 28 69 68 20  |urn x[1_153](ih |
000103E0  6F 72 20 38 33 2C 4C 54 20 6F 72 20 30 58 61 29  |or 83,LT or 0Xa)|
000103F0  3B 65 6C 73 65 20 72 65 74 75 72 6E 20 78 5B 39  |;else return x[9|
00010400  32 35 5D 28 30 58 42 45 5F 34 5F 36 2C 30 62 31  |25](0XBE_4_6,0b1|
00010410  30 30 30 30 5F 31 31 5F 30 29 3B 65 6E 64 3B 65  |0000_11_0);end;e|
00010420  6E 64 2C 5B 36 36 31 5D 3D 62 75 66 66 65 72 2E  |nd,[661]=buffer.|
00010430  77 72 69 74 65 75 38 2C 5B 30 62 31 30 5F 31 30  |writeu8,[0b10_10|
00010440  30 5F 30 30 31 5F 31 5F 30 31 5D 3D 62 75 66 66  |0_001_1_01]=buff|
00010450  65 72 2E 63 6F 70 79 2C 5B 38 38 36 5D 3D 62 69  |er.copy,[886]=bi|
00010460  74 33 32 2E 62 78 6F 72 2C 5B 30 78 32 31 64 5D  |t32.bxor,[0x21d]|
00010470  3D 66 75 6E 63 74 69 6F 6E 28 78 29 6C 6F 63 61  |=function(x)loca|
00010480  6C 20 57 73 2C 66 50 3B 6C 6F 63 61 6C 20 57 3D  |l Ws,fP;local W=|
00010490  30 62 31 31 31 30 3B 6C 6F 63 61 6C 20 63 3D 30  |0b1110;local c=0|
000104A0  78 39 62 3B 66 6F 72 20 51 3D 31 2C 30 58 31 20  |x9b;for Q=1,0X1 |
000104B0  64 6F 20 69 66 20 6E 6F 74 28 28 57 2B 63 29 3D  |do if not((W+c)=|
000104C0  3D 30 78 41 39 29 74 68 65 6E 20 65 6C 73 65 20  |=0xA9)then else |
000104D0  57 73 3D 78 5B 30 62 31 31 31 30 30 31 31 5F 31  |Ws=x[0b1110011_1|
000104E0  5F 30 31 5D 28 66 50 20 6F 72 20 39 2C 30 62 31  |_01](fP or 9,0b1|
000104F0  30 30 31 31 31 31 5F 31 5F 31 31 31 31 31 30 5F  |001111_1_111110_|
00010500  31 5F 31 29 3B 66 50 3D 78 5B 38 38 36 5D 28 57  |1_1);fP=x[886](W|
00010510  73 20 6F 72 20 30 58 39 46 5F 66 62 2C 30 58 39  |s or 0X9F_fb,0X9|
00010520  29 3B 65 6E 64 3B 65 6E 64 3B 69 66 28 78 29 5B  |);end;end;if(x)[|
00010530  30 62 31 31 5F 30 31 31 5F 31 5F 30 31 31 30 5D  |0b11_011_1_0110]|
00010540  28 57 73 2C 66 50 29 7E 3D 30 62 31 5F 30 30 5F  |(Ws,fP)~=0b1_00_|
00010550  31 20 74 68 65 6E 20 72 65 74 75 72 6E 20 65 6E  |1 then return en|
00010560  64 3B 72 65 74 75 72 6E 20 78 5B 30 58 31 5F 41  |d;return x[0X1_A|
00010570  5F 35 5D 28 28 78 29 5B 30 78 33 39 64 5D 28 78  |_5]((x)[0x39d](x|
00010580  5B 30 58 33 37 36 5D 28 78 5B 30 62 31 31 30 30  |[0X376](x[0b1100|
00010590  30 30 5F 31 5F 31 5F 31 31 5D 2C 78 5B 30 78 37  |00_1_1_11],x[0x7|
000105A0  5F 61 34 5D 29 2C 30 62 31 31 5F 31 31 31 31 31  |_a4]),0b11_11111|
000105B0  31 29 29 2E 2E 28 78 29 5B 34 32 31 5D 28 78 5B  |1))..(x)[421](x[|
000105C0  30 78 33 39 64 5D 28 78 5B 38 38 36 5D 28 28 78  |0x39d](x[886]((x|
000105D0  29 5B 30 78 36 31 5F 44 5D 2C 78 5B 30 42 31 31  |)[0x61_D],x[0B11|
000105E0  5F 31 31 30 31 30 30 5F 31 30 30 5D 29 2C 30 62  |_110100_100]),0b|
000105F0  31 5F 31 31 31 5F 31 31 31 31 29 29 65 6E 64 2C  |1_111_1111))end,|
00010600  5B 30 62 31 5F 30 5F 30 31 31 30 31 30 30 30 31  |[0b1_0_011010001|
00010610  5D 3D 62 75 66 66 65 72 2E 77 72 69 74 65 75 33  |]=buffer.writeu3|
00010620  32 2C 5B 30 42 31 5F 31 31 30 31 30 31 30 30 5F  |2,[0B1_11010100_|
00010630  31 31 5D 3D 30 58 37 37 2C 5B 30 58 36 38 39 5D  |11]=0X77,[0X689]|
00010640  3D 66 75 6E 63 74 69 6F 6E 28 78 2C 58 2C 6D 2C  |=function(x,X,m,|
00010650  79 2C 72 29 6C 6F 63 61 6C 20 4E 6C 2C 4F 74 3B  |y,r)local Nl,Ot;|
00010660  6C 6F 63 61 6C 20 6C 54 3D 78 5B 30 58 31 36 5F  |local lT=x[0X16_|
00010670  35 5D 3B 69 66 20 6C 54 7E 3D 58 20 74 68 65 6E  |5];if lT~=X then|
00010680  20 4E 6C 3D 78 5B 30 42 31 31 30 31 31 5F 31 30  | Nl=x[0B11011_10|
00010690  31 31 5F 30 5D 28 28 28 30 62 31 30 31 30 30 30  |11_0](((0b101000|
000106A0  30 30 31 31 30 31 5F 31 30 30 31 5F 30 30 5F 31  |001101_1001_00_1|
000106B0  5F 30 30 31 31 30 31 5F 30 30 30 30 5F 30 5F 31  |_001101_0000_0_1|
000106C0  5F 31 29 2D 28 30 58 33 42 29 29 2C 28 66 75 6E  |_1)-(0X3B)),(fun|
000106D0  63 74 69 6F 6E 28 69 64 29 6C 6F 63 61 6C 20 52  |ction(id)local R|
000106E0  4B 3D 78 5B 30 62 31 31 5F 31 30 5F 30 31 31 31  |K=x[0b11_10_0111|
000106F0  5F 30 5F 31 5D 28 30 58 33 32 61 31 36 5F 42 30  |_0_1](0X32a16_B0|
00010700  39 2B 69 64 2A 30 78 31 33 33 5F 37 2B 28 69 64  |9+id*0x133_7+(id|
00010710  25 32 35 31 29 2A 33 33 5F 34 33 37 2C 28 28 30  |%251)*33_437,((0|
00010720  78 31 5F 30 5F 30 5F 30 5F 30 30 30 31 30 29 2D  |x1_0_0_0_00010)-|
00010730  28 31 37 29 29 29 3B 6C 6F 63 61 6C 20 6E 6C 3D  |(17)));local nl=|
00010740  78 5B 30 42 31 31 31 30 30 5F 31 31 5F 31 5F 30  |x[0B11100_11_1_0|
00010750  5F 31 5D 28 28 58 20 6F 72 20 30 29 2A 30 58 31  |_1]((X or 0)*0X1|
00010760  30 5F 31 5F 30 31 30 31 2C 28 28 30 42 31 30 30  |0_1_0101,((0B100|
00010770  30 5F 30 30 5F 30 5F 30 30 5F 30 30 30 30 5F 30  |0_00_0_00_0000_0|
00010780  30 5F 30 30 30 30 30 5F 30 30 30 30 30 30 31 5F  |0_00000_0000001_|
00010790  30 5F 30 5F 31 30 5F 30 31 29 2D 30 78 33 36 2D  |0_0_10_01)-0x36-|
000107A0  30 58 31 34 29 29 3B 52 4B 3D 28 78 29 5B 30 78  |0X14));RK=(x)[0x|
000107B0  33 37 36 5D 28 52 4B 2C 6E 6C 29 3B 52 4B 3D 78  |376](RK,nl);RK=x|
000107C0  5B 38 38 36 5D 28 52 4B 2C 78 5B 30 62 31 5F 30  |[886](RK,x[0b1_0|
000107D0  31 30 30 30 31 5F 30 31 5F 30 31 5D 28 52 4B 2C  |10001_01_01](RK,|
000107E0  30 42 31 5F 31 30 31 29 29 3B 52 4B 3D 28 78 29  |0B1_101));RK=(x)|
000107F0  5B 38 38 36 5D 28 52 4B 2C 78 5B 30 42 31 31 30  |[886](RK,x[0B110|
00010800  30 30 30 31 5F 30 30 5F 31 5F 30 5D 28 52 4B 2C  |0001_00_1_0](RK,|
00010810  30 42 31 5F 30 30 30 5F 31 29 29 3B 52 4B 3D 78  |0B1_000_1));RK=x|
00010820  5B 30 58 33 37 36 5D 28 52 4B 2C 78 5B 30 42 31  |[0X376](RK,x[0B1|
00010830  30 31 30 30 5F 30 31 30 31 5F 30 5F 31 5D 28 52  |0100_0101_0_1](R|
00010840  4B 2C 30 78 35 29 29 3B 72 65 74 75 72 6E 20 78  |K,0x5));return x|
00010850  5B 30 42 31 31 31 30 30 31 31 31 30 31 5D 28 52  |[0B1110011101](R|
00010860  4B 2C 30 58 66 46 66 46 66 66 66 66 29 65 6E 64  |K,0XfFfFffff)end|
00010870  29 28 30 58 42 31 29 29 25 32 35 5F 30 34 31 3B  |)(0XB1))%25_041;|
00010880  4F 74 3D 78 5B 30 42 31 31 30 5F 31 31 5F 31 30  |Ot=x[0B110_11_10|
00010890  5F 31 31 5F 30 5D 28 30 62 31 5F 30 5F 31 5F 30  |_11_0](0b1_0_1_0|
000108A0  31 31 5F 30 30 31 5F 31 31 30 5F 30 5F 31 5F 30  |11_001_110_0_1_0|
000108B0  5F 31 5F 31 31 31 5F 31 31 30 31 5F 30 30 31 31  |_1_111_1101_0011|
000108C0  30 5F 31 31 30 30 2C 28 66 75 6E 63 74 69 6F 6E  |0_1100,(function|
000108D0  28 69 64 29 6C 6F 63 61 6C 20 52 4B 3D 78 5B 30  |(id)local RK=x[0|
000108E0  42 31 31 31 30 30 31 5F 31 31 30 31 5D 28 28 28  |B111001_1101](((|
000108F0  30 58 33 32 5F 61 31 36 62 33 34 29 2D 28 30 42  |0X32_a16b34)-(0B|
00010900  31 30 31 30 31 5F 31 29 29 2B 69 64 2A 28 28 30  |10101_1))+id*((0|
00010910  62 31 30 30 31 30 31 31 31 31 31 31 30 31 29 2B  |b1001011111101)+|
00010920  28 30 62 31 31 31 30 31 30 29 29 2B 28 69 64 25  |(0b111010))+(id%|
00010930  30 78 46 42 29 2A 28 28 30 58 38 32 5F 62 5F 38  |0xFB)*((0X82_b_8|
00010940  29 2D 28 30 62 31 31 30 31 5F 31 29 29 2C 34 5F  |)-(0b1101_1)),4_|
00010950  32 39 34 5F 39 36 37 5F 32 39 35 29 3B 6C 6F 63  |294_967_295);loc|
00010960  61 6C 20 6E 6C 3D 78 5B 30 78 33 5F 39 64 5D 28  |al nl=x[0x3_9d](|
00010970  28 58 20 6F 72 20 30 42 30 29 2A 30 42 31 5F 30  |(X or 0B0)*0B1_0|
00010980  30 5F 30 30 30 5F 30 5F 30 31 30 5F 30 30 5F 30  |0_000_0_010_00_0|
00010990  30 30 30 31 30 30 30 30 30 5F 30 30 5F 31 2C 30  |000100000_00_1,0|
000109A0  58 46 66 5F 46 5F 66 5F 66 5F 46 5F 46 66 29 3B  |XFf_F_f_f_F_Ff);|
000109B0  52 4B 3D 78 5B 30 78 33 5F 37 36 5D 28 52 4B 2C  |RK=x[0x3_76](RK,|
000109C0  6E 6C 29 3B 52 4B 3D 28 78 29 5B 30 58 33 5F 37  |nl);RK=(x)[0X3_7|
000109D0  36 5D 28 52 4B 2C 28 78 29 5B 30 62 31 5F 30 31  |6](RK,(x)[0b1_01|
000109E0  30 30 30 31 30 31 30 31 5D 28 52 4B 2C 30 62 31  |00010101](RK,0b1|
000109F0  5F 31 30 31 29 29 3B 52 4B 3D 78 5B 30 62 31 5F  |_101));RK=x[0b1_|
00010A00  31 30 31 31 31 5F 30 31 5F 31 30 5D 28 52 4B 2C  |10111_01_10](RK,|
00010A10  78 5B 30 58 36 31 32 5D 28 52 4B 2C 30 42 31 5F  |x[0X612](RK,0B1_|
00010A20  30 5F 30 5F 30 5F 31 29 29 3B 52 4B 3D 28 78 29  |0_0_0_1));RK=(x)|
00010A30  5B 30 78 33 37 5F 36 5D 28 52 4B 2C 78 5B 30 42  |[0x37_6](RK,x[0B|
00010A40  31 30 5F 31 30 30 30 5F 31 30 31 30 5F 31 5D 28  |10_1000_1010_1](|
00010A50  52 4B 2C 30 78 35 29 29 3B 72 65 74 75 72 6E 28  |RK,0x5));return(|
00010A60  78 29 5B 30 58 33 39 44 5D 28 52 4B 2C 30 42 31  |x)[0X39D](RK,0B1|
00010A70  31 31 31 31 31 5F 31 31 31 5F 31 31 31 5F 31 31  |11111_111_111_11|
00010A80  31 5F 31 31 31 5F 31 31 31 31 31 5F 31 31 31 31  |1_111_11111_1111|
00010A90  5F 31 31 31 31 31 29 65 6E 64 29 28 30 58 31 36  |_11111)end)(0X16|
00010AA0  39 29 29 25 28 28 30 62 31 5F 31 30 30 30 30 31  |9))%((0b1_100001|
00010AB0  31 5F 30 5F 31 31 31 30 31 30 29 2B 28 32 33 29  |1_0_111010)+(23)|
00010AC0  29 3B 78 5B 30 58 31 5F 36 35 5D 3D 58 3B 78 5B  |);x[0X1_65]=X;x[|
00010AD0  31 5F 39 35 37 5D 3D 4E 6C 3B 78 5B 30 58 32 5F  |1_957]=Nl;x[0X2_|
00010AE0  38 66 5D 3D 4F 74 3B 65 6C 73 65 20 4E 6C 3D 78  |8f]=Ot;else Nl=x|
00010AF0  5B 30 42 31 31 5F 31 31 30 31 30 30 5F 31 5F 30  |[0B11_110100_1_0|
00010B00  31 5D 3B 4F 74 3D 78 5B 30 62 31 30 31 30 5F 30  |1];Ot=x[0b1010_0|
00010B10  30 5F 31 5F 31 5F 31 31 5D 3B 65 6E 64 3B 72 65  |0_1_1_11];end;re|
00010B20  74 75 72 6E 28 28 28 6D 2D 30 78 31 29 2A 4E 6C  |turn(((m-0x1)*Nl|
00010B30  2B 4F 74 29 25 28 28 30 62 31 31 30 30 30 31 30  |+Ot)%((0b1100010|
00010B40  5F 30 30 30 30 31 5F 31 31 5F 31 29 2D 30 78 33  |_00001_11_1)-0x3|
00010B50  35 2D 30 78 39 29 29 2B 31 3B 65 6E 64 2C 5B 30  |5-0x9))+1;end,[0|
00010B60  42 31 30 5F 31 30 30 5F 31 30 30 5F 31 5D 3D 30  |B10_100_100_1]=0|
00010B70  78 37 36 2C 5B 30 42 31 30 5F 31 5F 31 5F 30 30  |x76,[0B10_1_1_00|
00010B80  31 5F 30 31 31 30 5D 3D 66 75 6E 63 74 69 6F 6E  |1_0110]=function|
00010B90  28 78 29 6C 6F 63 61 6C 20 63 63 3D 30 58 33 36  |(x)local cc=0X36|
00010BA0  3B 6C 6F 63 61 6C 20 75 63 2C 67 75 3B 6C 6F 63  |;local uc,gu;loc|
00010BB0  61 6C 20 64 3D 30 42 31 31 30 31 31 5F 30 3B 6C  |al d=0B11011_0;l|
00010BC0  6F 63 61 6C 20 69 3D 31 31 36 3B 72 65 70 65 61  |ocal i=116;repea|
00010BD0  74 20 69 66 28 28 63 63 2B 69 29 3D 3D 28 64 2B  |t if((cc+i)==(d+|
00010BE0  69 29 29 74 68 65 6E 20 75 63 3D 78 5B 39 32 35  |i))then uc=x[925|
00010BF0  5D 28 78 5B 30 78 35 31 35 5D 28 67 75 20 6F 72  |](x[0x515](gu or|
00010C00  20 37 33 2C 30 58 32 29 2C 30 58 46 46 66 66 29  | 73,0X2),0XFFff)|
00010C10  3B 63 63 3D 30 58 41 41 3B 63 6F 6E 74 69 6E 75  |;cc=0XAA;continu|
00010C20  65 3B 65 6C 73 65 69 66 28 28 63 63 2D 69 29 3D  |e;elseif((cc-i)=|
00010C30  3D 64 29 74 68 65 6E 20 67 75 3D 78 5B 30 78 36  |=d)then gu=x[0x6|
00010C40  5F 31 32 5D 28 75 63 20 6F 72 20 30 58 61 41 37  |_12](uc or 0XaA7|
00010C50  33 2C 30 42 30 5F 30 31 29 3B 62 72 65 61 6B 3B  |3,0B0_01);break;|
00010C60  65 6C 73 65 20 62 72 65 61 6B 3B 65 6E 64 3B 75  |else break;end;u|
00010C70  6E 74 69 6C 20 66 61 6C 73 65 3B 69 66 28 78 29  |ntil false;if(x)|
00010C80  5B 30 42 31 31 5F 30 5F 31 5F 31 31 5F 30 31 31  |[0B11_0_1_11_011|
00010C90  5F 30 5D 28 75 63 2C 67 75 29 7E 3D 30 78 31 42  |_0](uc,gu)~=0x1B|
00010CA0  5F 36 20 74 68 65 6E 20 72 65 74 75 72 6E 20 65  |_6 then return e|
00010CB0  6E 64 3B 72 65 74 75 72 6E 20 78 5B 30 78 31 41  |nd;return x[0x1A|
00010CC0  5F 35 5D 28 78 5B 30 62 31 5F 31 31 30 5F 30 31  |_5](x[0b1_110_01|
00010CD0  5F 31 5F 31 30 5F 31 5D 28 78 5B 30 62 31 31 30  |_1_10_1](x[0b110|
00010CE0  31 31 31 30 31 5F 31 30 5D 28 28 78 29 5B 30 62  |11101_10]((x)[0b|
00010CF0  31 30 31 30 5F 30 31 30 30 31 5D 2C 78 5B 30 62  |1010_01001],x[0b|
00010D00  31 31 5F 31 31 30 5F 31 5F 30 30 31 30 30 5D 29  |11_110_1_00100])|
00010D10  2C 32 35 35 29 29 65 6E 64 2C 5B 30 78 33 64 38  |,255))end,[0x3d8|
00010D20  5D 3D 66 75 6E 63 74 69 6F 6E 28 78 2C 2E 2E 2E  |]=function(x,...|
00010D30  29 72 65 74 75 72 6E 7B 2E 2E 2E 7D 2C 78 5B 30  |)return{...},x[0|
00010D40  58 36 5F 42 34 5D 28 22 23 22 2C 2E 2E 2E 29 3B  |X6_B4]("#",...);|
00010D50  65 6E 64 2C 5B 30 62 31 5F 30 30 31 31 30 31 30  |end,[0b1_0011010|
00010D60  30 5D 3D 66 75 6E 63 74 69 6F 6E 28 78 2C 42 46  |0]=function(x,BF|
00010D70  2C 5A 56 2C 62 42 2C 6D 57 29 6C 6F 63 61 6C 20  |,ZV,bB,mW)local |
00010D80  6C 64 3D 78 5B 30 58 34 63 30 5D 3B 69 66 20 6E  |ld=x[0X4c0];if n|
00010D90  6F 74 20 6C 64 20 74 68 65 6E 20 6C 6F 63 61 6C  |ot ld then local|
00010DA0  20 6A 63 3D 28 78 29 5B 30 58 33 5F 39 44 5D 28  | jc=(x)[0X3_9D](|
00010DB0  30 42 31 5F 30 30 30 31 5F 30 31 2C 30 42 31 5F  |0B1_0001_01,0B1_|
00010DC0  30 31 5F 31 31 31 31 31 29 3B 6C 64 3D 66 75 6E  |01_11111);ld=fun|
00010DD0  63 74 69 6F 6E 28 78 2C 42 46 2C 5A 56 2C 62 42  |ction(x,BF,ZV,bB|
00010DE0  2C 6D 57 29 6C 6F 63 61 6C 20 56 3D 6D 57 3B 6C  |,mW)local V=mW;l|
00010DF0  6F 63 61 6C 20 66 46 2C 41 4B 2C 56 4D 2C 74 69  |ocal fF,AK,VM,ti|
00010E00  2C 6B 5A 2C 63 6C 2C 67 4E 2C 4B 4D 2C 65 79 2C  |,kZ,cl,gN,KM,ey,|
00010E10  53 42 2C 54 5A 2C 76 53 2C 50 65 2C 6B 70 2C 54  |SB,TZ,vS,Pe,kp,T|
00010E20  75 3D 28 28 2D 30 62 31 30 31 31 30 5F 30 29 2B  |u=((-0b10110_0)+|
00010E30  28 34 35 29 29 2C 30 58 32 2C 28 28 30 62 31 30  |(45)),0X2,((0b10|
00010E40  30 30 30 5F 30 5F 31 31 29 2D 28 30 58 46 29 29  |000_0_11)-(0XF))|
00010E50  2C 28 28 30 62 31 30 30 31 29 2D 30 42 30 5F 30  |,((0b1001)-0B0_0|
00010E60  31 2D 30 58 33 29 2C 30 58 36 33 2C 28 28 30 58  |1-0X3),0X63,((0X|
00010E70  32 5F 32 29 2D 30 58 31 5F 62 2D 30 62 31 29 2C  |2_2)-0X1_b-0b1),|
00010E80  28 28 30 58 34 33 29 2D 28 30 78 31 46 29 29 2C  |((0X43)-(0x1F)),|
00010E90  28 28 2D 30 62 31 5F 30 31 31 30 29 2B 28 30 62  |((-0b1_0110)+(0b|
00010EA0  31 5F 31 30 5F 30 31 29 29 2C 28 28 30 78 31 30  |1_10_01)),((0x10|
00010EB0  5F 30 36 44 29 2D 30 78 33 44 2D 30 62 31 31 30  |_06D)-0x3D-0b110|
00010EC0  30 5F 30 30 29 2C 30 62 30 2C 28 28 31 34 37 29  |0_00),0b0,((147)|
00010ED0  2D 30 78 38 2D 34 34 29 2C 28 28 30 78 34 5F 36  |-0x8-44),((0x4_6|
00010EE0  29 2B 28 30 42 31 5F 31 5F 30 5F 30 31 30 29 29  |)+(0B1_1_0_010))|
00010EF0  2C 28 28 30 58 37 42 29 2D 37 2D 30 42 31 30 30  |,((0X7B)-7-0B100|
00010F00  30 29 2C 28 28 30 58 42 37 29 2D 30 62 31 30 30  |0),((0XB7)-0b100|
00010F10  30 30 30 2D 35 30 29 2C 30 78 31 5F 30 5F 30 3B  |000-50),0x1_0_0;|
00010F20  6C 6F 63 61 6C 20 66 75 6E 63 74 69 6F 6E 20 49  |local function I|
00010F30  28 65 2C 4C 2C 43 29 6C 6F 63 61 6C 20 58 2C 45  |(e,L,C)local X,E|
00010F40  2C 51 2C 5A 2C 47 2C 41 2C 42 3B 58 3D 65 5B 66  |,Q,Z,G,A,B;X=e[f|
00010F50  46 5D 3B 45 3D 65 5B 41 4B 5D 3B 51 3D 65 5B 4B  |F];E=e[AK];Q=e[K|
00010F60  4D 5D 3B 5A 3D 65 5B 74 69 5D 3B 47 3D 65 5B 63  |M];Z=e[ti];G=e[c|
00010F70  6C 5D 3B 41 3D 7B 7D 3B 42 3D 53 42 3B 6C 6F 63  |l];A={};B=SB;loc|
00010F80  61 6C 20 54 3D 66 75 6E 63 74 69 6F 6E 28 4D 29  |al T=function(M)|
00010F90  42 3D 42 2B 66 46 3B 6C 6F 63 61 6C 20 65 3D 42  |B=B+fF;local e=B|
00010FA0  2A 30 42 31 31 31 30 5F 30 30 31 30 30 31 5F 31  |*0B1110_001001_1|
00010FB0  2B 28 28 30 78 31 43 5F 43 32 5F 31 46 5F 30 5F  |+((0x1C_C2_1F_0_|
00010FC0  30 29 2B 28 30 42 31 5F 30 5F 30 30 31 30 29 29  |0)+(0B1_0_0010))|
00010FD0  3B 41 5B 65 5D 3D 4D 3B 6C 6F 63 61 6C 20 65 3D  |;A[e]=M;local e=|
00010FE0  65 2B 28 28 30 78 32 46 5F 41 61 5F 31 5F 34 30  |e+((0x2F_Aa_1_40|
00010FF0  35 29 2D 39 2D 35 39 29 3B 72 65 74 75 72 6E 20  |5)-9-59);return |
00011000  66 75 6E 63 74 69 6F 6E 28 2E 2E 2E 29 6C 6F 63  |function(...)loc|
00011010  61 6C 20 65 3D 41 5B 65 2D 30 62 31 30 31 5F 31  |al e=A[e-0b101_1|
00011020  31 31 31 30 31 30 31 30 31 30 30 30 5F 30 31 5F  |111010101000_01_|
00011030  30 30 31 31 31 5F 31 30 30 5F 30 30 5F 30 31 5D  |00111_100_00_01]|
00011040  3B 72 65 74 75 72 6E 20 65 28 2E 2E 2E 29 3B 65  |;return e(...);e|
00011050  6E 64 3B 65 6E 64 3B 6C 6F 63 61 6C 20 42 3D 28  |nd;end;local B=(|
00011060  28 37 30 37 5F 31 30 37 5F 31 37 33 29 2D 34 2D  |(707_107_173)-4-|
00011070  30 62 31 5F 31 5F 30 31 30 31 29 3B 6C 6F 63 61  |0b1_1_0101);loca|
00011080  6C 20 65 3D 7B 5B 30 62 31 30 31 30 30 30 5F 30  |l e={[0b101000_0|
00011090  30 31 31 5F 31 30 30 5F 30 30 30 31 31 30 30 31  |011_100_00011001|
000110A0  5F 30 5F 30 5F 30 31 5F 31 31 30 31 30 5D 3D 66  |_0_0_01_11010]=f|
000110B0  75 6E 63 74 69 6F 6E 28 65 2C 2E 2E 2E 29 72 65  |unction(e,...)re|
000110C0  74 75 72 6E 20 65 28 2E 2E 2E 29 3B 65 6E 64 3B  |turn e(...);end;|
000110D0  5B 30 42 31 30 31 31 31 31 31 31 5F 30 5F 31 5F  |[0B10111111_0_1_|
000110E0  31 31 30 5F 31 31 31 31 31 30 5F 31 30 5F 31 30  |110_111110_10_10|
000110F0  31 5F 31 5F 31 31 31 30 30 5D 3D 66 75 6E 63 74  |1_1_11100]=funct|
00011100  69 6F 6E 28 65 2C 2E 2E 2E 29 6C 6F 63 61 6C 20  |ion(e,...)local |
00011110  65 3D 65 3B 72 65 74 75 72 6E 20 65 28 2E 2E 2E  |e=e;return e(...|
00011120  29 3B 65 6E 64 3B 5B 34 30 36 5F 37 31 33 5F 36  |);end;[406_713_6|
00011130  32 30 5D 3D 66 75 6E 63 74 69 6F 6E 28 65 2C 2E  |20]=function(e,.|
00011140  2E 2E 29 69 66 20 65 3D 3D 65 20 74 68 65 6E 20  |..)if e==e then |
00011150  72 65 74 75 72 6E 20 65 28 2E 2E 2E 29 3B 65 6E  |return e(...);en|
00011160  64 3B 72 65 74 75 72 6E 20 65 28 2E 2E 2E 29 3B  |d;return e(...);|
00011170  65 6E 64 3B 5B 30 78 33 36 35 5F 34 33 5F 38 39  |end;[0x365_43_89|
00011180  30 5D 3D 66 75 6E 63 74 69 6F 6E 28 65 2C 2E 2E  |0]=function(e,..|
00011190  2E 29 6C 6F 63 61 6C 20 42 3D 4E 28 27 23 27 2C  |.)local B=N('#',|
000111A0  2E 2E 2E 29 3B 69 66 20 42 3E 3D 53 42 20 74 68  |...);if B>=SB th|
000111B0  65 6E 20 72 65 74 75 72 6E 20 65 28 2E 2E 2E 29  |en return e(...)|
000111C0  3B 65 6E 64 3B 72 65 74 75 72 6E 20 65 28 2E 2E  |;end;return e(..|
000111D0  2E 29 3B 65 6E 64 3B 7D 3B 6C 6F 63 61 6C 20 41  |.);end;};local A|
000111E0  3D 7B 39 31 31 5F 34 38 39 5F 31 36 38 2C 28 28  |={911_489_168,((|
000111F0  30 62 31 5F 30 31 5F 30 30 30 30 30 5F 31 31 31  |0b1_01_00000_111|
00011200  30 30 5F 30 30 30 31 5F 31 30 5F 30 5F 31 30 5F  |00_0001_10_0_10_|
00011210  30 31 31 31 30 30 31 5F 30 29 2D 32 32 2D 30 58  |0111001_0)-22-0X|
00011220  32 5F 32 29 2C 34 30 36 5F 37 31 33 5F 36 32 30  |2_2),406_713_620|
00011230  2C 38 30 33 5F 30 37 35 5F 34 35 32 7D 3B 6C 6F  |,803_075_452};lo|
00011240  63 61 6C 20 6E 3D 66 75 6E 63 74 69 6F 6E 28 4D  |cal n=function(M|
00011250  2C 2E 2E 2E 29 42 3D 28 42 2A 30 42 31 30 31 5F  |,...)B=(B*0B101_|
00011260  31 31 30 31 31 30 30 31 30 5F 30 5F 30 5F 30 30  |110110010_0_0_00|
00011270  31 5F 30 30 31 2B 30 58 37 5F 44 5F 32 30 46 29  |1_001+0X7_D_20F)|
00011280  25 28 28 30 58 38 30 30 30 30 30 35 5F 36 29 2D  |%((0X8000005_6)-|
00011290  30 62 31 31 5F 30 30 31 2D 30 62 31 5F 31 5F 31  |0b11_001-0b1_1_1|
000112A0  31 31 30 29 3B 6C 6F 63 61 6C 20 42 3D 41 5B 28  |110);local B=A[(|
000112B0  42 25 34 29 2B 66 46 5D 3B 72 65 74 75 72 6E 20  |B%4)+fF];return |
000112C0  65 5B 42 5D 28 4D 2C 2E 2E 2E 29 3B 65 6E 64 3B  |e[B](M,...);end;|
000112D0  6C 6F 63 61 6C 20 4B 2C 4A 2C 48 2C 53 2C 6C 2C  |local K,J,H,S,l,|
000112E0  55 2C 50 3B 4B 3D 43 5B 44 28 56 4D 2C 28 28 30  |U,P;K=C[D(VM,((0|
000112F0  58 39 33 29 2D 28 32 36 29 29 2C 28 28 30 78 42  |X93)-(26)),((0xB|
00011300  43 29 2D 30 78 32 42 2D 33 33 29 2C 6B 70 29 5D  |C)-0x2B-33),kp)]|
00011310  3B 4A 3D 43 5B 44 28 30 42 31 31 30 30 5F 31 31  |;J=C[D(0B1100_11|
00011320  31 2C 6B 70 2C 56 4D 2C 30 58 36 64 2C 6B 70 2C  |1,kp,VM,0X6d,kp,|
00011330  56 4D 2C 30 62 31 5F 31 5F 30 30 5F 30 30 5F 31  |VM,0b1_1_00_00_1|
00011340  2C 56 4D 2C 28 28 30 62 31 30 31 31 5F 30 30 30  |,VM,((0b1011_000|
00011350  29 2B 28 30 78 39 29 29 2C 28 28 31 32 33 29 2D  |)+(0x9)),((123)-|
00011360  28 30 42 31 5F 31 5F 30 5F 30 31 29 29 2C 50 65  |(0B1_1_0_01)),Pe|
00011370  2C 6B 70 29 5D 3B 48 3D 43 5B 44 28 30 62 31 31  |,kp)];H=C[D(0b11|
00011380  5F 30 31 31 31 5F 30 2C 6B 70 2C 76 53 2C 56 4D  |_0111_0,kp,vS,VM|
00011390  29 5D 3B 53 3D 44 28 28 28 35 35 29 2B 28 30 58  |)];S=D(((55)+(0X|
000113A0  32 46 29 29 2C 28 28 30 42 31 30 31 5F 30 31 5F  |2F)),((0B101_01_|
000113B0  31 30 31 29 2D 30 58 33 37 2D 30 42 31 29 2C 30  |101)-0X37-0B1),0|
000113C0  42 31 5F 31 30 31 31 31 5F 30 2C 6B 5A 2C 56 4D  |B1_10111_0,kZ,VM|
000113D0  2C 31 30 35 2C 28 28 30 78 37 66 29 2D 28 30 78  |,105,((0x7f)-(0x|
000113E0  31 30 29 29 2C 30 62 31 5F 31 30 31 5F 31 5F 31  |10)),0b1_101_1_1|
000113F0  30 29 3B 6C 3D 44 28 56 4D 2C 28 28 30 58 35 5F  |0);l=D(VM,((0X5_|
00011400  66 29 2B 28 30 78 32 29 29 2C 39 38 2C 50 65 2C  |f)+(0x2)),98,Pe,|
00011410  6B 70 29 3B 55 3D 44 28 54 5A 2C 54 5A 2C 31 30  |kp);U=D(TZ,TZ,10|
00011420  35 2C 56 4D 2C 6B 70 2C 30 58 37 32 29 3B 50 3D  |5,VM,kp,0X72);P=|
00011430  44 28 54 5A 2C 54 5A 2C 6B 5A 2C 39 37 2C 50 65  |D(TZ,TZ,kZ,97,Pe|
00011440  2C 50 65 29 3B 6C 6F 63 61 6C 20 50 3D 66 75 6E  |,Pe);local P=fun|
00011450  63 74 69 6F 6E 28 42 2C 65 2C 4D 2C 41 29 4D 3D  |ction(B,e,M,A)M=|
00011460  42 5B 65 5D 3B 69 66 20 4B 28 4D 29 3D 3D 53 20  |B[e];if K(M)==S |
00011470  74 68 65 6E 20 72 65 74 75 72 6E 20 65 6E 64 3B  |then return end;|
00011480  41 3D 4A 28 4D 29 3B 69 66 20 4B 28 41 29 3D 3D  |A=J(M);if K(A)==|
00011490  6C 20 61 6E 64 20 41 5B 55 5D 74 68 65 6E 20 42  |l and A[U]then B|
000114A0  5B 65 5D 2C 42 5B 65 2B 66 46 5D 2C 42 5B 65 2B  |[e],B[e+fF],B[e+|
000114B0  41 4B 5D 3D 6E 28 41 5B 55 5D 2C 4D 29 3B 65 6C  |AK]=n(A[U],M);el|
000114C0  73 65 69 66 20 4B 28 4D 29 3D 3D 6C 20 61 6E 64  |seif K(M)==l and|
000114D0  20 6E 6F 74 28 4B 28 41 29 3D 3D 6C 20 61 6E 64  | not(K(A)==l and|
000114E0  20 41 5B 50 5D 29 74 68 65 6E 20 42 5B 65 5D 2C  | A[P])then B[e],|
000114F0  42 5B 65 2B 66 46 5D 2C 42 5B 65 2B 41 4B 5D 3D  |B[e+fF],B[e+AK]=|
00011500  48 2C 4D 2C 6E 69 6C 3B 65 6E 64 3B 65 6E 64 3B  |H,M,nil;end;end;|
00011510  72 65 74 75 72 6E 20 66 75 6E 63 74 69 6F 6E 28  |return function(|
00011520  2E 2E 2E 29 6C 6F 63 61 6C 20 6C 2C 58 2C 45 2C  |...)local l,X,E,|
00011530  48 2C 4D 2C 44 3D 58 2C 45 2C 51 2C 56 2C 5A 2C  |H,M,D=X,E,Q,V,Z,|
00011540  2D 66 46 3B 6C 6F 63 61 6C 20 55 2C 41 2C 5A 2C  |-fF;local U,A,Z,|
00011550  4B 2C 65 3B 41 3D 7B 2E 2E 2E 7D 3B 5A 3D 4E 28  |K,e;A={...};Z=N(|
00011560  27 23 27 2C 2E 2E 2E 29 2D 66 46 3B 65 3D 7B 7D  |'#',...)-fF;e={}|
00011570  3B 66 6F 72 20 42 3D 53 42 2C 5A 20 64 6F 20 69  |;for B=SB,Z do i|
00011580  66 28 42 3E 3D 45 29 74 68 65 6E 20 55 3D 55 20  |f(B>=E)then U=U |
00011590  6F 72 7B 7D 3B 55 5B 42 2D 45 5D 3D 41 5B 42 2B  |or{};U[B-E]=A[B+|
000115A0  66 46 5D 3B 65 6C 73 65 20 65 5B 42 5D 3D 41 5B  |fF];else e[B]=A[|
000115B0  42 2B 66 46 5D 3B 65 6E 64 3B 65 6E 64 3B 6C 6F  |B+fF];end;end;lo|
000115C0  63 61 6C 20 4E 2C 42 2C 41 3B 4E 3D 5A 2D 45 2B  |cal N,B,A;N=Z-E+|
000115D0  66 46 3B 77 68 69 6C 65 20 74 72 75 65 20 64 6F  |fF;while true do|
000115E0  20 42 3D 6C 5B 4D 5D 3B 69 66 20 6E 6F 74 20 42  | B=l[M];if not B|
000115F0  5B 35 39 5D 74 68 65 6E 20 78 5B 30 42 31 30 30  |[59]then x[0B100|
00011600  5F 30 5F 31 31 30 5F 30 31 31 5D 28 78 2C 42 29  |_0_110_011](x,B)|
00011610  3B 65 6E 64 3B 41 3D 42 5B 30 62 31 30 5F 31 31  |;end;A=B[0b10_11|
00011620  5F 30 30 30 5D 3B 69 66 20 6E 6F 74 20 41 20 74  |_000];if not A t|
00011630  68 65 6E 20 41 3D 78 5B 30 62 31 5F 31 5F 31 31  |hen A=x[0b1_1_11|
00011640  31 30 30 30 31 5F 30 31 5D 28 78 2C 42 29 3B 65  |10001_01](x,B);e|
00011650  6E 64 3B 69 66 20 41 3C 3D 28 28 30 42 31 5F 30  |nd;if A<=((0B1_0|
00011660  5F 30 5F 30 31 31 5F 31 30 29 2D 28 31 29 29 74  |_0_011_10)-(1))t|
00011670  68 65 6E 20 69 66 20 41 3E 30 78 34 34 20 74 68  |hen if A>0x44 th|
00011680  65 6E 20 69 66 20 41 3C 3D 37 36 20 74 68 65 6E  |en if A<=76 then|
00011690  20 69 66 20 41 3E 30 62 31 30 30 31 30 30 31 20  | if A>0b1001001 |
000116A0  74 68 65 6E 20 69 66 20 41 3C 3D 37 34 20 74 68  |then if A<=74 th|
000116B0  65 6E 20 6C 6F 63 61 6C 20 41 2C 44 2C 47 2C 6E  |en local A,D,G,n|
000116C0  3B 41 3D 42 5B 41 4B 5D 3B 44 2C 47 2C 6E 3D 65  |;A=B[AK];D,G,n=e|
000116D0  5B 41 5D 2C 65 5B 41 2B 66 46 5D 2C 65 5B 41 2B  |[A],e[A+fF],e[A+|
000116E0  41 4B 5D 3B 69 66 28 47 3E 53 42 20 61 6E 64 20  |AK];if(G>SB and |
000116F0  6E 3E 44 29 6F 72 28 47 3C 3D 53 42 20 61 6E 64  |n>D)or(G<=SB and|
00011700  20 6E 3C 44 29 74 68 65 6E 20 4D 3D 42 5B 4B 4D  | n<D)then M=B[KM|
00011710  5D 65 6C 73 65 20 65 5B 41 2B 4B 4D 5D 3D 6E 20  |]else e[A+KM]=n |
00011720  65 6E 64 3B 65 6C 73 65 20 69 66 20 41 3D 3D 37  |end;else if A==7|
00011730  35 20 74 68 65 6E 20 65 5B 42 5B 41 4B 5D 5D 3D  |5 then e[B[AK]]=|
00011740  65 5B 42 5B 4B 4D 5D 5D 25 42 5B 28 28 34 38 29  |e[B[KM]]%B[((48)|
00011750  2D 28 30 78 32 43 29 29 5D 3B 65 6C 73 65 20 6C  |-(0x2C))];else l|
00011760  6F 63 61 6C 20 41 3D 42 5B 41 4B 5D 6E 28 65 5B  |ocal A=B[AK]n(e[|
00011770  41 5D 2C 57 28 65 2C 41 2B 66 46 2C 42 5B 4B 4D  |A],W(e,A+fF,B[KM|
00011780  5D 29 29 65 6E 64 3B 65 6E 64 3B 65 6C 73 65 20  |]))end;end;else |
00011790  69 66 20 41 3C 3D 30 78 34 5F 35 20 74 68 65 6E  |if A<=0x4_5 then|
000117A0  20 6C 6F 63 61 6C 20 41 2C 4D 2C 47 3B 41 3D 42  | local A,M,G;A=B|
000117B0  5B 41 4B 5D 3B 4D 2C 47 3D 48 28 6E 28 65 5B 41  |[AK];M,G=H(n(e[A|
000117C0  5D 2C 65 5B 41 2B 66 46 5D 29 29 3B 44 3D 47 2B  |],e[A+fF]));D=G+|
000117D0  41 2D 66 46 20 6C 6F 63 61 6C 20 42 3D 53 42 3B  |A-fF local B=SB;|
000117E0  66 6F 72 20 41 3D 41 2C 44 20 64 6F 20 42 3D 42  |for A=A,D do B=B|
000117F0  2B 66 46 3B 65 5B 41 5D 3D 4D 5B 42 5D 3B 65 6E  |+fF;e[A]=M[B];en|
00011800  64 3B 65 6C 73 65 20 69 66 20 41 3D 3D 30 78 34  |d;else if A==0x4|
00011810  5F 38 20 74 68 65 6E 20 6C 6F 63 61 6C 20 42 3D  |_8 then local B=|
00011820  42 5B 41 4B 5D 65 5B 42 5D 3D 6E 28 65 5B 42 5D  |B[AK]e[B]=n(e[B]|
00011830  2C 65 5B 42 2B 66 46 5D 29 65 6C 73 65 69 66 20  |,e[B+fF])elseif |
00011840  41 3D 3D 28 28 30 58 37 62 29 2D 30 62 31 5F 31  |A==((0X7b)-0b1_1|
00011850  5F 30 5F 31 2D 30 62 31 30 30 5F 31 30 5F 31 29  |_0_1-0b100_10_1)|
00011860  74 68 65 6E 20 65 5B 42 5B 41 4B 5D 5D 3D 4C 5B  |then e[B[AK]]=L[|
00011870  42 5B 4B 4D 5D 5D 3B 65 6C 73 65 69 66 20 41 3D  |B[KM]];elseif A=|
00011880  3D 30 78 34 5F 37 20 74 68 65 6E 20 43 5B 42 5B  |=0x4_7 then C[B[|
00011890  4B 4D 5D 5D 3D 65 5B 42 5B 41 4B 5D 5D 3B 65 6C  |KM]]=e[B[AK]];el|
000118A0  73 65 20 66 6F 72 20 42 3D 42 5B 41 4B 5D 2C 42  |se for B=B[AK],B|
000118B0  5B 4B 4D 5D 64 6F 20 65 5B 42 5D 3D 6E 69 6C 3B  |[KM]do e[B]=nil;|
000118C0  65 6E 64 3B 65 6E 64 3B 65 6E 64 3B 65 6E 64 3B  |end;end;end;end;|
000118D0  65 6C 73 65 20 69 66 20 41 3E 28 28 30 62 31 5F  |else if A>((0b1_|
000118E0  31 30 31 31 31 31 29 2D 28 30 78 31 61 29 29 74  |101111)-(0x1a))t|
000118F0  68 65 6E 20 69 66 20 41 3E 30 62 31 5F 30 5F 30  |hen if A>0b1_0_0|
00011900  30 30 30 5F 30 5F 30 20 74 68 65 6E 20 69 66 20  |000_0_0 then if |
00011910  41 3C 3D 30 62 31 30 5F 30 30 30 30 31 30 20 74  |A<=0b10_000010 t|
00011920  68 65 6E 20 69 66 20 41 3D 3D 30 58 38 5F 31 20  |hen if A==0X8_1 |
00011930  74 68 65 6E 20 69 66 28 65 5B 42 5B 41 4B 5D 5D  |then if(e[B[AK]]|
00011940  3C 3D 65 5B 42 5B 30 62 31 30 30 5D 5D 29 74 68  |<=e[B[0b100]])th|
00011950  65 6E 20 4D 3D 47 5B 4D 5D 3B 65 6C 73 65 20 4D  |en M=G[M];else M|
00011960  3D 42 5B 4B 4D 5D 3B 65 6E 64 3B 65 6C 73 65 20  |=B[KM];end;else |
00011970  64 6F 20 72 65 74 75 72 6E 20 65 6E 64 3B 65 6E  |do return end;en|
00011980  64 3B 65 6C 73 65 20 69 66 20 41 3C 3D 30 78 38  |d;else if A<=0x8|
00011990  37 20 74 68 65 6E 20 69 66 20 41 3C 3D 28 28 30  |7 then if A<=((0|
000119A0  42 31 30 31 30 5F 30 30 31 29 2B 28 30 42 31 31  |B1010_001)+(0B11|
000119B0  30 31 30 31 29 29 74 68 65 6E 20 69 66 20 41 3C  |0101))then if A<|
000119C0  3D 30 58 38 5F 33 20 74 68 65 6E 20 65 5B 42 5B  |=0X8_3 then e[B[|
000119D0  41 4B 5D 5D 3D 43 5B 42 5B 4B 4D 5D 5D 3B 65 6C  |AK]]=C[B[KM]];el|
000119E0  73 65 20 69 66 20 41 3E 30 42 31 30 30 5F 30 30  |se if A>0B100_00|
000119F0  5F 31 30 30 20 74 68 65 6E 20 69 66 20 41 3E 30  |_100 then if A>0|
00011A00  78 38 35 20 74 68 65 6E 20 6C 6F 63 61 6C 20 42  |x85 then local B|
00011A10  3D 42 5B 41 4B 5D 65 5B 42 5D 3D 6E 28 65 5B 42  |=B[AK]e[B]=n(e[B|
00011A20  5D 2C 65 5B 42 2B 66 46 5D 29 65 6C 73 65 20 6C  |],e[B+fF])else l|
00011A30  6F 63 61 6C 20 42 3D 42 5B 41 4B 5D 3B 64 6F 20  |ocal B=B[AK];do |
00011A40  72 65 74 75 72 6E 20 65 5B 42 5D 2C 65 5B 42 2B  |return e[B],e[B+|
00011A50  66 46 5D 65 6E 64 3B 65 6E 64 3B 65 6C 73 65 20  |fF]end;end;else |
00011A60  6C 6F 63 61 6C 20 42 3D 42 5B 41 4B 5D 65 5B 42  |local B=B[AK]e[B|
00011A70  5D 3D 6E 28 65 5B 42 5D 29 65 6E 64 3B 65 6E 64  |]=n(e[B])end;end|
00011A80  3B 65 6C 73 65 20 66 6F 72 20 42 3D 42 5B 41 4B  |;else for B=B[AK|
00011A90  5D 2C 42 5B 4B 4D 5D 64 6F 20 65 5B 42 5D 3D 6E  |],B[KM]do e[B]=n|
00011AA0  69 6C 3B 65 6E 64 3B 65 6E 64 3B 65 6C 73 65 20  |il;end;end;else |
00011AB0  69 66 20 41 3E 30 42 31 30 30 5F 30 31 30 5F 31  |if A>0B100_010_1|
00011AC0  31 20 74 68 65 6E 20 69 66 20 41 3D 3D 30 62 31  |1 then if A==0b1|
00011AD0  30 30 5F 30 5F 31 31 30 30 20 74 68 65 6E 20 6C  |00_0_1100 then l|
00011AE0  6F 63 61 6C 20 4D 3D 42 5B 4B 4D 5D 3B 6C 6F 63  |ocal M=B[KM];loc|
00011AF0  61 6C 20 41 3D 65 5B 4D 5D 66 6F 72 20 42 3D 4D  |al A=e[M]for B=M|
00011B00  2B 66 46 2C 42 5B 30 58 34 5D 64 6F 20 41 3D 41  |+fF,B[0X4]do A=A|
00011B10  2E 2E 65 5B 42 5D 3B 65 6E 64 3B 65 5B 42 5B 41  |..e[B];end;e[B[A|
00011B20  4B 5D 5D 3D 41 3B 65 6C 73 65 20 6C 6F 63 61 6C  |K]]=A;else local|
00011B30  20 41 2C 4D 2C 47 3B 41 3D 42 5B 41 4B 5D 3B 4D  | A,M,G;A=B[AK];M|
00011B40  2C 47 3D 48 28 6E 28 65 5B 41 5D 29 29 3B 44 3D  |,G=H(n(e[A]));D=|
00011B50  47 2B 41 2D 66 46 20 6C 6F 63 61 6C 20 42 3D 53  |G+A-fF local B=S|
00011B60  42 3B 66 6F 72 20 41 3D 41 2C 44 20 64 6F 20 42  |B;for A=A,D do B|
00011B70  3D 42 2B 66 46 3B 65 5B 41 5D 3D 4D 5B 42 5D 3B  |=B+fF;e[A]=M[B];|
00011B80  65 6E 64 3B 65 6E 64 3B 65 6C 73 65 20 69 66 20  |end;end;else if |
00011B90  41 3D 3D 30 62 31 30 5F 30 30 31 30 31 31 20 74  |A==0b10_001011 t|
00011BA0  68 65 6E 20 65 5B 42 5B 41 4B 5D 5D 3D 65 5B 42  |hen e[B[AK]]=e[B|
00011BB0  5B 4B 4D 5D 5D 5E 65 5B 42 5B 28 28 30 42 31 5F  |[KM]]^e[B[((0B1_|
00011BC0  31 5F 30 30 31 29 2D 30 78 32 2D 30 58 31 33 29  |1_001)-0x2-0X13)|
00011BD0  5D 5D 3B 65 6C 73 65 69 66 20 41 3D 3D 28 28 30  |]];elseif A==((0|
00011BE0  62 31 5F 30 30 31 30 31 31 31 29 2D 28 31 35 29  |b1_0010111)-(15)|
00011BF0  29 74 68 65 6E 20 6C 6F 63 61 6C 20 41 2C 47 2C  |)then local A,G,|
00011C00  4D 3B 41 3D 42 5B 41 4B 5D 3B 47 3D 42 5B 28 28  |M;A=B[AK];G=B[((|
00011C10  30 58 35 46 29 2D 30 58 32 64 2D 30 78 32 5F 65  |0X5F)-0X2d-0x2_e|
00011C20  29 5D 3B 4D 3D 47 2D 41 2B 66 46 3B 69 66 20 4D  |)];M=G-A+fF;if M|
00011C30  3D 3D 41 4B 20 74 68 65 6E 20 65 5B 41 5D 2C 65  |==AK then e[A],e|
00011C40  5B 41 2B 66 46 5D 3D 6E 28 65 5B 41 5D 2C 57 28  |[A+fF]=n(e[A],W(|
00011C50  65 2C 41 2B 66 46 2C 42 5B 4B 4D 5D 29 29 65 6C  |e,A+fF,B[KM]))el|
00011C60  73 65 69 66 20 4D 3D 3D 4B 4D 20 74 68 65 6E 20  |seif M==KM then |
00011C70  65 5B 41 5D 2C 65 5B 41 2B 66 46 5D 2C 65 5B 41  |e[A],e[A+fF],e[A|
00011C80  2B 41 4B 5D 3D 6E 28 65 5B 41 5D 2C 57 28 65 2C  |+AK]=n(e[A],W(e,|
00011C90  41 2B 66 46 2C 42 5B 4B 4D 5D 29 29 65 6C 73 65  |A+fF,B[KM]))else|
00011CA0  69 66 20 4D 3D 3D 30 62 31 30 30 20 74 68 65 6E  |if M==0b100 then|
00011CB0  20 65 5B 41 5D 2C 65 5B 41 2B 66 46 5D 2C 65 5B  | e[A],e[A+fF],e[|
00011CC0  41 2B 41 4B 5D 2C 65 5B 41 2B 4B 4D 5D 3D 6E 28  |A+AK],e[A+KM]=n(|
00011CD0  65 5B 41 5D 2C 57 28 65 2C 41 2B 66 46 2C 42 5B  |e[A],W(e,A+fF,B[|
00011CE0  4B 4D 5D 29 29 65 6C 73 65 20 6C 6F 63 61 6C 20  |KM]))else local |
00011CF0  44 2C 4D 3B 44 3D 7B 6E 28 65 5B 41 5D 2C 57 28  |D,M;D={n(e[A],W(|
00011D00  65 2C 41 2B 66 46 2C 42 5B 4B 4D 5D 29 29 7D 3B  |e,A+fF,B[KM]))};|
00011D10  4D 3D 53 42 3B 66 6F 72 20 42 3D 41 2C 47 20 64  |M=SB;for B=A,G d|
00011D20  6F 20 4D 3D 4D 2B 66 46 3B 65 5B 42 5D 3D 44 5B  |o M=M+fF;e[B]=D[|
00011D30  4D 5D 3B 65 6E 64 3B 65 6E 64 3B 65 6C 73 65 69  |M];end;end;elsei|
00011D40  66 20 41 3D 3D 28 28 30 62 31 30 5F 30 5F 31 5F  |f A==((0b10_0_1_|
00011D50  31 31 5F 30 31 29 2D 30 42 31 30 30 2D 30 78 66  |11_01)-0B100-0xf|
00011D60  29 74 68 65 6E 20 6C 6F 63 61 6C 20 41 3D 42 5B  |)then local A=B[|
00011D70  41 4B 5D 3B 65 5B 41 5D 3D 65 5B 42 5B 4B 4D 5D  |AK];e[A]=e[B[KM]|
00011D80  5D 3B 65 6C 73 65 20 65 5B 42 5B 41 4B 5D 5D 3D  |];else e[B[AK]]=|
00011D90  42 5B 4B 4D 5D 3B 4D 3D 47 5B 4D 5D 3B 42 3D 6C  |B[KM];M=G[M];B=l|
00011DA0  5B 4D 5D 3B 69 66 20 6E 6F 74 20 42 5B 30 62 31  |[M];if not B[0b1|
00011DB0  31 31 5F 30 31 31 5D 74 68 65 6E 20 78 5B 30 78  |11_011]then x[0x|
00011DC0  32 33 33 5D 28 78 2C 42 29 3B 65 6E 64 3B 65 5B  |233](x,B);end;e[|
00011DD0  42 5B 41 4B 5D 5D 3D 65 5B 42 5B 4B 4D 5D 5D 3B  |B[AK]]=e[B[KM]];|
00011DE0  65 6E 64 3B 65 6E 64 3B 65 6E 64 3B 65 6E 64 3B  |end;end;end;end;|
00011DF0  65 6C 73 65 20 69 66 20 41 3E 30 42 31 5F 31 30  |else if A>0B1_10|
00011E00  31 30 5F 30 31 20 74 68 65 6E 20 69 66 20 41 3C  |10_01 then if A<|
00011E10  3D 50 65 20 74 68 65 6E 20 69 66 20 41 3E 30 42  |=Pe then if A>0B|
00011E20  31 5F 31 30 5F 31 30 31 30 20 74 68 65 6E 20 69  |1_10_1010 then i|
00011E30  66 20 41 3D 3D 28 28 30 62 31 5F 30 5F 30 5F 30  |f A==((0b1_0_0_0|
00011E40  5F 31 5F 31 30 31 29 2D 32 35 2D 39 29 74 68 65  |_1_101)-25-9)the|
00011E50  6E 20 6C 6F 63 61 6C 20 42 3D 42 5B 41 4B 5D 3B  |n local B=B[AK];|
00011E60  64 6F 20 72 65 74 75 72 6E 20 57 28 65 2C 42 2C  |do return W(e,B,|
00011E70  44 29 65 6E 64 3B 65 6C 73 65 20 43 5B 42 5B 4B  |D)end;else C[B[K|
00011E80  4D 5D 5D 3D 65 5B 42 5B 41 4B 5D 5D 3B 65 6E 64  |M]]=e[B[AK]];end|
00011E90  3B 65 6C 73 65 20 6C 6F 63 61 6C 20 41 2C 47 2C  |;else local A,G,|
00011EA0  4D 3B 41 3D 42 5B 41 4B 5D 3B 47 3D 42 5B 28 28  |M;A=B[AK];G=B[((|
00011EB0  37 29 2D 28 30 42 31 31 29 29 5D 3B 4D 3D 47 2D  |7)-(0B11))];M=G-|
00011EC0  41 2B 66 46 3B 69 66 20 4D 3D 3D 41 4B 20 74 68  |A+fF;if M==AK th|
00011ED0  65 6E 20 65 5B 41 5D 2C 65 5B 41 2B 66 46 5D 3D  |en e[A],e[A+fF]=|
00011EE0  6E 28 65 5B 41 5D 2C 57 28 65 2C 41 2B 66 46 2C  |n(e[A],W(e,A+fF,|
00011EF0  44 29 29 65 6C 73 65 69 66 20 4D 3D 3D 4B 4D 20  |D))elseif M==KM |
00011F00  74 68 65 6E 20 65 5B 41 5D 2C 65 5B 41 2B 66 46  |then e[A],e[A+fF|
00011F10  5D 2C 65 5B 41 2B 41 4B 5D 3D 6E 28 65 5B 41 5D  |],e[A+AK]=n(e[A]|
00011F20  2C 57 28 65 2C 41 2B 66 46 2C 44 29 29 65 6C 73  |,W(e,A+fF,D))els|
00011F30  65 69 66 20 4D 3D 3D 30 58 34 20 74 68 65 6E 20  |eif M==0X4 then |
00011F40  65 5B 41 5D 2C 65 5B 41 2B 66 46 5D 2C 65 5B 41  |e[A],e[A+fF],e[A|
00011F50  2B 41 4B 5D 2C 65 5B 41 2B 4B 4D 5D 3D 6E 28 65  |+AK],e[A+KM]=n(e|
00011F60  5B 41 5D 2C 57 28 65 2C 41 2B 66 46 2C 44 29 29  |[A],W(e,A+fF,D))|
00011F70  65 6C 73 65 20 6C 6F 63 61 6C 20 4D 2C 42 3B 4D  |else local M,B;M|
00011F80  3D 7B 6E 28 65 5B 41 5D 2C 57 28 65 2C 41 2B 66  |={n(e[A],W(e,A+f|
00011F90  46 2C 44 29 29 7D 3B 42 3D 53 42 3B 66 6F 72 20  |F,D))};B=SB;for |
00011FA0  41 3D 41 2C 47 20 64 6F 20 42 3D 42 2B 66 46 3B  |A=A,G do B=B+fF;|
00011FB0  65 5B 41 5D 3D 4D 5B 42 5D 3B 65 6E 64 3B 65 6E  |e[A]=M[B];end;en|
00011FC0  64 3B 65 6E 64 3B 65 6C 73 65 20 69 66 20 41 3C  |d;end;else if A<|
00011FD0  3D 56 4D 20 74 68 65 6E 20 69 66 20 41 3E 30 62  |=VM then if A>0b|
00011FE0  31 31 30 31 31 30 31 20 74 68 65 6E 20 69 66 20  |1101101 then if |
00011FF0  41 3C 3D 30 58 36 66 20 74 68 65 6E 20 69 66 20  |A<=0X6f then if |
00012000  41 3E 30 58 36 65 20 74 68 65 6E 20 65 5B 42 5B  |A>0X6e then e[B[|
00012010  41 4B 5D 5D 3D 28 65 5B 42 5B 4B 4D 5D 5D 2F 2F  |AK]]=(e[B[KM]]//|
00012020  65 5B 42 5B 30 58 34 5D 5D 29 3B 65 6C 73 65 20  |e[B[0X4]]);else |
00012030  69 66 20 65 5B 42 5B 41 4B 5D 5D 74 68 65 6E 20  |if e[B[AK]]then |
00012040  4D 3D 47 5B 4D 5D 3B 65 6C 73 65 20 4D 3D 42 5B  |M=G[M];else M=B[|
00012050  4B 4D 5D 3B 65 6E 64 3B 65 6E 64 3B 65 6C 73 65  |KM];end;end;else|
00012060  20 69 66 20 41 3C 3D 30 62 31 31 31 5F 30 5F 30  | if A<=0b111_0_0|
00012070  31 5F 31 20 74 68 65 6E 20 69 66 20 41 3C 3D 28  |1_1 then if A<=(|
00012080  28 30 78 36 30 29 2B 28 30 58 31 5F 32 29 29 74  |(0x60)+(0X1_2))t|
00012090  68 65 6E 20 69 66 20 41 3E 30 58 37 30 20 74 68  |hen if A>0X70 th|
000120A0  65 6E 20 69 66 20 41 3E 30 62 31 31 31 30 5F 30  |en if A>0b1110_0|
000120B0  5F 30 31 20 74 68 65 6E 20 65 5B 42 5B 41 4B 5D  |_01 then e[B[AK]|
000120C0  5D 3D 65 5B 42 5B 4B 4D 5D 5D 2A 65 5B 42 5B 28  |]=e[B[KM]]*e[B[(|
000120D0  28 30 62 31 30 30 5F 31 30 31 30 29 2D 30 42 31  |(0b100_1010)-0B1|
000120E0  30 5F 31 30 5F 30 2D 35 30 29 5D 5D 3B 65 6C 73  |0_10_0-50)]];els|
000120F0  65 20 65 5B 42 5B 41 4B 5D 5D 3D 65 5B 42 5B 4B  |e e[B[AK]]=e[B[K|
00012100  4D 5D 5D 2D 42 5B 28 28 30 58 31 34 29 2D 28 30  |M]]-B[((0X14)-(0|
00012110  58 31 30 29 29 5D 3B 65 6E 64 3B 65 6C 73 65 20  |X10))];end;else |
00012120  65 5B 42 5B 41 4B 5D 5D 3D 65 5B 42 5B 4B 4D 5D  |e[B[AK]]=e[B[KM]|
00012130  5D 2B 42 5B 30 42 31 30 30 5D 3B 65 6E 64 3B 65  |]+B[0B100];end;e|
00012140  6C 73 65 20 65 5B 42 5B 41 4B 5D 5D 3D 65 5B 42  |lse e[B[AK]]=e[B|
00012150  5B 4B 4D 5D 5D 2B 65 5B 42 5B 30 62 31 30 30 5D  |[KM]]+e[B[0b100]|
00012160  5D 3B 65 6E 64 3B 65 6C 73 65 20 65 5B 42 5B 41  |];end;else e[B[A|
00012170  4B 5D 5D 3D 28 42 5B 4B 4D 5D 7E 3D 53 42 29 3B  |K]]=(B[KM]~=SB);|
00012180  65 6E 64 3B 65 6E 64 3B 65 6C 73 65 20 6C 6F 63  |end;end;else loc|
00012190  61 6C 20 41 3D 42 5B 41 4B 5D 65 5B 41 5D 3D 6E  |al A=B[AK]e[A]=n|
000121A0  28 65 5B 41 5D 2C 57 28 65 2C 41 2B 66 46 2C 42  |(e[A],W(e,A+fF,B|
000121B0  5B 4B 4D 5D 29 29 65 6E 64 3B 65 6C 73 65 20 69  |[KM]))end;else i|
000121C0  66 20 41 3E 28 28 32 31 36 29 2D 30 78 31 65 2D  |f A>((216)-0x1e-|
000121D0  30 58 33 45 29 74 68 65 6E 20 69 66 20 41 3C 3D  |0X3E)then if A<=|
000121E0  30 42 31 31 31 31 31 31 5F 30 20 74 68 65 6E 20  |0B111111_0 then |
000121F0  69 66 20 41 3E 30 78 37 44 20 74 68 65 6E 20 6E  |if A>0x7D then n|
00012200  28 65 5B 42 5B 41 4B 5D 5D 29 3B 65 6C 73 65 20  |(e[B[AK]]);else |
00012210  65 5B 42 5B 41 4B 5D 5D 3D 65 5B 42 5B 4B 4D 5D  |e[B[AK]]=e[B[KM]|
00012220  5D 25 42 5B 28 28 30 78 32 62 29 2D 28 30 62 31  |]%B[((0x2b)-(0b1|
00012230  30 30 31 31 31 29 29 5D 3B 65 6E 64 3B 65 6C 73  |00111))];end;els|
00012240  65 20 69 66 20 41 3E 28 28 30 78 37 5F 34 29 2B  |e if A>((0x7_4)+|
00012250  28 30 42 31 30 5F 31 31 29 29 74 68 65 6E 20 6C  |(0B10_11))then l|
00012260  6F 63 61 6C 20 41 3D 42 5B 41 4B 5D 65 5B 41 5D  |ocal A=B[AK]e[A]|
00012270  3D 6E 28 65 5B 41 5D 2C 57 28 65 2C 41 2B 66 46  |=n(e[A],W(e,A+fF|
00012280  2C 42 5B 4B 4D 5D 29 29 65 6C 73 65 20 69 66 28  |,B[KM]))else if(|
00012290  65 5B 42 5B 41 4B 5D 5D 7E 3D 42 5B 30 42 31 30  |e[B[AK]]~=B[0B10|
000122A0  5F 30 5D 29 74 68 65 6E 20 4D 3D 47 5B 4D 5D 3B  |_0])then M=G[M];|
000122B0  65 6C 73 65 20 4D 3D 42 5B 4B 4D 5D 3B 65 6E 64  |else M=B[KM];end|
000122C0  3B 65 6E 64 3B 65 6E 64 3B 65 6C 73 65 20 69 66  |;end;end;else if|
000122D0  20 41 3E 28 28 30 62 31 31 31 31 31 5F 31 31 29  | A>((0b11111_11)|
000122E0  2D 28 35 29 29 74 68 65 6E 20 69 66 20 41 3D 3D  |-(5))then if A==|
000122F0  28 28 30 78 35 5F 36 29 2B 28 30 62 31 30 30 31  |((0x5_6)+(0b1001|
00012300  5F 30 31 29 29 74 68 65 6E 20 64 6F 20 72 65 74  |_01))then do ret|
00012310  75 72 6E 20 65 6E 64 3B 65 6C 73 65 20 66 6F 72  |urn end;else for|
00012320  20 42 3D 42 5B 41 4B 5D 2C 42 5B 4B 4D 5D 64 6F  | B=B[AK],B[KM]do|
00012330  20 65 5B 42 5D 3D 6E 69 6C 3B 65 6E 64 3B 4D 3D  | e[B]=nil;end;M=|
00012340  47 5B 4D 5D 3B 42 3D 6C 5B 4D 5D 3B 69 66 20 6E  |G[M];B=l[M];if n|
00012350  6F 74 20 42 5B 30 78 33 62 5D 74 68 65 6E 20 78  |ot B[0x3b]then x|
00012360  5B 30 62 31 5F 30 5F 30 30 31 5F 31 30 30 5F 31  |[0b1_0_001_100_1|
00012370  5F 31 5D 28 78 2C 42 29 3B 65 6E 64 3B 66 6F 72  |_1](x,B);end;for|
00012380  20 42 3D 42 5B 41 4B 5D 2C 42 5B 4B 4D 5D 64 6F  | B=B[AK],B[KM]do|
00012390  20 65 5B 42 5D 3D 6E 69 6C 3B 65 6E 64 3B 65 6E  | e[B]=nil;end;en|
000123A0  64 3B 65 6C 73 65 20 69 66 20 41 3C 3D 76 53 20  |d;else if A<=vS |
000123B0  74 68 65 6E 20 69 66 20 41 3D 3D 76 53 20 74 68  |then if A==vS th|
000123C0  65 6E 20 6E 28 65 5B 42 5B 41 4B 5D 5D 29 3B 65  |en n(e[B[AK]]);e|
000123D0  6C 73 65 69 66 20 41 3D 3D 31 31 38 20 74 68 65  |lseif A==118 the|
000123E0  6E 20 65 5B 42 5B 41 4B 5D 5D 3D 65 5B 42 5B 4B  |n e[B[AK]]=e[B[K|
000123F0  4D 5D 5D 5B 65 5B 42 5B 30 62 31 30 30 5D 5D 5D  |M]][e[B[0b100]]]|
00012400  3B 65 6C 73 65 69 66 20 41 3D 3D 31 31 37 20 74  |;elseif A==117 t|
00012410  68 65 6E 20 6C 6F 63 61 6C 20 41 3D 42 5B 41 4B  |hen local A=B[AK|
00012420  5D 6E 28 65 5B 41 5D 2C 57 28 65 2C 41 2B 66 46  |]n(e[A],W(e,A+fF|
00012430  2C 42 5B 4B 4D 5D 29 29 65 6C 73 65 20 69 66 28  |,B[KM]))else if(|
00012440  65 5B 42 5B 41 4B 5D 5D 3D 3D 42 5B 34 5D 29 74  |e[B[AK]]==B[4])t|
00012450  68 65 6E 20 4D 3D 47 5B 4D 5D 3B 65 6C 73 65 20  |hen M=G[M];else |
00012460  4D 3D 42 5B 4B 4D 5D 3B 65 6E 64 3B 65 6E 64 3B  |M=B[KM];end;end;|
00012470  65 6C 73 65 20 69 66 20 41 3D 3D 28 28 30 42 31  |else if A==((0B1|
00012480  31 31 30 30 30 5F 31 29 2B 28 30 58 38 29 29 74  |11000_1)+(0X8))t|
00012490  68 65 6E 20 6C 6F 63 61 6C 20 42 3D 42 5B 41 4B  |hen local B=B[AK|
000124A0  5D 6E 28 65 5B 42 5D 2C 65 5B 42 2B 66 46 5D 29  |]n(e[B],e[B+fF])|
000124B0  65 6C 73 65 20 6C 6F 63 61 6C 20 4D 2C 6E 2C 41  |else local M,n,A|
000124C0  2C 47 3B 4D 3D 42 5B 4B 4D 5D 3B 6E 3D 4D 25 54  |,G;M=B[KM];n=M%T|
000124D0  75 3B 41 3D 6D 61 74 68 2E 66 6C 6F 6F 72 28 4D  |u;A=math.floor(M|
000124E0  2F 54 75 29 25 54 75 3B 47 3D 6D 61 74 68 2E 66  |/Tu)%Tu;G=math.f|
000124F0  6C 6F 6F 72 28 4D 2F 65 79 29 3B 69 66 20 41 3D  |loor(M/ey);if A=|
00012500  3D 53 42 20 74 68 65 6E 20 41 3D 44 2D 6E 2B 66  |=SB then A=D-n+f|
00012510  46 20 65 6C 73 65 20 41 3D 41 2D 66 46 20 65 6E  |F else A=A-fF en|
00012520  64 3B 6C 6F 63 61 6C 20 4D 3D 65 5B 42 5B 41 4B  |d;local M=e[B[AK|
00012530  5D 5D 3B 66 6F 72 20 42 3D 53 42 2C 41 2D 66 46  |]];for B=SB,A-fF|
00012540  20 64 6F 20 4D 5B 47 2B 42 5D 3D 65 5B 6E 2B 42  | do M[G+B]=e[n+B|
00012550  5D 65 6E 64 3B 65 6E 64 3B 65 6E 64 3B 65 6E 64  |]end;end;end;end|
00012560  3B 65 6E 64 3B 65 6E 64 3B 65 6E 64 3B 65 6C 73  |;end;end;end;els|
00012570  65 20 69 66 20 41 3C 3D 30 58 36 5F 38 20 74 68  |e if A<=0X6_8 th|
00012580  65 6E 20 69 66 20 41 3E 28 28 30 62 31 5F 30 5F  |en if A>((0b1_0_|
00012590  30 31 5F 31 31 5F 31 5F 31 29 2D 30 78 39 2D 30  |01_11_1_1)-0x9-0|
000125A0  78 33 64 29 74 68 65 6E 20 69 66 20 41 3C 3D 28  |x3d)then if A<=(|
000125B0  28 30 42 31 31 31 5F 30 31 30 31 29 2D 28 30 42  |(0B111_0101)-(0B|
000125C0  31 31 30 5F 31 30 29 29 74 68 65 6E 20 69 66 20  |110_10))then if |
000125D0  41 3E 30 58 35 61 20 74 68 65 6E 20 4C 5B 42 5B  |A>0X5a then L[B[|
000125E0  4B 4D 5D 5D 3D 65 5B 42 5B 41 4B 5D 5D 3B 65 6C  |KM]]=e[B[AK]];el|
000125F0  73 65 20 65 5B 42 5B 41 4B 5D 5D 3D 28 42 5B 4B  |se e[B[AK]]=(B[K|
00012600  4D 5D 7E 3D 53 42 29 3B 65 6E 64 3B 65 6C 73 65  |M]~=SB);end;else|
00012610  20 69 66 20 41 3E 39 33 20 74 68 65 6E 20 69 66  | if A>93 then if|
00012620  20 41 3C 3D 28 28 30 62 31 5F 30 5F 30 5F 31 31  | A<=((0b1_0_0_11|
00012630  31 5F 30 30 29 2D 28 30 58 33 36 29 29 74 68 65  |1_00)-(0X36))the|
00012640  6E 20 69 66 20 41 3C 3D 30 78 36 31 20 74 68 65  |n if A<=0x61 the|
00012650  6E 20 69 66 20 41 3C 3D 28 28 30 42 31 31 30 30  |n if A<=((0B1100|
00012660  31 30 29 2B 28 30 42 31 30 31 31 31 5F 30 29 29  |10)+(0B10111_0))|
00012670  74 68 65 6E 20 69 66 20 41 3E 54 5A 20 74 68 65  |then if A>TZ the|
00012680  6E 20 6C 6F 63 61 6C 20 41 2C 4D 2C 47 3B 41 3D  |n local A,M,G;A=|
00012690  42 5B 41 4B 5D 3B 4D 2C 47 3D 48 28 6E 28 65 5B  |B[AK];M,G=H(n(e[|
000126A0  41 5D 29 29 3B 44 3D 47 2B 41 2D 66 46 20 6C 6F  |A]));D=G+A-fF lo|
000126B0  63 61 6C 20 42 3D 53 42 3B 66 6F 72 20 41 3D 41  |cal B=SB;for A=A|
000126C0  2C 44 20 64 6F 20 42 3D 42 2B 66 46 3B 65 5B 41  |,D do B=B+fF;e[A|
000126D0  5D 3D 4D 5B 42 5D 3B 65 6E 64 3B 65 6C 73 65 20  |]=M[B];end;else |
000126E0  69 66 20 41 3E 28 28 31 35 38 29 2D 28 30 42 31  |if A>((158)-(0B1|
000126F0  30 30 5F 30 30 30 5F 30 29 29 74 68 65 6E 20 64  |00_000_0))then d|
00012700  6F 20 72 65 74 75 72 6E 20 65 6E 64 3B 65 6C 73  |o return end;els|
00012710  65 20 4D 3D 42 5B 4B 4D 5D 3B 65 6E 64 3B 65 6E  |e M=B[KM];end;en|
00012720  64 3B 65 6C 73 65 20 69 66 28 65 5B 42 5B 41 4B  |d;else if(e[B[AK|
00012730  5D 5D 3C 65 5B 42 5B 30 42 31 5F 30 5F 30 5D 5D  |]]<e[B[0B1_0_0]]|
00012740  29 74 68 65 6E 20 4D 3D 42 5B 4B 4D 5D 3B 65 6C  |)then M=B[KM];el|
00012750  73 65 20 4D 3D 47 5B 4D 5D 3B 65 6E 64 3B 65 6E  |se M=G[M];end;en|
00012760  64 3B 65 6C 73 65 20 69 66 20 41 3C 3D 30 42 31  |d;else if A<=0B1|
00012770  31 30 30 5F 31 30 5F 30 20 74 68 65 6E 20 69 66  |100_10_0 then if|
00012780  20 41 3D 3D 30 78 36 32 20 74 68 65 6E 20 65 5B  | A==0x62 then e[|
00012790  42 5B 41 4B 5D 5D 3D 42 5B 4B 4D 5D 3B 65 6C 73  |B[AK]]=B[KM];els|
000127A0  65 69 66 20 41 3D 3D 6B 5A 20 74 68 65 6E 20 66  |eif A==kZ then f|
000127B0  6F 72 20 42 3D 42 5B 41 4B 5D 2C 42 5B 4B 4D 5D  |or B=B[AK],B[KM]|
000127C0  64 6F 20 65 5B 42 5D 3D 6E 69 6C 3B 65 6E 64 3B  |do e[B]=nil;end;|
000127D0  4D 3D 47 5B 4D 5D 3B 42 3D 6C 5B 4D 5D 3B 69 66  |M=G[M];B=l[M];if|
000127E0  20 6E 6F 74 20 42 5B 35 39 5D 74 68 65 6E 20 78  | not B[59]then x|
000127F0  5B 30 78 32 5F 33 33 5D 28 78 2C 42 29 3B 65 6E  |[0x2_33](x,B);en|
00012800  64 3B 65 5B 42 5B 41 4B 5D 5D 3D 28 42 5B 4B 4D  |d;e[B[AK]]=(B[KM|
00012810  5D 7E 3D 53 42 29 3B 65 6C 73 65 20 6C 6F 63 61  |]~=SB);else loca|
00012820  6C 20 41 2C 47 2C 4D 3B 41 3D 42 5B 41 4B 5D 3B  |l A,G,M;A=B[AK];|
00012830  47 3D 42 5B 28 28 30 62 31 30 29 2B 28 30 62 31  |G=B[((0b10)+(0b1|
00012840  5F 30 29 29 5D 3B 4D 3D 47 2D 41 2B 66 46 3B 69  |_0))];M=G-A+fF;i|
00012850  66 20 4D 3D 3D 41 4B 20 74 68 65 6E 20 65 5B 41  |f M==AK then e[A|
00012860  5D 2C 65 5B 41 2B 66 46 5D 3D 6E 28 65 5B 41 5D  |],e[A+fF]=n(e[A]|
00012870  2C 65 5B 41 2B 66 46 5D 29 65 6C 73 65 69 66 20  |,e[A+fF])elseif |
00012880  4D 3D 3D 4B 4D 20 74 68 65 6E 20 65 5B 41 5D 2C  |M==KM then e[A],|
00012890  65 5B 41 2B 66 46 5D 2C 65 5B 41 2B 41 4B 5D 3D  |e[A+fF],e[A+AK]=|
000128A0  6E 28 65 5B 41 5D 2C 65 5B 41 2B 66 46 5D 29 65  |n(e[A],e[A+fF])e|
000128B0  6C 73 65 69 66 20 4D 3D 3D 30 78 34 20 74 68 65  |lseif M==0x4 the|
000128C0  6E 20 65 5B 41 5D 2C 65 5B 41 2B 66 46 5D 2C 65  |n e[A],e[A+fF],e|
000128D0  5B 41 2B 41 4B 5D 2C 65 5B 41 2B 4B 4D 5D 3D 6E  |[A+AK],e[A+KM]=n|
000128E0  28 65 5B 41 5D 2C 65 5B 41 2B 66 46 5D 29 65 6C  |(e[A],e[A+fF])el|
000128F0  73 65 20 6C 6F 63 61 6C 20 4D 2C 42 3B 4D 3D 7B  |se local M,B;M={|
00012900  6E 28 65 5B 41 5D 2C 65 5B 41 2B 66 46 5D 29 7D  |n(e[A],e[A+fF])}|
00012910  3B 42 3D 53 42 3B 66 6F 72 20 41 3D 41 2C 47 20  |;B=SB;for A=A,G |
00012920  64 6F 20 42 3D 42 2B 66 46 3B 65 5B 41 5D 3D 4D  |do B=B+fF;e[A]=M|
00012930  5B 42 5D 3B 65 6E 64 3B 65 6E 64 3B 65 6E 64 3B  |[B];end;end;end;|
00012940  65 6C 73 65 20 69 66 20 41 3D 3D 6B 70 20 74 68  |else if A==kp th|
00012950  65 6E 20 69 66 28 65 5B 42 5B 41 4B 5D 5D 3D 3D  |en if(e[B[AK]]==|
00012960  65 5B 42 5B 28 28 30 62 31 5F 31 31 31 5F 30 29  |e[B[((0b1_111_0)|
00012970  2D 28 32 36 29 29 5D 5D 29 74 68 65 6E 20 4D 3D  |-(26))]])then M=|
00012980  47 5B 4D 5D 3B 65 6C 73 65 20 4D 3D 42 5B 4B 4D  |G[M];else M=B[KM|
00012990  5D 3B 65 6E 64 3B 65 6C 73 65 20 6C 6F 63 61 6C  |];end;else local|
000129A0  20 41 3D 42 5B 41 4B 5D 65 5B 41 5D 3D 6E 28 65  | A=B[AK]e[A]=n(e|
000129B0  5B 41 5D 2C 57 28 65 2C 41 2B 66 46 2C 42 5B 4B  |[A],W(e,A+fF,B[K|
000129C0  4D 5D 29 29 65 6E 64 3B 65 6E 64 3B 65 6E 64 3B  |M]))end;end;end;|
000129D0  65 6C 73 65 20 69 66 20 41 3E 30 78 36 5F 37 20  |else if A>0x6_7 |
000129E0  74 68 65 6E 20 6C 6F 63 61 6C 20 41 2C 47 2C 4D  |then local A,G,M|
000129F0  3B 41 3D 42 5B 41 4B 5D 3B 47 2C 4D 3D 48 28 6E  |;A=B[AK];G,M=H(n|
00012A00  28 65 5B 41 5D 29 29 3B 44 3D 4D 2B 41 2D 66 46  |(e[A]));D=M+A-fF|
00012A10  20 6C 6F 63 61 6C 20 42 3D 53 42 3B 66 6F 72 20  | local B=SB;for |
00012A20  41 3D 41 2C 44 20 64 6F 20 42 3D 42 2B 66 46 3B  |A=A,D do B=B+fF;|
00012A30  65 5B 41 5D 3D 47 5B 42 5D 3B 65 6E 64 3B 65 6C  |e[A]=G[B];end;el|
00012A40  73 65 20 6C 6F 63 61 6C 20 42 3D 42 5B 41 4B 5D  |se local B=B[AK]|
00012A50  65 5B 42 5D 3D 6E 28 65 5B 42 5D 29 65 6E 64 3B  |e[B]=n(e[B])end;|
00012A60  65 6E 64 3B 65 6C 73 65 20 69 66 20 41 3E 28 28  |end;else if A>((|
00012A70  37 39 29 2B 28 30 58 44 29 29 74 68 65 6E 20 65  |79)+(0XD))then e|
00012A80  5B 42 5B 41 4B 5D 5D 3D 28 42 5B 4B 4D 5D 7E 3D  |[B[AK]]=(B[KM]~=|
00012A90  53 42 29 3B 4D 3D 47 5B 4D 5D 3B 42 3D 6C 5B 4D  |SB);M=G[M];B=l[M|
00012AA0  5D 3B 69 66 20 6E 6F 74 20 42 5B 30 58 33 5F 42  |];if not B[0X3_B|
00012AB0  5D 74 68 65 6E 20 78 5B 30 62 31 5F 30 30 5F 30  |]then x[0b1_00_0|
00012AC0  31 31 30 30 5F 31 31 5D 28 78 2C 42 29 3B 65 6E  |1100_11](x,B);en|
00012AD0  64 3B 65 5B 42 5B 41 4B 5D 5D 3D 42 5B 4B 4D 5D  |d;e[B[AK]]=B[KM]|
00012AE0  3B 4D 3D 47 5B 4D 5D 3B 42 3D 6C 5B 4D 5D 3B 69  |;M=G[M];B=l[M];i|
00012AF0  66 20 6E 6F 74 20 42 5B 30 58 33 62 5D 74 68 65  |f not B[0X3b]the|
00012B00  6E 20 78 5B 30 42 31 30 30 30 5F 31 31 30 30 31  |n x[0B1000_11001|
00012B10  31 5D 28 78 2C 42 29 3B 65 6E 64 3B 65 5B 42 5B  |1](x,B);end;e[B[|
00012B20  41 4B 5D 5D 3D 28 42 5B 4B 4D 5D 7E 3D 53 42 29  |AK]]=(B[KM]~=SB)|
00012B30  3B 4D 3D 47 5B 4D 5D 3B 42 3D 6C 5B 4D 5D 3B 69  |;M=G[M];B=l[M];i|
00012B40  66 20 6E 6F 74 20 42 5B 30 78 33 62 5D 74 68 65  |f not B[0x3b]the|
00012B50  6E 20 78 5B 30 42 31 30 5F 30 30 5F 31 31 30 30  |n x[0B10_00_1100|
00012B60  31 5F 31 5D 28 78 2C 42 29 3B 65 6E 64 3B 65 5B  |1_1](x,B);end;e[|
00012B70  42 5B 41 4B 5D 5D 3D 28 42 5B 4B 4D 5D 7E 3D 53  |B[AK]]=(B[KM]~=S|
00012B80  42 29 3B 65 6C 73 65 20 69 66 28 65 5B 42 5B 41  |B);else if(e[B[A|
00012B90  4B 5D 5D 3C 65 5B 42 5B 30 42 31 30 5F 30 5D 5D  |K]]<e[B[0B10_0]]|
00012BA0  29 74 68 65 6E 20 4D 3D 42 5B 4B 4D 5D 3B 65 6C  |)then M=B[KM];el|
00012BB0  73 65 20 4D 3D 47 5B 4D 5D 3B 65 6E 64 3B 65 6E  |se M=G[M];end;en|
00012BC0  64 3B 65 6E 64 3B 65 6E 64 3B 65 6C 73 65 20 69  |d;end;end;else i|
00012BD0  66 20 41 3C 3D 30 78 35 5F 38 20 74 68 65 6E 20  |f A<=0x5_8 then |
00012BE0  69 66 20 41 3C 3D 28 28 30 58 39 5F 30 29 2D 30  |if A<=((0X9_0)-0|
00012BF0  78 33 32 2D 30 58 38 29 74 68 65 6E 20 65 5B 42  |x32-0X8)then e[B|
00012C00  5B 41 4B 5D 5D 3D 65 5B 42 5B 4B 4D 5D 5D 25 42  |[AK]]=e[B[KM]]%B|
00012C10  5B 34 5D 3B 65 6C 73 65 20 69 66 20 41 3D 3D 30  |[4];else if A==0|
00012C20  78 35 37 20 74 68 65 6E 20 6C 6F 63 61 6C 20 4D  |x57 then local M|
00012C30  3D 42 5B 4B 4D 5D 3B 6C 6F 63 61 6C 20 41 3D 65  |=B[KM];local A=e|
00012C40  5B 4D 5D 66 6F 72 20 42 3D 4D 2B 66 46 2C 42 5B  |[M]for B=M+fF,B[|
00012C50  28 28 36 34 29 2D 28 30 62 31 31 5F 31 31 5F 30  |((64)-(0b11_11_0|
00012C60  30 29 29 5D 64 6F 20 41 3D 41 2E 2E 65 5B 42 5D  |0))]do A=A..e[B]|
00012C70  3B 65 6E 64 3B 65 5B 42 5B 41 4B 5D 5D 3D 41 3B  |;end;e[B[AK]]=A;|
00012C80  65 6C 73 65 20 50 28 65 2C 42 5B 41 4B 5D 29 3B  |else P(e,B[AK]);|
00012C90  4D 3D 42 5B 4B 4D 5D 3B 65 6E 64 3B 65 6E 64 3B  |M=B[KM];end;end;|
00012CA0  65 6C 73 65 20 65 5B 42 5B 41 4B 5D 5D 3D 23 65  |else e[B[AK]]=#e|
00012CB0  5B 42 5B 4B 4D 5D 5D 3B 65 6E 64 3B 65 6E 64 3B  |[B[KM]];end;end;|
00012CC0  65 6C 73 65 20 6C 6F 63 61 6C 20 44 2C 6E 2C 41  |else local D,n,A|
00012CD0  3B 44 3D 58 5B 42 5B 4B 4D 5D 5D 3B 41 3D 7B 7D  |;D=X[B[KM]];A={}|
00012CE0  3B 6E 3D 52 28 7B 7D 2C 7B 5F 5F 69 6E 64 65 78  |;n=R({},{__index|
00012CF0  3D 66 75 6E 63 74 69 6F 6E 28 42 2C 65 29 6C 6F  |=function(B,e)lo|
00012D00  63 61 6C 20 65 3D 41 5B 65 5D 3B 72 65 74 75 72  |cal e=A[e];retur|
00012D10  6E 20 65 5B 66 46 5D 5B 65 5B 41 4B 5D 5D 3B 65  |n e[fF][e[AK]];e|
00012D20  6E 64 2C 5F 5F 6E 65 77 69 6E 64 65 78 3D 66 75  |nd,__newindex=fu|
00012D30  6E 63 74 69 6F 6E 28 4D 2C 65 2C 42 29 6C 6F 63  |nction(M,e,B)loc|
00012D40  61 6C 20 65 3D 41 5B 65 5D 65 5B 66 46 5D 5B 65  |al e=A[e]e[fF][e|
00012D50  5B 41 4B 5D 5D 3D 42 3B 65 6E 64 3B 7D 29 3B 65  |[AK]]=B;end;});e|
00012D60  5B 42 5B 41 4B 5D 5D 3D 54 28 49 28 44 2C 6E 2C  |[B[AK]]=T(I(D,n,|
00012D70  43 29 29 3B 66 6F 72 20 6E 3D 66 46 2C 42 5B 28  |C));for n=fF,B[(|
00012D80  28 30 62 31 5F 31 30 30 31 31 31 29 2D 30 78 33  |(0b1_100111)-0x3|
00012D90  61 2D 30 42 31 30 5F 31 5F 30 30 5F 31 29 5D 64  |a-0B10_1_00_1)]d|
00012DA0  6F 20 4D 3D 47 5B 4D 5D 3B 6C 6F 63 61 6C 20 42  |o M=G[M];local B|
00012DB0  3D 6C 5B 4D 5D 3B 69 66 20 6E 6F 74 20 42 5B 30  |=l[M];if not B[0|
00012DC0  62 31 5F 31 31 5F 30 31 5F 31 5D 74 68 65 6E 28  |b1_11_01_1]then(|
00012DD0  78 29 5B 35 36 33 5D 28 78 2C 42 29 3B 65 6E 64  |x)[563](x,B);end|
00012DE0  3B 69 66 20 78 5B 30 62 31 31 5F 31 31 5F 31 5F  |;if x[0b11_11_1_|
00012DF0  30 30 30 31 5F 30 5F 31 5D 28 78 2C 42 29 3D 3D  |0001_0_1](x,B)==|
00012E00  28 28 30 78 33 42 29 2D 28 32 38 29 29 74 68 65  |((0x3B)-(28))the|
00012E10  6E 20 41 5B 6E 2D 66 46 5D 3D 7B 65 2C 42 5B 4B  |n A[n-fF]={e,B[K|
00012E20  4D 5D 7D 3B 65 6C 73 65 69 66 20 78 5B 30 78 37  |M]};elseif x[0x7|
00012E30  43 35 5D 28 78 2C 42 29 3D 3D 67 4E 20 74 68 65  |C5](x,B)==gN the|
00012E40  6E 20 6C 6F 63 61 6C 20 65 3D 7B 65 5B 42 5B 4B  |n local e={e[B[K|
00012E50  4D 5D 5D 7D 3B 41 5B 6E 2D 66 46 5D 3D 7B 65 2C  |M]]};A[n-fF]={e,|
00012E60  66 46 7D 3B 65 6C 73 65 20 41 5B 6E 2D 66 46 5D  |fF};else A[n-fF]|
00012E70  3D 7B 4C 2C 42 5B 4B 4D 5D 7D 3B 65 6E 64 3B 4B  |={L,B[KM]};end;K|
00012E80  3D 4B 20 6F 72 7B 7D 3B 4B 5B 23 4B 2B 66 46 5D  |=K or{};K[#K+fF]|
00012E90  3D 41 3B 65 6E 64 3B 65 6E 64 3B 65 6E 64 3B 65  |=A;end;end;end;e|
00012EA0  6E 64 3B 65 6C 73 65 20 69 66 20 41 3C 3D 28 28  |nd;else if A<=((|
00012EB0  30 58 38 45 29 2D 31 2D 35 38 29 74 68 65 6E 20  |0X8E)-1-58)then |
00012EC0  69 66 20 41 3C 3D 30 78 35 31 20 74 68 65 6E 20  |if A<=0x51 then |
00012ED0  69 66 20 41 3C 3D 28 28 30 78 36 31 29 2D 28 31  |if A<=((0x61)-(1|
00012EE0  37 29 29 74 68 65 6E 20 69 66 20 41 3E 30 42 31  |7))then if A>0B1|
00012EF0  30 5F 30 31 31 30 31 20 74 68 65 6E 20 69 66 20  |0_01101 then if |
00012F00  41 3D 3D 38 30 20 74 68 65 6E 20 65 5B 42 5B 41  |A==80 then e[B[A|
00012F10  4B 5D 5D 3D 4C 5B 42 5B 4B 4D 5D 5D 3B 65 6C 73  |K]]=L[B[KM]];els|
00012F20  65 69 66 20 41 3D 3D 37 38 20 74 68 65 6E 20 6C  |eif A==78 then l|
00012F30  6F 63 61 6C 20 41 2C 4D 2C 47 3B 41 3D 42 5B 41  |ocal A,M,G;A=B[A|
00012F40  4B 5D 3B 4D 2C 47 3D 48 28 6E 28 65 5B 41 5D 2C  |K];M,G=H(n(e[A],|
00012F50  65 5B 41 2B 66 46 5D 29 29 3B 44 3D 47 2B 41 2D  |e[A+fF]));D=G+A-|
00012F60  66 46 20 6C 6F 63 61 6C 20 42 3D 53 42 3B 66 6F  |fF local B=SB;fo|
00012F70  72 20 41 3D 41 2C 44 20 64 6F 20 42 3D 42 2B 66  |r A=A,D do B=B+f|
00012F80  46 3B 65 5B 41 5D 3D 4D 5B 42 5D 3B 65 6E 64 3B  |F;e[A]=M[B];end;|
00012F90  65 6C 73 65 20 69 66 20 65 5B 42 5B 41 4B 5D 5D  |else if e[B[AK]]|
00012FA0  74 68 65 6E 20 4D 3D 47 5B 4D 5D 3B 65 6C 73 65  |then M=G[M];else|
00012FB0  20 4D 3D 42 5B 4B 4D 5D 3B 65 6E 64 3B 65 6E 64  | M=B[KM];end;end|
00012FC0  3B 65 6C 73 65 20 6E 28 65 5B 42 5B 41 4B 5D 5D  |;else n(e[B[AK]]|
00012FD0  29 3B 65 6E 64 3B 65 6C 73 65 20 6C 6F 63 61 6C  |);end;else local|
00012FE0  20 42 3D 42 5B 41 4B 5D 3B 44 3D 42 2B 4E 2D 66  | B=B[AK];D=B+N-f|
00012FF0  46 3B 66 6F 72 20 41 3D 42 2C 44 20 64 6F 20 6C  |F;for A=B,D do l|
00013000  6F 63 61 6C 20 42 3D 55 20 61 6E 64 20 55 5B 41  |ocal B=U and U[A|
00013010  2D 42 5D 3B 65 5B 41 5D 3D 42 3B 65 6E 64 3B 65  |-B];e[A]=B;end;e|
00013020  6E 64 3B 65 6C 73 65 20 69 66 20 41 3E 30 42 31  |nd;else if A>0B1|
00013030  30 31 5F 30 30 31 30 20 74 68 65 6E 20 6C 6F 63  |01_0010 then loc|
00013040  61 6C 20 42 3D 42 5B 41 4B 5D 3B 44 3D 42 2B 4E  |al B=B[AK];D=B+N|
00013050  2D 66 46 3B 66 6F 72 20 41 3D 42 2C 44 20 64 6F  |-fF;for A=B,D do|
00013060  20 6C 6F 63 61 6C 20 42 3D 55 20 61 6E 64 20 55  | local B=U and U|
00013070  5B 41 2D 42 5D 3B 65 5B 41 5D 3D 42 3B 65 6E 64  |[A-B];e[A]=B;end|
00013080  3B 65 6C 73 65 20 69 66 20 65 5B 42 5B 41 4B 5D  |;else if e[B[AK]|
00013090  5D 74 68 65 6E 20 4D 3D 47 5B 4D 5D 3B 65 6C 73  |]then M=G[M];els|
000130A0  65 20 4D 3D 42 5B 4B 4D 5D 3B 65 6E 64 3B 65 6E  |e M=B[KM];end;en|
000130B0  64 3B 65 6E 64 3B 65 6C 73 65 20 69 66 20 41 3E  |d;end;else if A>|
000130C0  30 58 35 5F 34 20 74 68 65 6E 20 6C 6F 63 61 6C  |0X5_4 then local|
000130D0  20 42 3D 42 5B 41 4B 5D 65 5B 42 5D 3D 6E 28 65  | B=B[AK]e[B]=n(e|
000130E0  5B 42 5D 2C 57 28 65 2C 42 2B 66 46 2C 44 29 29  |[B],W(e,B+fF,D))|
000130F0  65 6C 73 65 20 69 66 28 65 5B 42 5B 41 4B 5D 5D  |else if(e[B[AK]]|
00013100  3C 3D 65 5B 42 5B 28 28 2D 30 62 31 5F 30 5F 30  |<=e[B[((-0b1_0_0|
00013110  31 31 29 2B 28 30 42 31 30 31 31 5F 31 29 29 5D  |11)+(0B1011_1))]|
00013120  5D 29 74 68 65 6E 20 4D 3D 42 5B 4B 4D 5D 3B 65  |])then M=B[KM];e|
00013130  6C 73 65 20 4D 3D 47 5B 4D 5D 3B 65 6E 64 3B 65  |lse M=G[M];end;e|
00013140  6E 64 3B 65 6E 64 3B 65 6E 64 3B 65 6E 64 3B 65  |nd;end;end;end;e|
00013150  6C 73 65 20 69 66 20 41 3C 3D 28 28 30 62 31 31  |lse if A<=((0b11|
00013160  5F 31 5F 31 30 31 29 2D 30 78 45 2D 34 33 29 74  |_1_101)-0xE-43)t|
00013170  68 65 6E 20 69 66 20 41 3C 3D 41 4B 20 74 68 65  |hen if A<=AK the|
00013180  6E 20 69 66 20 41 3E 53 42 20 74 68 65 6E 20 69  |n if A>SB then i|
00013190  66 20 41 3E 66 46 20 74 68 65 6E 20 6C 6F 63 61  |f A>fF then loca|
000131A0  6C 20 41 2C 47 3B 41 3D 42 5B 41 4B 5D 3B 47 3D  |l A,G;A=B[AK];G=|
000131B0  42 5B 28 28 31 30 29 2D 30 42 31 5F 30 2D 30 58  |B[((10)-0B1_0-0X|
000131C0  34 29 5D 3B 69 66 20 47 3D 3D 66 46 20 74 68 65  |4)];if G==fF the|
000131D0  6E 20 65 5B 41 2B 4B 4D 5D 3D 6E 28 65 5B 41 5D  |n e[A+KM]=n(e[A]|
000131E0  2C 65 5B 41 2B 66 46 5D 2C 65 5B 41 2B 41 4B 5D  |,e[A+fF],e[A+AK]|
000131F0  29 3B 65 6C 73 65 69 66 20 47 3D 3D 41 4B 20 74  |);elseif G==AK t|
00013200  68 65 6E 20 65 5B 41 2B 4B 4D 5D 2C 65 5B 41 2B  |hen e[A+KM],e[A+|
00013210  28 28 2D 31 37 29 2B 28 30 42 31 30 31 30 5F 31  |((-17)+(0B1010_1|
00013220  29 29 5D 3D 6E 28 65 5B 41 5D 2C 65 5B 41 2B 66  |))]=n(e[A],e[A+f|
00013230  46 5D 2C 65 5B 41 2B 41 4B 5D 29 3B 65 6C 73 65  |F],e[A+AK]);else|
00013240  69 66 20 47 3D 3D 4B 4D 20 74 68 65 6E 20 65 5B  |if G==KM then e[|
00013250  41 2B 4B 4D 5D 2C 65 5B 41 2B 28 28 30 78 34 34  |A+KM],e[A+((0x44|
00013260  29 2D 28 30 78 34 30 29 29 5D 2C 65 5B 41 2B 74  |)-(0x40))],e[A+t|
00013270  69 5D 3D 6E 28 65 5B 41 5D 2C 65 5B 41 2B 66 46  |i]=n(e[A],e[A+fF|
00013280  5D 2C 65 5B 41 2B 41 4B 5D 29 3B 65 6C 73 65 69  |],e[A+AK]);elsei|
00013290  66 20 47 3D 3D 34 20 74 68 65 6E 20 65 5B 41 2B  |f G==4 then e[A+|
000132A0  4B 4D 5D 2C 65 5B 41 2B 30 42 31 30 30 5D 2C 65  |KM],e[A+0B100],e|
000132B0  5B 41 2B 74 69 5D 2C 65 5B 41 2B 63 6C 5D 3D 6E  |[A+ti],e[A+cl]=n|
000132C0  28 65 5B 41 5D 2C 65 5B 41 2B 66 46 5D 2C 65 5B  |(e[A],e[A+fF],e[|
000132D0  41 2B 41 4B 5D 29 3B 65 6C 73 65 20 6C 6F 63 61  |A+AK]);else loca|
000132E0  6C 20 4D 3D 7B 6E 28 65 5B 41 5D 2C 65 5B 41 2B  |l M={n(e[A],e[A+|
000132F0  66 46 5D 2C 65 5B 41 2B 41 4B 5D 29 7D 3B 66 6F  |fF],e[A+AK])};fo|
00013300  72 20 42 3D 66 46 2C 47 20 64 6F 20 65 5B 41 2B  |r B=fF,G do e[A+|
00013310  41 4B 2B 42 5D 3D 4D 5B 42 5D 65 6E 64 3B 65 6E  |AK+B]=M[B]end;en|
00013320  64 3B 65 5B 41 2B 41 4B 5D 3D 65 5B 41 2B 4B 4D  |d;e[A+AK]=e[A+KM|
00013330  5D 3B 69 66 20 65 5B 41 2B 4B 4D 5D 7E 3D 6E 69  |];if e[A+KM]~=ni|
00013340  6C 20 74 68 65 6E 20 4D 3D 42 5B 4B 4D 5D 65 6E  |l then M=B[KM]en|
00013350  64 3B 65 6C 73 65 20 69 66 20 6E 6F 74 20 65 5B  |d;else if not e[|
00013360  42 5B 41 4B 5D 5D 74 68 65 6E 20 4D 3D 47 5B 4D  |B[AK]]then M=G[M|
00013370  5D 3B 65 6C 73 65 20 4D 3D 42 5B 4B 4D 5D 3B 65  |];else M=B[KM];e|
00013380  6E 64 3B 65 6E 64 3B 65 6C 73 65 20 66 6F 72 20  |nd;end;else for |
00013390  42 3D 42 5B 41 4B 5D 2C 42 5B 4B 4D 5D 64 6F 20  |B=B[AK],B[KM]do |
000133A0  65 5B 42 5D 3D 6E 69 6C 3B 65 6E 64 3B 4D 3D 47  |e[B]=nil;end;M=G|
000133B0  5B 4D 5D 3B 42 3D 6C 5B 4D 5D 3B 69 66 20 6E 6F  |[M];B=l[M];if no|
000133C0  74 20 42 5B 30 58 33 42 5D 74 68 65 6E 20 78 5B  |t B[0X3B]then x[|
000133D0  30 62 31 5F 30 30 30 31 31 5F 30 30 5F 31 31 5D  |0b1_00011_00_11]|
000133E0  28 78 2C 42 29 3B 65 6E 64 3B 66 6F 72 20 42 3D  |(x,B);end;for B=|
000133F0  42 5B 41 4B 5D 2C 42 5B 4B 4D 5D 64 6F 20 65 5B  |B[AK],B[KM]do e[|
00013400  42 5D 3D 6E 69 6C 3B 65 6E 64 3B 4D 3D 47 5B 4D  |B]=nil;end;M=G[M|
00013410  5D 3B 42 3D 6C 5B 4D 5D 3B 69 66 20 6E 6F 74 20  |];B=l[M];if not |
00013420  42 5B 30 42 31 5F 31 31 30 5F 31 31 5D 74 68 65  |B[0B1_110_11]the|
00013430  6E 20 78 5B 30 62 31 5F 30 30 30 31 31 30 30 5F  |n x[0b1_0001100_|
00013440  31 31 5D 28 78 2C 42 29 3B 65 6E 64 3B 66 6F 72  |11](x,B);end;for|
00013450  20 42 3D 42 5B 41 4B 5D 2C 42 5B 4B 4D 5D 64 6F  | B=B[AK],B[KM]do|
00013460  20 65 5B 42 5D 3D 6E 69 6C 3B 65 6E 64 3B 4D 3D  | e[B]=nil;end;M=|
00013470  47 5B 4D 5D 3B 42 3D 6C 5B 4D 5D 3B 69 66 20 6E  |G[M];B=l[M];if n|
00013480  6F 74 20 42 5B 30 58 33 42 5D 74 68 65 6E 20 78  |ot B[0X3B]then x|
00013490  5B 35 36 33 5D 28 78 2C 42 29 3B 65 6E 64 3B 66  |[563](x,B);end;f|
000134A0  6F 72 20 42 3D 42 5B 41 4B 5D 2C 42 5B 4B 4D 5D  |or B=B[AK],B[KM]|
000134B0  64 6F 20 65 5B 42 5D 3D 6E 69 6C 3B 65 6E 64 3B  |do e[B]=nil;end;|
000134C0  65 6E 64 3B 65 6C 73 65 20 69 66 20 41 3D 3D 4B  |end;else if A==K|
000134D0  4D 20 74 68 65 6E 20 6C 6F 63 61 6C 20 42 2C 41  |M then local B,A|
000134E0  3D 42 5B 41 4B 5D 2C 42 5B 4B 4D 5D 3B 65 5B 42  |=B[AK],B[KM];e[B|
000134F0  5D 3D 41 3B 65 6C 73 65 20 6C 6F 63 61 6C 20 41  |]=A;else local A|
00013500  2C 44 2C 47 2C 6E 3B 41 3D 42 5B 41 4B 5D 3B 44  |,D,G,n;A=B[AK];D|
00013510  2C 47 2C 6E 3D 65 5B 41 5D 2C 65 5B 41 2B 66 46  |,G,n=e[A],e[A+fF|
00013520  5D 2C 65 5B 41 2B 41 4B 5D 3B 69 66 28 47 3E 53  |],e[A+AK];if(G>S|
00013530  42 20 61 6E 64 20 6E 3E 44 29 6F 72 28 47 3C 3D  |B and n>D)or(G<=|
00013540  53 42 20 61 6E 64 20 6E 3C 44 29 74 68 65 6E 20  |SB and n<D)then |
00013550  4D 3D 42 5B 4B 4D 5D 65 6C 73 65 20 65 5B 41 2B  |M=B[KM]else e[A+|
00013560  4B 4D 5D 3D 6E 20 65 6E 64 3B 65 6E 64 3B 65 6E  |KM]=n end;end;en|
00013570  64 3B 65 6C 73 65 20 69 66 20 41 3C 3D 28 28 30  |d;else if A<=((0|
00013580  62 31 30 5F 31 5F 30 5F 31 31 5F 31 29 2D 28 30  |b10_1_0_11_1)-(0|
00013590  62 31 30 31 5F 30 30 30 29 29 74 68 65 6E 20 69  |b101_000))then i|
000135A0  66 20 41 3C 3D 28 28 30 58 34 33 29 2D 28 30 78  |f A<=((0X43)-(0x|
000135B0  32 32 29 29 74 68 65 6E 20 69 66 20 41 3C 3D 28  |22))then if A<=(|
000135C0  28 30 78 36 5F 37 29 2D 30 58 33 36 2D 30 42 31  |(0x6_7)-0X36-0B1|
000135D0  30 5F 30 30 31 29 74 68 65 6E 20 69 66 20 41 3C  |0_001)then if A<|
000135E0  3D 28 28 2D 30 78 32 5F 31 29 2B 28 30 42 31 31  |=((-0x2_1)+(0B11|
000135F0  5F 31 31 31 31 29 29 74 68 65 6E 20 69 66 20 41  |_1111))then if A|
00013600  3C 3D 30 58 31 30 20 74 68 65 6E 20 69 66 20 41  |<=0X10 then if A|
00013610  3E 30 58 37 20 74 68 65 6E 20 69 66 20 41 3E 28  |>0X7 then if A>(|
00013620  28 2D 32 32 29 2B 28 30 58 31 66 29 29 74 68 65  |(-22)+(0X1f))the|
00013630  6E 20 69 66 20 41 3E 28 28 30 78 33 39 29 2D 28  |n if A>((0x39)-(|
00013640  30 58 32 5F 64 29 29 74 68 65 6E 20 69 66 20 41  |0X2_d))then if A|
00013650  3E 30 58 46 20 74 68 65 6E 20 65 5B 42 5B 41 4B  |>0XF then e[B[AK|
00013660  5D 5D 3D 43 5B 42 5B 4B 4D 5D 5D 3B 65 6C 73 65  |]]=C[B[KM]];else|
00013670  20 69 66 20 41 3D 3D 30 78 44 20 74 68 65 6E 20  | if A==0xD then |
00013680  65 5B 42 5B 41 4B 5D 5D 3D 54 28 49 28 58 5B 42  |e[B[AK]]=T(I(X[B|
00013690  5B 4B 4D 5D 5D 2C 6E 69 6C 2C 43 29 29 3B 65 6C  |[KM]],nil,C));el|
000136A0  73 65 69 66 20 41 3D 3D 31 35 20 74 68 65 6E 20  |seif A==15 then |
000136B0  6C 6F 63 61 6C 20 42 3D 42 5B 41 4B 5D 65 5B 42  |local B=B[AK]e[B|
000136C0  5D 3D 6E 28 65 5B 42 5D 2C 65 5B 42 2B 66 46 5D  |]=n(e[B],e[B+fF]|
000136D0  29 65 6C 73 65 20 65 5B 42 5B 41 4B 5D 2B 53 42  |)else e[B[AK]+SB|
000136E0  5D 3D 42 5B 4B 4D 5D 3B 65 6E 64 3B 65 6E 64 3B  |]=B[KM];end;end;|
000136F0  65 6C 73 65 20 69 66 20 41 3D 3D 28 28 30 58 35  |else if A==((0X5|
00013700  29 2B 28 30 78 35 29 29 74 68 65 6E 20 69 66 20  |)+(0x5))then if |
00013710  6E 6F 74 20 65 5B 42 5B 41 4B 5D 5D 74 68 65 6E  |not e[B[AK]]then|
00013720  20 4D 3D 47 5B 4D 5D 3B 65 6C 73 65 20 4D 3D 42  | M=G[M];else M=B|
00013730  5B 4B 4D 5D 3B 65 6E 64 3B 65 6C 73 65 69 66 20  |[KM];end;elseif |
00013740  41 3D 3D 30 62 31 5F 30 31 31 20 74 68 65 6E 20  |A==0b1_011 then |
00013750  64 6F 20 6C 6F 63 61 6C 20 41 3D 42 5B 4B 4D 5D  |do local A=B[KM]|
00013760  3B 65 5B 42 5B 41 4B 5D 5D 3D 65 5B 41 5D 3B 65  |;e[B[AK]]=e[A];e|
00013770  6E 64 3B 65 6C 73 65 20 6C 6F 63 61 6C 20 41 2C  |nd;else local A,|
00013780  4D 2C 47 3B 41 3D 42 5B 41 4B 5D 3B 4D 2C 47 3D  |M,G;A=B[AK];M,G=|
00013790  48 28 6E 28 65 5B 41 5D 2C 57 28 65 2C 41 2B 66  |H(n(e[A],W(e,A+f|
000137A0  46 2C 44 29 29 29 3B 44 3D 47 2B 41 2D 66 46 20  |F,D)));D=G+A-fF |
000137B0  6C 6F 63 61 6C 20 42 3D 53 42 3B 66 6F 72 20 41  |local B=SB;for A|
000137C0  3D 41 2C 44 20 64 6F 20 42 3D 42 2B 66 46 3B 65  |=A,D do B=B+fF;e|
000137D0  5B 41 5D 3D 4D 5B 42 5D 3B 65 6E 64 3B 65 6E 64  |[A]=M[B];end;end|
000137E0  3B 65 6E 64 3B 65 6C 73 65 20 69 66 20 41 3D 3D  |;end;else if A==|
000137F0  30 42 31 30 5F 30 30 20 74 68 65 6E 20 66 6F 72  |0B10_00 then for|
00013800  20 42 3D 42 5B 41 4B 5D 2C 42 5B 4B 4D 5D 64 6F  | B=B[AK],B[KM]do|
00013810  20 65 5B 42 5D 3D 6E 69 6C 3B 65 6E 64 3B 4D 3D  | e[B]=nil;end;M=|
00013820  47 5B 4D 5D 3B 42 3D 6C 5B 4D 5D 3B 69 66 20 6E  |G[M];B=l[M];if n|
00013830  6F 74 20 42 5B 30 78 33 62 5D 74 68 65 6E 28 78  |ot B[0x3b]then(x|
00013840  29 5B 35 36 33 5D 28 78 2C 42 29 3B 65 6E 64 3B  |)[563](x,B);end;|
00013850  66 6F 72 20 42 3D 42 5B 41 4B 5D 2C 42 5B 4B 4D  |for B=B[AK],B[KM|
00013860  5D 64 6F 20 65 5B 42 5D 3D 6E 69 6C 3B 65 6E 64  |]do e[B]=nil;end|
00013870  3B 4D 3D 47 5B 4D 5D 3B 42 3D 6C 5B 4D 5D 3B 69  |;M=G[M];B=l[M];i|
00013880  66 20 6E 6F 74 20 42 5B 30 58 33 62 5D 74 68 65  |f not B[0X3b]the|
00013890  6E 28 78 29 5B 30 78 32 33 33 5D 28 78 2C 42 29  |n(x)[0x233](x,B)|
000138A0  3B 65 6E 64 3B 66 6F 72 20 42 3D 42 5B 41 4B 5D  |;end;for B=B[AK]|
000138B0  2C 42 5B 4B 4D 5D 64 6F 20 65 5B 42 5D 3D 6E 69  |,B[KM]do e[B]=ni|
000138C0  6C 3B 65 6E 64 3B 65 6C 73 65 20 6C 6F 63 61 6C  |l;end;else local|
000138D0  20 4D 2C 6E 2C 41 2C 47 3B 4D 3D 42 5B 4B 4D 5D  | M,n,A,G;M=B[KM]|
000138E0  3B 6E 3D 4D 25 54 75 3B 41 3D 6D 61 74 68 2E 66  |;n=M%Tu;A=math.f|
000138F0  6C 6F 6F 72 28 4D 2F 54 75 29 25 54 75 3B 47 3D  |loor(M/Tu)%Tu;G=|
00013900  6D 61 74 68 2E 66 6C 6F 6F 72 28 4D 2F 65 79 29  |math.floor(M/ey)|
00013910  3B 69 66 20 41 3D 3D 53 42 20 74 68 65 6E 20 41  |;if A==SB then A|
00013920  3D 44 2D 6E 2B 66 46 20 65 6C 73 65 20 41 3D 41  |=D-n+fF else A=A|
00013930  2D 66 46 20 65 6E 64 3B 6C 6F 63 61 6C 20 4D 3D  |-fF end;local M=|
00013940  65 5B 42 5B 41 4B 5D 5D 3B 66 6F 72 20 42 3D 53  |e[B[AK]];for B=S|
00013950  42 2C 41 2D 66 46 20 64 6F 20 4D 5B 47 2B 42 5D  |B,A-fF do M[G+B]|
00013960  3D 65 5B 6E 2B 42 5D 65 6E 64 3B 65 6E 64 3B 65  |=e[n+B]end;end;e|
00013970  6E 64 3B 65 6C 73 65 20 69 66 20 41 3D 3D 63 6C  |nd;else if A==cl|
00013980  20 74 68 65 6E 20 6C 6F 63 61 6C 20 47 2C 6E 3B  | then local G,n;|
00013990  47 3D 42 5B 41 4B 5D 3B 6E 3D 7B 7D 3B 69 66 20  |G=B[AK];n={};if |
000139A0  4B 20 74 68 65 6E 20 66 6F 72 20 42 3D 66 46 2C  |K then for B=fF,|
000139B0  23 4B 20 64 6F 20 6C 6F 63 61 6C 20 44 3D 4B 5B  |#K do local D=K[|
000139C0  42 5D 3B 66 6F 72 20 57 3D 53 42 2C 23 44 20 64  |B];for W=SB,#D d|
000139D0  6F 20 6C 6F 63 61 6C 20 41 2C 4D 2C 42 3B 41 3D  |o local A,M,B;A=|
000139E0  44 5B 57 5D 3B 4D 3D 41 5B 66 46 5D 3B 42 3D 41  |D[W];M=A[fF];B=A|
000139F0  5B 41 4B 5D 3B 69 66 20 4D 3D 3D 65 20 61 6E 64  |[AK];if M==e and|
00013A00  20 42 3E 3D 47 20 74 68 65 6E 20 6E 5B 42 5D 3D  | B>=G then n[B]=|
00013A10  4D 5B 42 5D 3B 41 5B 66 46 5D 3D 6E 3B 65 6E 64  |M[B];A[fF]=n;end|
00013A20  3B 65 6E 64 3B 65 6E 64 3B 65 6E 64 3B 65 6C 73  |;end;end;end;els|
00013A30  65 69 66 20 41 3D 3D 74 69 20 74 68 65 6E 20 6C  |eif A==ti then l|
00013A40  6F 63 61 6C 20 41 2C 47 2C 4D 3B 41 3D 42 5B 41  |ocal A,G,M;A=B[A|
00013A50  4B 5D 3B 47 3D 42 5B 30 42 31 30 5F 30 5D 3B 4D  |K];G=B[0B10_0];M|
00013A60  3D 47 2D 41 2B 66 46 3B 69 66 20 4D 3D 3D 41 4B  |=G-A+fF;if M==AK|
00013A70  20 74 68 65 6E 20 65 5B 41 5D 2C 65 5B 41 2B 66  | then e[A],e[A+f|
00013A80  46 5D 3D 6E 28 65 5B 41 5D 2C 65 5B 41 2B 66 46  |F]=n(e[A],e[A+fF|
00013A90  5D 29 65 6C 73 65 69 66 20 4D 3D 3D 4B 4D 20 74  |])elseif M==KM t|
00013AA0  68 65 6E 20 65 5B 41 5D 2C 65 5B 41 2B 66 46 5D  |hen e[A],e[A+fF]|
00013AB0  2C 65 5B 41 2B 41 4B 5D 3D 6E 28 65 5B 41 5D 2C  |,e[A+AK]=n(e[A],|
00013AC0  65 5B 41 2B 66 46 5D 29 65 6C 73 65 69 66 20 4D  |e[A+fF])elseif M|
00013AD0  3D 3D 30 78 34 20 74 68 65 6E 20 65 5B 41 5D 2C  |==0x4 then e[A],|
00013AE0  65 5B 41 2B 66 46 5D 2C 65 5B 41 2B 41 4B 5D 2C  |e[A+fF],e[A+AK],|
00013AF0  65 5B 41 2B 4B 4D 5D 3D 6E 28 65 5B 41 5D 2C 65  |e[A+KM]=n(e[A],e|
00013B00  5B 41 2B 66 46 5D 29 65 6C 73 65 20 6C 6F 63 61  |[A+fF])else loca|
00013B10  6C 20 4D 2C 42 3B 4D 3D 7B 6E 28 65 5B 41 5D 2C  |l M,B;M={n(e[A],|
00013B20  65 5B 41 2B 66 46 5D 29 7D 3B 42 3D 53 42 3B 66  |e[A+fF])};B=SB;f|
00013B30  6F 72 20 41 3D 41 2C 47 20 64 6F 20 42 3D 42 2B  |or A=A,G do B=B+|
00013B40  66 46 3B 65 5B 41 5D 3D 4D 5B 42 5D 3B 65 6E 64  |fF;e[A]=M[B];end|
00013B50  3B 65 6E 64 3B 65 6C 73 65 20 65 5B 42 5B 41 4B  |;end;else e[B[AK|
00013B60  5D 5D 3D 28 65 5B 42 5B 4B 4D 5D 5D 2F 2F 42 5B  |]]=(e[B[KM]]//B[|
00013B70  34 5D 29 3B 65 6E 64 3B 65 6E 64 3B 65 6C 73 65  |4]);end;end;else|
00013B80  20 69 66 20 41 3C 3D 30 62 31 31 31 30 30 20 74  | if A<=0b11100 t|
00013B90  68 65 6E 20 69 66 20 41 3E 30 62 31 30 31 5F 30  |hen if A>0b101_0|
00013BA0  31 20 74 68 65 6E 20 69 66 20 41 3C 3D 30 58 31  |1 then if A<=0X1|
00013BB0  38 20 74 68 65 6E 20 69 66 20 41 3D 3D 30 42 31  |8 then if A==0B1|
00013BC0  30 31 5F 31 5F 31 20 74 68 65 6E 20 65 5B 42 5B  |01_1_1 then e[B[|
00013BD0  41 4B 5D 5D 3D 65 5B 42 5B 4B 4D 5D 5D 2B 42 5B  |AK]]=e[B[KM]]+B[|
00013BE0  28 28 2D 30 62 31 5F 30 31 30 31 5F 30 29 2B 28  |((-0b1_0101_0)+(|
00013BF0  34 36 29 29 5D 3B 65 6C 73 65 69 66 20 41 3D 3D  |46))];elseif A==|
00013C00  30 42 31 31 5F 30 30 30 20 74 68 65 6E 20 65 5B  |0B11_000 then e[|
00013C10  42 5B 41 4B 5D 5D 3D 65 5B 42 5B 4B 4D 5D 5D 2B  |B[AK]]=e[B[KM]]+|
00013C20  65 5B 42 5B 34 5D 5D 3B 65 6C 73 65 20 6C 6F 63  |e[B[4]];else loc|
00013C30  61 6C 20 4D 2C 6E 2C 41 2C 47 3B 4D 3D 42 5B 4B  |al M,n,A,G;M=B[K|
00013C40  4D 5D 3B 6E 3D 4D 25 54 75 3B 41 3D 6D 61 74 68  |M];n=M%Tu;A=math|
00013C50  2E 66 6C 6F 6F 72 28 4D 2F 54 75 29 25 54 75 3B  |.floor(M/Tu)%Tu;|
00013C60  47 3D 6D 61 74 68 2E 66 6C 6F 6F 72 28 4D 2F 65  |G=math.floor(M/e|
00013C70  79 29 3B 69 66 20 41 3D 3D 53 42 20 74 68 65 6E  |y);if A==SB then|
00013C80  20 41 3D 44 2D 6E 2B 66 46 20 65 6C 73 65 20 41  | A=D-n+fF else A|
00013C90  3D 41 2D 66 46 20 65 6E 64 3B 6C 6F 63 61 6C 20  |=A-fF end;local |
00013CA0  4D 3D 65 5B 42 5B 41 4B 5D 5D 3B 66 6F 72 20 42  |M=e[B[AK]];for B|
00013CB0  3D 53 42 2C 41 2D 66 46 20 64 6F 20 4D 5B 47 2B  |=SB,A-fF do M[G+|
00013CC0  42 5D 3D 65 5B 6E 2B 42 5D 65 6E 64 3B 65 6E 64  |B]=e[n+B]end;end|
00013CD0  3B 65 6C 73 65 20 69 66 20 41 3D 3D 30 78 31 61  |;else if A==0x1a|
00013CE0  20 74 68 65 6E 20 6C 6F 63 61 6C 20 41 2C 47 2C  | then local A,G,|
00013CF0  4D 3B 41 3D 42 5B 41 4B 5D 3B 47 3D 42 5B 30 78  |M;A=B[AK];G=B[0x|
00013D00  34 5D 3B 4D 3D 47 2D 41 2B 66 46 3B 69 66 20 4D  |4];M=G-A+fF;if M|
00013D10  3D 3D 41 4B 20 74 68 65 6E 20 65 5B 41 5D 2C 65  |==AK then e[A],e|
00013D20  5B 41 2B 66 46 5D 3D 6E 28 65 5B 41 5D 2C 57 28  |[A+fF]=n(e[A],W(|
00013D30  65 2C 41 2B 66 46 2C 42 5B 4B 4D 5D 29 29 65 6C  |e,A+fF,B[KM]))el|
00013D40  73 65 69 66 20 4D 3D 3D 4B 4D 20 74 68 65 6E 20  |seif M==KM then |
00013D50  65 5B 41 5D 2C 65 5B 41 2B 66 46 5D 2C 65 5B 41  |e[A],e[A+fF],e[A|
00013D60  2B 41 4B 5D 3D 6E 28 65 5B 41 5D 2C 57 28 65 2C  |+AK]=n(e[A],W(e,|
00013D70  41 2B 66 46 2C 42 5B 4B 4D 5D 29 29 65 6C 73 65  |A+fF,B[KM]))else|
00013D80  69 66 20 4D 3D 3D 28 28 2D 30 62 31 30 5F 31 31  |if M==((-0b10_11|
00013D90  5F 30 31 29 2B 28 30 58 33 31 29 29 74 68 65 6E  |_01)+(0X31))then|
00013DA0  20 65 5B 41 5D 2C 65 5B 41 2B 66 46 5D 2C 65 5B  | e[A],e[A+fF],e[|
00013DB0  41 2B 41 4B 5D 2C 65 5B 41 2B 4B 4D 5D 3D 6E 28  |A+AK],e[A+KM]=n(|
00013DC0  65 5B 41 5D 2C 57 28 65 2C 41 2B 66 46 2C 42 5B  |e[A],W(e,A+fF,B[|
00013DD0  4B 4D 5D 29 29 65 6C 73 65 20 6C 6F 63 61 6C 20  |KM]))else local |
00013DE0  44 2C 4D 3B 44 3D 7B 6E 28 65 5B 41 5D 2C 57 28  |D,M;D={n(e[A],W(|
00013DF0  65 2C 41 2B 66 46 2C 42 5B 4B 4D 5D 29 29 7D 3B  |e,A+fF,B[KM]))};|
00013E00  4D 3D 53 42 3B 66 6F 72 20 42 3D 41 2C 47 20 64  |M=SB;for B=A,G d|
00013E10  6F 20 4D 3D 4D 2B 66 46 3B 65 5B 42 5D 3D 44 5B  |o M=M+fF;e[B]=D[|
00013E20  4D 5D 3B 65 6E 64 3B 65 6E 64 3B 65 6C 73 65 69  |M];end;end;elsei|
00013E30  66 20 41 3D 3D 28 28 30 62 31 30 5F 31 31 30 31  |f A==((0b10_1101|
00013E40  5F 31 29 2D 30 42 31 5F 30 5F 30 30 5F 30 5F 31  |_1)-0B1_0_00_0_1|
00013E50  2D 30 62 31 30 30 30 5F 30 31 29 74 68 65 6E 20  |-0b1000_01)then |
00013E60  65 5B 42 5B 41 4B 5D 5D 3D 65 5B 42 5B 4B 4D 5D  |e[B[AK]]=e[B[KM]|
00013E70  5D 2A 65 5B 42 5B 30 78 34 5D 5D 3B 65 6C 73 65  |]*e[B[0x4]];else|
00013E80  69 66 20 41 3D 3D 30 62 31 31 30 5F 31 31 20 74  |if A==0b110_11 t|
00013E90  68 65 6E 20 4D 3D 42 5B 4B 4D 5D 3B 65 6C 73 65  |hen M=B[KM];else|
00013EA0  20 65 5B 42 5B 41 4B 5D 5D 5B 65 5B 42 5B 4B 4D  | e[B[AK]][e[B[KM|
00013EB0  5D 5D 5D 3D 65 5B 42 5B 30 42 31 30 30 5D 5D 3B  |]]]=e[B[0B100]];|
00013EC0  65 6E 64 3B 65 6E 64 3B 65 6C 73 65 20 69 66 20  |end;end;else if |
00013ED0  41 3C 3D 30 62 31 30 30 31 31 20 74 68 65 6E 20  |A<=0b10011 then |
00013EE0  69 66 20 41 3C 3D 28 28 30 58 35 29 2B 28 30 42  |if A<=((0X5)+(0B|
00013EF0  31 31 5F 30 5F 31 29 29 74 68 65 6E 20 69 66 20  |11_0_1))then if |
00013F00  41 3E 28 28 2D 30 58 37 29 2B 28 32 34 29 29 74  |A>((-0X7)+(24))t|
00013F10  68 65 6E 20 65 5B 42 5B 41 4B 5D 5D 3D 43 5B 42  |hen e[B[AK]]=C[B|
00013F20  5B 4B 4D 5D 5D 3B 65 6C 73 65 20 6C 6F 63 61 6C  |[KM]];else local|
00013F30  20 42 3D 42 5B 41 4B 5D 65 5B 42 5D 3D 6E 28 65  | B=B[AK]e[B]=n(e|
00013F40  5B 42 5D 2C 57 28 65 2C 42 2B 66 46 2C 44 29 29  |[B],W(e,B+fF,D))|
00013F50  65 6E 64 3B 65 6C 73 65 20 65 5B 42 5B 41 4B 5D  |end;else e[B[AK]|
00013F60  5D 3D 7B 7D 3B 65 6E 64 3B 65 6C 73 65 20 69 66  |]={};end;else if|
00013F70  20 41 3E 28 28 30 42 31 31 31 31 5F 30 31 29 2D  | A>((0B1111_01)-|
00013F80  28 30 78 32 39 29 29 74 68 65 6E 20 50 28 65 2C  |(0x29))then P(e,|
00013F90  42 5B 41 4B 5D 29 3B 4D 3D 42 5B 4B 4D 5D 3B 65  |B[AK]);M=B[KM];e|
00013FA0  6C 73 65 20 65 5B 42 5B 41 4B 5D 5D 3D 65 5B 42  |lse e[B[AK]]=e[B|
00013FB0  5B 4B 4D 5D 5D 2A 65 5B 42 5B 30 42 31 5F 30 5F  |[KM]]*e[B[0B1_0_|
00013FC0  30 5D 5D 3B 65 6E 64 3B 65 6E 64 3B 65 6E 64 3B  |0]];end;end;end;|
00013FD0  65 6C 73 65 20 69 66 20 41 3D 3D 30 78 31 64 20  |else if A==0x1d |
00013FE0  74 68 65 6E 20 6C 6F 63 61 6C 20 41 2C 47 2C 4D  |then local A,G,M|
00013FF0  3B 41 3D 42 5B 41 4B 5D 3B 47 2C 4D 3D 48 28 6E  |;A=B[AK];G,M=H(n|
00014000  28 65 5B 41 5D 2C 57 28 65 2C 41 2B 66 46 2C 44  |(e[A],W(e,A+fF,D|
00014010  29 29 29 3B 44 3D 4D 2B 41 2D 66 46 20 6C 6F 63  |)));D=M+A-fF loc|
00014020  61 6C 20 42 3D 53 42 3B 66 6F 72 20 41 3D 41 2C  |al B=SB;for A=A,|
00014030  44 20 64 6F 20 42 3D 42 2B 66 46 3B 65 5B 41 5D  |D do B=B+fF;e[A]|
00014040  3D 47 5B 42 5D 3B 65 6E 64 3B 65 6C 73 65 20 6C  |=G[B];end;else l|
00014050  6F 63 61 6C 20 42 3D 42 5B 41 4B 5D 65 5B 42 5D  |ocal B=B[AK]e[B]|
00014060  3D 6E 28 65 5B 42 5D 2C 57 28 65 2C 42 2B 66 46  |=n(e[B],W(e,B+fF|
00014070  2C 44 29 29 65 6E 64 3B 65 6E 64 3B 65 6E 64 3B  |,D))end;end;end;|
00014080  65 6C 73 65 20 69 66 20 41 3D 3D 30 62 31 31 5F  |else if A==0b11_|
00014090  31 31 5F 31 20 74 68 65 6E 20 65 5B 42 5B 41 4B  |11_1 then e[B[AK|
000140A0  5D 5D 3D 65 5B 42 5B 4B 4D 5D 5D 3B 65 6C 73 65  |]]=e[B[KM]];else|
000140B0  20 69 66 28 65 5B 42 5B 41 4B 5D 5D 7E 3D 65 5B  | if(e[B[AK]]~=e[|
000140C0  42 5B 30 58 34 5D 5D 29 74 68 65 6E 20 4D 3D 47  |B[0X4]])then M=G|
000140D0  5B 4D 5D 3B 65 6C 73 65 20 4D 3D 42 5B 4B 4D 5D  |[M];else M=B[KM]|
000140E0  3B 65 6E 64 3B 65 6E 64 3B 65 6E 64 3B 65 6C 73  |;end;end;end;els|
000140F0  65 20 65 5B 42 5B 41 4B 5D 5D 3D 65 5B 42 5B 4B  |e e[B[AK]]=e[B[K|
00014100  4D 5D 5D 5B 65 5B 42 5B 30 58 34 5D 5D 5D 3B 65  |M]][e[B[0X4]]];e|
00014110  6E 64 3B 65 6C 73 65 20 69 66 20 41 3C 3D 30 62  |nd;else if A<=0b|
00014120  31 5F 30 31 30 31 5F 30 20 74 68 65 6E 20 69 66  |1_0101_0 then if|
00014130  20 41 3C 3D 30 42 31 30 5F 31 30 30 30 20 74 68  | A<=0B10_1000 th|
00014140  65 6E 20 69 66 20 41 3C 3D 30 78 32 33 20 74 68  |en if A<=0x23 th|
00014150  65 6E 20 69 66 20 41 3D 3D 30 42 31 5F 30 30 30  |en if A==0B1_000|
00014160  31 30 20 74 68 65 6E 20 6C 6F 63 61 6C 20 42 3D  |10 then local B=|
00014170  42 5B 41 4B 5D 3B 44 3D 42 2B 4E 2D 66 46 3B 66  |B[AK];D=B+N-fF;f|
00014180  6F 72 20 41 3D 42 2C 44 20 64 6F 20 6C 6F 63 61  |or A=B,D do loca|
00014190  6C 20 42 3D 55 20 61 6E 64 20 55 5B 41 2D 42 5D  |l B=U and U[A-B]|
000141A0  3B 65 5B 41 5D 3D 42 3B 65 6E 64 3B 65 6C 73 65  |;e[A]=B;end;else|
000141B0  20 65 5B 42 5B 41 4B 5D 5D 3D 65 5B 42 5B 4B 4D  | e[B[AK]]=e[B[KM|
000141C0  5D 5D 5B 65 5B 42 5B 30 42 31 30 5F 30 5D 5D 5D  |]][e[B[0B10_0]]]|
000141D0  3B 65 6E 64 3B 65 6C 73 65 20 69 66 20 41 3E 28  |;end;else if A>(|
000141E0  28 2D 31 35 29 2B 28 30 78 33 5F 35 29 29 74 68  |(-15)+(0x3_5))th|
000141F0  65 6E 20 69 66 20 41 3E 28 28 30 42 31 5F 31 31  |en if A>((0B1_11|
00014200  30 31 30 29 2D 28 30 42 31 30 5F 30 31 31 29 29  |010)-(0B10_011))|
00014210  74 68 65 6E 20 65 5B 42 5B 41 4B 5D 5D 3D 54 28  |then e[B[AK]]=T(|
00014220  49 28 58 5B 42 5B 4B 4D 5D 5D 2C 6E 69 6C 2C 43  |I(X[B[KM]],nil,C|
00014230  29 29 3B 65 6C 73 65 20 65 5B 42 5B 41 4B 5D 5D  |));else e[B[AK]]|
00014240  3D 23 65 5B 42 5B 4B 4D 5D 5D 3B 65 6E 64 3B 65  |=#e[B[KM]];end;e|
00014250  6C 73 65 20 69 66 20 41 3C 3D 67 4E 20 74 68 65  |lse if A<=gN the|
00014260  6E 20 65 6C 73 65 20 69 66 20 41 3D 3D 30 62 31  |n else if A==0b1|
00014270  30 30 5F 31 5F 30 31 20 74 68 65 6E 20 6C 6F 63  |00_1_01 then loc|
00014280  61 6C 20 4D 3D 42 5B 4B 4D 5D 3B 6C 6F 63 61 6C  |al M=B[KM];local|
00014290  20 41 3D 65 5B 4D 5D 66 6F 72 20 42 3D 4D 2B 66  | A=e[M]for B=M+f|
000142A0  46 2C 42 5B 28 28 30 42 31 29 2B 28 30 58 33 29  |F,B[((0B1)+(0X3)|
000142B0  29 5D 64 6F 20 41 3D 41 2E 2E 65 5B 42 5D 3B 65  |)]do A=A..e[B];e|
000142C0  6E 64 3B 65 5B 42 5B 41 4B 5D 5D 3D 41 3B 65 6C  |nd;e[B[AK]]=A;el|
000142D0  73 65 20 65 5B 42 5B 41 4B 5D 5D 3D 4C 5B 42 5B  |se e[B[AK]]=L[B[|
000142E0  4B 4D 5D 5D 3B 65 6E 64 3B 65 6E 64 3B 65 6E 64  |KM]];end;end;end|
000142F0  3B 65 6E 64 3B 65 6C 73 65 20 69 66 20 41 3E 28  |;end;else if A>(|
00014300  28 30 62 31 31 30 29 2B 28 30 42 31 5F 30 5F 30  |(0b110)+(0B1_0_0|
00014310  30 5F 31 31 29 29 74 68 65 6E 20 65 5B 42 5B 41  |0_11))then e[B[A|
00014320  4B 5D 5D 3D 65 5B 42 5B 4B 4D 5D 5D 2A 42 5B 28  |K]]=e[B[KM]]*B[(|
00014330  28 2D 30 42 31 30 31 5F 31 30 31 29 2B 28 34 39  |(-0B101_101)+(49|
00014340  29 29 5D 3B 65 6C 73 65 20 69 66 28 65 5B 42 5B  |))];else if(e[B[|
00014350  41 4B 5D 5D 3C 65 5B 42 5B 28 28 30 78 31 43 29  |AK]]<e[B[((0x1C)|
00014360  2D 28 30 58 31 38 29 29 5D 5D 29 74 68 65 6E 20  |-(0X18))]])then |
00014370  4D 3D 47 5B 4D 5D 3B 65 6C 73 65 20 4D 3D 42 5B  |M=G[M];else M=B[|
00014380  4B 4D 5D 3B 65 6E 64 3B 65 6E 64 3B 65 6E 64 3B  |KM];end;end;end;|
00014390  65 6C 73 65 20 69 66 20 41 3C 3D 34 35 20 74 68  |else if A<=45 th|
000143A0  65 6E 20 69 66 20 41 3D 3D 30 62 31 30 31 5F 31  |en if A==0b101_1|
000143B0  5F 30 30 20 74 68 65 6E 20 6C 6F 63 61 6C 20 42  |_00 then local B|
000143C0  3D 42 5B 41 4B 5D 3B 64 6F 20 72 65 74 75 72 6E  |=B[AK];do return|
000143D0  20 57 28 65 2C 42 2C 44 29 65 6E 64 3B 65 6C 73  | W(e,B,D)end;els|
000143E0  65 69 66 20 41 3D 3D 34 35 20 74 68 65 6E 20 65  |eif A==45 then e|
000143F0  5B 42 5B 41 4B 5D 5D 3D 65 5B 42 5B 4B 4D 5D 5D  |[B[AK]]=e[B[KM]]|
00014400  2A 42 5B 30 62 31 5F 30 5F 30 5D 3B 65 6C 73 65  |*B[0b1_0_0];else|
00014410  20 65 5B 42 5B 41 4B 5D 5D 5B 42 5B 4B 4D 5D 5D  | e[B[AK]][B[KM]]|
00014420  3D 65 5B 42 5B 28 28 30 58 38 29 2D 28 30 42 31  |=e[B[((0X8)-(0B1|
00014430  5F 30 30 29 29 5D 5D 3B 65 6E 64 3B 65 6C 73 65  |_00))]];end;else|
00014440  20 69 66 20 41 3E 28 28 30 62 31 31 30 5F 30 30  | if A>((0b110_00|
00014450  30 30 29 2D 28 30 58 33 5F 32 29 29 74 68 65 6E  |00)-(0X3_2))then|
00014460  20 65 5B 42 5B 41 4B 5D 5D 3D 7B 7D 3B 65 6C 73  | e[B[AK]]={};els|
00014470  65 20 65 5B 42 5B 41 4B 5D 5D 5B 42 5B 4B 4D 5D  |e e[B[AK]][B[KM]|
00014480  5D 3D 65 5B 42 5B 30 42 31 30 5F 30 5D 5D 3B 65  |]=e[B[0B10_0]];e|
00014490  6E 64 3B 65 6E 64 3B 65 6E 64 3B 65 6E 64 3B 65  |nd;end;end;end;e|
000144A0  6C 73 65 20 69 66 20 41 3E 28 28 31 31 32 29 2D  |lse if A>((112)-|
000144B0  28 30 58 33 5F 64 29 29 74 68 65 6E 20 69 66 20  |(0X3_d))then if |
000144C0  41 3C 3D 30 78 34 32 20 74 68 65 6E 20 69 66 20  |A<=0x42 then if |
000144D0  41 3E 28 28 30 58 38 5F 34 29 2D 30 78 32 35 2D  |A>((0X8_4)-0x25-|
000144E0  30 58 32 5F 35 29 74 68 65 6E 20 69 66 20 41 3C  |0X2_5)then if A<|
000144F0  3D 30 42 31 30 5F 30 30 30 30 5F 31 20 74 68 65  |=0B10_0000_1 the|
00014500  6E 20 69 66 20 41 3E 30 62 31 31 5F 31 31 31 30  |n if A>0b11_1110|
00014510  20 74 68 65 6E 20 69 66 20 41 3E 30 78 34 5F 30  | then if A>0x4_0|
00014520  20 74 68 65 6E 20 65 5B 42 5B 41 4B 5D 5D 5B 65  | then e[B[AK]][e|
00014530  5B 42 5B 4B 4D 5D 5D 5D 3D 65 5B 42 5B 28 28 31  |[B[KM]]]=e[B[((1|
00014540  36 29 2D 28 30 42 31 31 30 30 29 29 5D 5D 3B 65  |6)-(0B1100))]];e|
00014550  6C 73 65 20 69 66 20 41 3D 3D 28 28 36 37 29 2D  |lse if A==((67)-|
00014560  28 30 58 34 29 29 74 68 65 6E 20 69 66 28 65 5B  |(0X4))then if(e[|
00014570  42 5B 41 4B 5D 5D 7E 3D 42 5B 30 78 34 5D 29 74  |B[AK]]~=B[0x4])t|
00014580  68 65 6E 20 4D 3D 47 5B 4D 5D 3B 65 6C 73 65 20  |hen M=G[M];else |
00014590  4D 3D 42 5B 4B 4D 5D 3B 65 6E 64 3B 65 6C 73 65  |M=B[KM];end;else|
000145A0  20 65 5B 42 5B 41 4B 5D 5D 3D 65 5B 42 5B 4B 4D  | e[B[AK]]=e[B[KM|
000145B0  5D 5D 5B 42 5B 30 58 34 5D 5D 3B 65 6E 64 3B 65  |]][B[0X4]];end;e|
000145C0  6E 64 3B 65 6C 73 65 20 69 66 20 41 3C 3D 30 62  |nd;else if A<=0b|
000145D0  31 5F 31 5F 31 30 31 31 20 74 68 65 6E 20 6C 6F  |1_1_1011 then lo|
000145E0  63 61 6C 20 41 2C 44 2C 47 2C 6E 3B 41 3D 42 5B  |cal A,D,G,n;A=B[|
000145F0  41 4B 5D 3B 44 2C 47 3D 65 5B 41 5D 2C 65 5B 41  |AK];D,G=e[A],e[A|
00014600  2B 66 46 5D 3B 6E 3D 65 5B 41 2B 41 4B 5D 2B 47  |+fF];n=e[A+AK]+G|
00014610  3B 65 5B 41 2B 41 4B 5D 3D 6E 3B 69 66 28 47 3E  |;e[A+AK]=n;if(G>|
00014620  53 42 20 61 6E 64 20 6E 3C 3D 44 29 6F 72 28 47  |SB and n<=D)or(G|
00014630  3C 3D 53 42 20 61 6E 64 20 6E 3E 3D 44 29 74 68  |<=SB and n>=D)th|
00014640  65 6E 20 65 5B 41 2B 4B 4D 5D 3D 6E 3B 4D 3D 42  |en e[A+KM]=n;M=B|
00014650  5B 4B 4D 5D 65 6E 64 3B 65 6C 73 65 20 69 66 20  |[KM]end;else if |
00014660  41 3D 3D 28 28 30 78 34 35 29 2D 28 30 58 39 29  |A==((0x45)-(0X9)|
00014670  29 74 68 65 6E 20 43 5B 42 5B 4B 4D 5D 5D 3D 65  |)then C[B[KM]]=e|
00014680  5B 42 5B 41 4B 5D 5D 3B 65 6C 73 65 69 66 20 41  |[B[AK]];elseif A|
00014690  3D 3D 28 28 30 78 35 41 29 2D 28 32 39 29 29 74  |==((0x5A)-(29))t|
000146A0  68 65 6E 20 66 6F 72 20 42 3D 42 5B 41 4B 5D 2C  |hen for B=B[AK],|
000146B0  42 5B 4B 4D 5D 64 6F 20 65 5B 42 5D 3D 6E 69 6C  |B[KM]do e[B]=nil|
000146C0  3B 65 6E 64 3B 65 6C 73 65 20 6C 6F 63 61 6C 20  |;end;else local |
000146D0  42 3D 42 5B 41 4B 5D 65 5B 42 5D 3D 6E 28 65 5B  |B=B[AK]e[B]=n(e[|
000146E0  42 5D 29 65 6E 64 3B 65 6E 64 3B 65 6E 64 3B 65  |B])end;end;end;e|
000146F0  6C 73 65 20 69 66 28 65 5B 42 5B 41 4B 5D 5D 3D  |lse if(e[B[AK]]=|
00014700  3D 65 5B 42 5B 30 58 34 5D 5D 29 74 68 65 6E 20  |=e[B[0X4]])then |
00014710  4D 3D 47 5B 4D 5D 3B 65 6C 73 65 20 4D 3D 42 5B  |M=G[M];else M=B[|
00014720  4B 4D 5D 3B 65 6E 64 3B 65 6E 64 3B 65 6C 73 65  |KM];end;end;else|
00014730  20 69 66 20 41 3E 28 28 30 58 31 31 29 2B 28 30  | if A>((0X11)+(0|
00014740  78 32 37 29 29 74 68 65 6E 20 69 66 20 41 3D 3D  |x27))then if A==|
00014750  35 37 20 74 68 65 6E 20 69 66 28 65 5B 42 5B 41  |57 then if(e[B[A|
00014760  4B 5D 5D 3C 65 5B 42 5B 28 28 30 58 32 31 29 2D  |K]]<e[B[((0X21)-|
00014770  30 62 31 5F 30 31 30 2D 30 42 31 30 30 5F 31 5F  |0b1_010-0B100_1_|
00014780  31 29 5D 5D 29 74 68 65 6E 20 4D 3D 42 5B 4B 4D  |1)]])then M=B[KM|
00014790  5D 3B 65 6C 73 65 20 4D 3D 47 5B 4D 5D 3B 65 6E  |];else M=G[M];en|
000147A0  64 3B 65 6C 73 65 20 69 66 28 65 5B 42 5B 41 4B  |d;else if(e[B[AK|
000147B0  5D 5D 7E 3D 65 5B 42 5B 30 78 34 5D 5D 29 74 68  |]]~=e[B[0x4]])th|
000147C0  65 6E 20 4D 3D 47 5B 4D 5D 3B 65 6C 73 65 20 4D  |en M=G[M];else M|
000147D0  3D 42 5B 4B 4D 5D 3B 65 6E 64 3B 65 6E 64 3B 65  |=B[KM];end;end;e|
000147E0  6C 73 65 20 69 66 20 41 3E 30 42 31 5F 31 5F 30  |lse if A>0B1_1_0|
000147F0  5F 31 30 31 20 74 68 65 6E 20 69 66 20 41 3E 30  |_101 then if A>0|
00014800  62 31 31 30 31 31 5F 30 20 74 68 65 6E 20 69 66  |b11011_0 then if|
00014810  20 41 3E 28 28 30 78 34 39 29 2D 28 30 42 31 30  | A>((0x49)-(0B10|
00014820  30 31 30 29 29 74 68 65 6E 20 69 66 28 65 5B 42  |010))then if(e[B|
00014830  5B 41 4B 5D 5D 7E 3D 42 5B 28 28 35 33 29 2D 28  |[AK]]~=B[((53)-(|
00014840  30 58 33 31 29 29 5D 29 74 68 65 6E 20 4D 3D 47  |0X31))])then M=G|
00014850  5B 4D 5D 3B 65 6C 73 65 20 4D 3D 42 5B 4B 4D 5D  |[M];else M=B[KM]|
00014860  3B 65 6E 64 3B 65 6C 73 65 20 4C 5B 42 5B 4B 4D  |;end;else L[B[KM|
00014870  5D 5D 3D 65 5B 42 5B 41 4B 5D 5D 3B 65 6E 64 3B  |]]=e[B[AK]];end;|
00014880  65 6C 73 65 20 6C 6F 63 61 6C 20 6E 2C 44 2C 41  |else local n,D,A|
00014890  3B 6E 3D 58 5B 42 5B 4B 4D 5D 5D 3B 41 3D 7B 7D  |;n=X[B[KM]];A={}|
000148A0  3B 44 3D 52 28 7B 7D 2C 7B 5F 5F 69 6E 64 65 78  |;D=R({},{__index|
000148B0  3D 66 75 6E 63 74 69 6F 6E 28 42 2C 65 29 6C 6F  |=function(B,e)lo|
000148C0  63 61 6C 20 65 3D 41 5B 65 5D 3B 72 65 74 75 72  |cal e=A[e];retur|
000148D0  6E 20 65 5B 66 46 5D 5B 65 5B 41 4B 5D 5D 3B 65  |n e[fF][e[AK]];e|
000148E0  6E 64 2C 5F 5F 6E 65 77 69 6E 64 65 78 3D 66 75  |nd,__newindex=fu|
000148F0  6E 63 74 69 6F 6E 28 4D 2C 65 2C 42 29 6C 6F 63  |nction(M,e,B)loc|
00014900  61 6C 20 65 3D 41 5B 65 5D 65 5B 66 46 5D 5B 65  |al e=A[e]e[fF][e|
00014910  5B 41 4B 5D 5D 3D 42 3B 65 6E 64 3B 7D 29 3B 65  |[AK]]=B;end;});e|
00014920  5B 42 5B 41 4B 5D 5D 3D 54 28 49 28 6E 2C 44 2C  |[B[AK]]=T(I(n,D,|
00014930  43 29 29 3B 66 6F 72 20 6E 3D 66 46 2C 42 5B 30  |C));for n=fF,B[0|
00014940  58 34 5D 64 6F 20 4D 3D 47 5B 4D 5D 3B 6C 6F 63  |X4]do M=G[M];loc|
00014950  61 6C 20 42 3D 6C 5B 4D 5D 3B 69 66 20 6E 6F 74  |al B=l[M];if not|
00014960  20 42 5B 35 39 5D 74 68 65 6E 28 78 29 5B 30 78  | B[59]then(x)[0x|
00014970  32 33 33 5D 28 78 2C 42 29 3B 65 6E 64 3B 69 66  |233](x,B);end;if|
00014980  20 78 5B 30 42 31 31 31 31 31 30 30 5F 30 5F 31  | x[0B1111100_0_1|
00014990  30 31 5D 28 78 2C 42 29 3D 3D 28 28 30 42 31 5F  |01](x,B)==((0B1_|
000149A0  30 30 31 30 5F 30 31 29 2D 30 42 31 5F 31 30 30  |0010_01)-0B1_100|
000149B0  2D 30 58 31 5F 65 29 74 68 65 6E 20 41 5B 6E 2D  |-0X1_e)then A[n-|
000149C0  66 46 5D 3D 7B 65 2C 42 5B 4B 4D 5D 7D 3B 65 6C  |fF]={e,B[KM]};el|
000149D0  73 65 69 66 20 78 5B 31 5F 39 38 39 5D 28 78 2C  |seif x[1_989](x,|
000149E0  42 29 3D 3D 67 4E 20 74 68 65 6E 20 6C 6F 63 61  |B)==gN then loca|
000149F0  6C 20 65 3D 7B 65 5B 42 5B 4B 4D 5D 5D 7D 3B 41  |l e={e[B[KM]]};A|
00014A00  5B 6E 2D 66 46 5D 3D 7B 65 2C 66 46 7D 3B 65 6C  |[n-fF]={e,fF};el|
00014A10  73 65 20 41 5B 6E 2D 66 46 5D 3D 7B 4C 2C 42 5B  |se A[n-fF]={L,B[|
00014A20  4B 4D 5D 7D 3B 65 6E 64 3B 4B 3D 4B 20 6F 72 7B  |KM]};end;K=K or{|
00014A30  7D 3B 4B 5B 23 4B 2B 66 46 5D 3D 41 3B 65 6E 64  |};K[#K+fF]=A;end|
00014A40  3B 65 6E 64 3B 65 6C 73 65 20 69 66 20 41 3E 30  |;end;else if A>0|
00014A50  62 31 31 5F 30 31 30 5F 30 20 74 68 65 6E 20 6C  |b11_010_0 then l|
00014A60  6F 63 61 6C 20 4D 2C 41 3B 4D 3D 42 5B 41 4B 5D  |ocal M,A;M=B[AK]|
00014A70  3B 41 3D 65 5B 42 5B 4B 4D 5D 5D 3B 65 5B 4D 2B  |;A=e[B[KM]];e[M+|
00014A80  66 46 5D 3D 41 3B 65 5B 4D 5D 3D 41 5B 42 5B 30  |fF]=A;e[M]=A[B[0|
00014A90  62 31 30 30 5D 5D 3B 65 6C 73 65 20 6C 6F 63 61  |b100]];else loca|
00014AA0  6C 20 41 2C 47 3B 41 3D 42 5B 41 4B 5D 3B 47 3D  |l A,G;A=B[AK];G=|
00014AB0  42 5B 28 28 36 38 29 2D 28 30 62 31 30 30 5F 30  |B[((68)-(0b100_0|
00014AC0  30 30 30 29 29 5D 3B 69 66 20 47 3D 3D 66 46 20  |000))];if G==fF |
00014AD0  74 68 65 6E 20 65 5B 41 2B 4B 4D 5D 3D 6E 28 65  |then e[A+KM]=n(e|
00014AE0  5B 41 5D 2C 65 5B 41 2B 66 46 5D 2C 65 5B 41 2B  |[A],e[A+fF],e[A+|
00014AF0  41 4B 5D 29 3B 65 6C 73 65 69 66 20 47 3D 3D 41  |AK]);elseif G==A|
00014B00  4B 20 74 68 65 6E 20 65 5B 41 2B 4B 4D 5D 2C 65  |K then e[A+KM],e|
00014B10  5B 41 2B 30 78 34 5D 3D 6E 28 65 5B 41 5D 2C 65  |[A+0x4]=n(e[A],e|
00014B20  5B 41 2B 66 46 5D 2C 65 5B 41 2B 41 4B 5D 29 3B  |[A+fF],e[A+AK]);|
00014B30  65 6C 73 65 69 66 20 47 3D 3D 4B 4D 20 74 68 65  |elseif G==KM the|
00014B40  6E 20 65 5B 41 2B 4B 4D 5D 2C 65 5B 41 2B 30 58  |n e[A+KM],e[A+0X|
00014B50  34 5D 2C 65 5B 41 2B 74 69 5D 3D 6E 28 65 5B 41  |4],e[A+ti]=n(e[A|
00014B60  5D 2C 65 5B 41 2B 66 46 5D 2C 65 5B 41 2B 41 4B  |],e[A+fF],e[A+AK|
00014B70  5D 29 3B 65 6C 73 65 69 66 20 47 3D 3D 28 28 30  |]);elseif G==((0|
00014B80  42 31 30 31 31 30 5F 31 29 2D 30 58 32 33 2D 30  |B10110_1)-0X23-0|
00014B90  62 31 5F 31 30 29 74 68 65 6E 20 65 5B 41 2B 4B  |b1_10)then e[A+K|
00014BA0  4D 5D 2C 65 5B 41 2B 34 5D 2C 65 5B 41 2B 74 69  |M],e[A+4],e[A+ti|
00014BB0  5D 2C 65 5B 41 2B 63 6C 5D 3D 6E 28 65 5B 41 5D  |],e[A+cl]=n(e[A]|
00014BC0  2C 65 5B 41 2B 66 46 5D 2C 65 5B 41 2B 41 4B 5D  |,e[A+fF],e[A+AK]|
00014BD0  29 3B 65 6C 73 65 20 6C 6F 63 61 6C 20 4D 3D 7B  |);else local M={|
00014BE0  6E 28 65 5B 41 5D 2C 65 5B 41 2B 66 46 5D 2C 65  |n(e[A],e[A+fF],e|
00014BF0  5B 41 2B 41 4B 5D 29 7D 3B 66 6F 72 20 42 3D 66  |[A+AK])};for B=f|
00014C00  46 2C 47 20 64 6F 20 65 5B 41 2B 41 4B 2B 42 5D  |F,G do e[A+AK+B]|
00014C10  3D 4D 5B 42 5D 65 6E 64 3B 65 6E 64 3B 65 5B 41  |=M[B]end;end;e[A|
00014C20  2B 41 4B 5D 3D 65 5B 41 2B 4B 4D 5D 3B 69 66 20  |+AK]=e[A+KM];if |
00014C30  65 5B 41 2B 4B 4D 5D 7E 3D 6E 69 6C 20 74 68 65  |e[A+KM]~=nil the|
00014C40  6E 20 4D 3D 42 5B 4B 4D 5D 65 6E 64 3B 65 6E 64  |n M=B[KM]end;end|
00014C50  3B 65 6E 64 3B 65 6E 64 3B 65 6E 64 3B 65 6C 73  |;end;end;end;els|
00014C60  65 20 69 66 20 41 3D 3D 36 37 20 74 68 65 6E 20  |e if A==67 then |
00014C70  6C 6F 63 61 6C 20 42 3D 42 5B 41 4B 5D 3B 64 6F  |local B=B[AK];do|
00014C80  20 72 65 74 75 72 6E 20 57 28 65 2C 42 2C 44 29  | return W(e,B,D)|
00014C90  65 6E 64 3B 65 6C 73 65 20 6C 6F 63 61 6C 20 42  |end;else local B|
00014CA0  3D 42 5B 41 4B 5D 3B 64 6F 20 72 65 74 75 72 6E  |=B[AK];do return|
00014CB0  20 65 5B 42 5D 2C 65 5B 42 2B 66 46 5D 65 6E 64  | e[B],e[B+fF]end|
00014CC0  3B 65 6E 64 3B 65 6E 64 3B 65 6C 73 65 20 69 66  |;end;end;else if|
00014CD0  20 41 3D 3D 28 28 37 32 29 2D 28 30 78 31 35 29  | A==((72)-(0x15)|
00014CE0  29 74 68 65 6E 20 6C 6F 63 61 6C 20 42 3D 42 5B  |)then local B=B[|
00014CF0  41 4B 5D 6E 28 65 5B 42 5D 2C 65 5B 42 2B 66 46  |AK]n(e[B],e[B+fF|
00014D00  5D 29 65 6C 73 65 69 66 20 41 3D 3D 30 62 31 31  |])elseif A==0b11|
00014D10  30 5F 30 5F 30 31 20 74 68 65 6E 20 6C 6F 63 61  |0_0_01 then loca|
00014D20  6C 20 41 3D 42 5B 41 4B 5D 6E 28 65 5B 41 5D 2C  |l A=B[AK]n(e[A],|
00014D30  57 28 65 2C 41 2B 66 46 2C 42 5B 4B 4D 5D 29 29  |W(e,A+fF,B[KM]))|
00014D40  65 6C 73 65 69 66 20 41 3D 3D 28 28 30 29 2B 28  |elseif A==((0)+(|
00014D50  30 58 33 30 29 29 74 68 65 6E 20 69 66 20 6E 6F  |0X30))then if no|
00014D60  74 20 65 5B 42 5B 41 4B 5D 5D 74 68 65 6E 20 4D  |t e[B[AK]]then M|
00014D70  3D 47 5B 4D 5D 3B 65 6C 73 65 20 4D 3D 42 5B 4B  |=G[M];else M=B[K|
00014D80  4D 5D 3B 65 6E 64 3B 65 6C 73 65 20 6C 6F 63 61  |M];end;else loca|
00014D90  6C 20 41 2C 4D 3B 41 3D 42 5B 41 4B 5D 3B 4D 3D  |l A,M;A=B[AK];M=|
00014DA0  65 5B 42 5B 4B 4D 5D 5D 3B 69 66 20 4D 20 74 68  |e[B[KM]];if M th|
00014DB0  65 6E 20 65 5B 41 5D 3D 4D 20 65 6C 73 65 20 65  |en e[A]=M else e|
00014DC0  5B 41 5D 3D 42 5B 30 42 31 30 30 5D 65 6E 64 3B  |[A]=B[0B100]end;|
00014DD0  65 6E 64 3B 65 6E 64 3B 65 6E 64 3B 65 6E 64 3B  |end;end;end;end;|
00014DE0  65 6E 64 3B 65 6C 73 65 20 69 66 20 41 3E 30 58  |end;else if A>0X|
00014DF0  61 5F 34 20 74 68 65 6E 20 65 5B 42 5B 41 4B 5D  |a_4 then e[B[AK]|
00014E00  5D 3D 28 42 5B 4B 4D 5D 7E 3D 53 42 29 3B 65 6C  |]=(B[KM]~=SB);el|
00014E10  73 65 20 69 66 20 41 3E 30 62 31 30 30 5F 31 30  |se if A>0b100_10|
00014E20  30 31 30 20 74 68 65 6E 20 69 66 20 41 3E 28 28  |010 then if A>((|
00014E30  30 62 31 31 5F 31 5F 31 30 31 31 29 2B 28 30 78  |0b11_1_1011)+(0x|
00014E40  31 65 29 29 74 68 65 6E 20 69 66 20 41 3E 30 78  |1e))then if A>0x|
00014E50  39 5F 41 20 74 68 65 6E 20 69 66 20 41 3E 30 78  |9_A then if A>0x|
00014E60  39 46 20 74 68 65 6E 20 69 66 20 41 3C 3D 30 62  |9F then if A<=0b|
00014E70  31 30 5F 31 30 30 30 30 31 20 74 68 65 6E 20 69  |10_100001 then i|
00014E80  66 20 41 3E 28 28 30 42 31 31 30 31 30 30 30 30  |f A>((0B11010000|
00014E90  29 2D 30 42 31 31 31 31 31 2D 30 78 31 31 29 74  |)-0B11111-0x11)t|
00014EA0  68 65 6E 20 65 5B 42 5B 41 4B 5D 5D 3D 42 5B 4B  |hen e[B[AK]]=B[K|
00014EB0  4D 5D 2D 65 5B 42 5B 28 28 2D 30 78 35 29 2B 28  |M]-e[B[((-0x5)+(|
00014EC0  30 42 31 30 30 31 29 29 5D 5D 3B 65 6C 73 65 20  |0B1001))]];else |
00014ED0  65 5B 42 5B 41 4B 5D 5D 3D 65 5B 42 5B 4B 4D 5D  |e[B[AK]]=e[B[KM]|
00014EE0  5D 2A 42 5B 28 28 30 58 31 44 29 2D 30 42 31 30  |]*B[((0X1D)-0B10|
00014EF0  30 31 30 2D 30 62 31 31 31 29 5D 3B 65 6E 64 3B  |010-0b111)];end;|
00014F00  65 6C 73 65 20 69 66 20 41 3C 3D 28 28 30 78 36  |else if A<=((0x6|
00014F10  65 29 2B 28 30 58 33 5F 35 29 29 74 68 65 6E 20  |e)+(0X3_5))then |
00014F20  69 66 20 41 3E 30 62 31 5F 30 5F 31 30 30 30 31  |if A>0b1_0_10001|
00014F30  30 20 74 68 65 6E 20 6C 6F 63 61 6C 20 42 3D 42  |0 then local B=B|
00014F40  5B 41 4B 5D 3B 64 6F 20 72 65 74 75 72 6E 20 65  |[AK];do return e|
00014F50  5B 42 5D 2C 65 5B 42 2B 66 46 5D 65 6E 64 3B 65  |[B],e[B+fF]end;e|
00014F60  6C 73 65 20 64 6F 20 72 65 74 75 72 6E 20 65 5B  |lse do return e[|
00014F70  42 5B 41 4B 5D 5D 65 6E 64 3B 65 6E 64 3B 65 6C  |B[AK]]end;end;el|
00014F80  73 65 20 69 66 28 65 5B 42 5B 41 4B 5D 5D 3C 65  |se if(e[B[AK]]<e|
00014F90  5B 42 5B 34 5D 5D 29 74 68 65 6E 20 4D 3D 47 5B  |[B[4]])then M=G[|
00014FA0  4D 5D 3B 65 6C 73 65 20 4D 3D 42 5B 4B 4D 5D 3B  |M];else M=B[KM];|
00014FB0  65 6E 64 3B 65 6E 64 3B 65 6E 64 3B 65 6C 73 65  |end;end;end;else|
00014FC0  20 69 66 20 41 3C 3D 30 78 39 64 20 74 68 65 6E  | if A<=0x9d then|
00014FD0  20 69 66 20 41 3E 30 62 31 5F 30 30 31 31 5F 30  | if A>0b1_0011_0|
00014FE0  31 5F 31 20 74 68 65 6E 20 69 66 20 41 3D 3D 28  |1_1 then if A==(|
00014FF0  28 30 62 31 30 30 31 5F 30 31 5F 30 31 29 2B 28  |(0b1001_01_01)+(|
00015000  30 42 31 5F 31 5F 31 29 29 74 68 65 6E 20 69 66  |0B1_1_1))then if|
00015010  28 65 5B 42 5B 41 4B 5D 5D 3D 3D 42 5B 30 78 34  |(e[B[AK]]==B[0x4|
00015020  5D 29 74 68 65 6E 20 4D 3D 47 5B 4D 5D 3B 65 6C  |])then M=G[M];el|
00015030  73 65 20 4D 3D 42 5B 4B 4D 5D 3B 65 6E 64 3B 65  |se M=B[KM];end;e|
00015040  6C 73 65 20 64 6F 20 72 65 74 75 72 6E 20 65 5B  |lse do return e[|
00015050  42 5B 41 4B 5D 5D 65 6E 64 3B 65 6E 64 3B 65 6C  |B[AK]]end;end;el|
00015060  73 65 20 65 5B 42 5B 41 4B 5D 5D 3D 65 5B 42 5B  |se e[B[AK]]=e[B[|
00015070  4B 4D 5D 5D 5B 42 5B 28 28 2D 30 62 31 30 30 29  |KM]][B[((-0b100)|
00015080  2B 28 30 78 38 29 29 5D 5D 3B 65 6E 64 3B 65 6C  |+(0x8))]];end;el|
00015090  73 65 20 69 66 20 41 3E 28 28 30 42 31 30 5F 31  |se if A>((0B10_1|
000150A0  31 31 31 5F 30 5F 31 29 2D 30 42 31 31 31 31 30  |111_0_1)-0B11110|
000150B0  2D 30 62 31 29 74 68 65 6E 20 6C 6F 63 61 6C 20  |-0b1)then local |
000150C0  44 2C 4D 3B 44 3D 42 5B 41 4B 5D 3B 4D 3D 7B 7D  |D,M;D=B[AK];M={}|
000150D0  3B 69 66 20 4B 20 74 68 65 6E 20 66 6F 72 20 42  |;if K then for B|
000150E0  3D 66 46 2C 23 4B 20 64 6F 20 6C 6F 63 61 6C 20  |=fF,#K do local |
000150F0  47 3D 4B 5B 42 5D 3B 66 6F 72 20 57 3D 53 42 2C  |G=K[B];for W=SB,|
00015100  23 47 20 64 6F 20 6C 6F 63 61 6C 20 42 2C 6E 2C  |#G do local B,n,|
00015110  41 3B 42 3D 47 5B 57 5D 3B 6E 3D 42 5B 66 46 5D  |A;B=G[W];n=B[fF]|
00015120  3B 41 3D 42 5B 41 4B 5D 3B 69 66 20 6E 3D 3D 65  |;A=B[AK];if n==e|
00015130  20 61 6E 64 20 41 3E 3D 44 20 74 68 65 6E 20 4D  | and A>=D then M|
00015140  5B 41 5D 3D 6E 5B 41 5D 3B 42 5B 66 46 5D 3D 4D  |[A]=n[A];B[fF]=M|
00015150  3B 65 6E 64 3B 65 6E 64 3B 65 6E 64 3B 65 6E 64  |;end;end;end;end|
00015160  3B 65 6C 73 65 20 69 66 28 65 5B 42 5B 41 4B 5D  |;else if(e[B[AK]|
00015170  5D 3D 3D 65 5B 42 5B 30 58 34 5D 5D 29 74 68 65  |]==e[B[0X4]])the|
00015180  6E 20 4D 3D 47 5B 4D 5D 3B 65 6C 73 65 20 4D 3D  |n M=G[M];else M=|
00015190  42 5B 4B 4D 5D 3B 65 6E 64 3B 65 6E 64 3B 65 6E  |B[KM];end;end;en|
000151A0  64 3B 65 6E 64 3B 65 6C 73 65 20 6C 6F 63 61 6C  |d;end;else local|
000151B0  20 47 2C 6E 3B 47 3D 42 5B 41 4B 5D 3B 6E 3D 7B  | G,n;G=B[AK];n={|
000151C0  7D 3B 69 66 20 4B 20 74 68 65 6E 20 66 6F 72 20  |};if K then for |
000151D0  42 3D 66 46 2C 23 4B 20 64 6F 20 6C 6F 63 61 6C  |B=fF,#K do local|
000151E0  20 44 3D 4B 5B 42 5D 3B 66 6F 72 20 57 3D 53 42  | D=K[B];for W=SB|
000151F0  2C 23 44 20 64 6F 20 6C 6F 63 61 6C 20 41 2C 4D  |,#D do local A,M|
00015200  2C 42 3B 41 3D 44 5B 57 5D 3B 4D 3D 41 5B 66 46  |,B;A=D[W];M=A[fF|
00015210  5D 3B 42 3D 41 5B 41 4B 5D 3B 69 66 20 4D 3D 3D  |];B=A[AK];if M==|
00015220  65 20 61 6E 64 20 42 3E 3D 47 20 74 68 65 6E 20  |e and B>=G then |
00015230  6E 5B 42 5D 3D 4D 5B 42 5D 3B 41 5B 66 46 5D 3D  |n[B]=M[B];A[fF]=|
00015240  6E 3B 65 6E 64 3B 65 6E 64 3B 65 6E 64 3B 65 6E  |n;end;end;end;en|
00015250  64 3B 65 6E 64 3B 65 6C 73 65 20 69 66 20 41 3C  |d;end;else if A<|
00015260  3D 30 62 31 5F 30 30 31 30 5F 31 31 30 20 74 68  |=0b1_0010_110 th|
00015270  65 6E 20 69 66 20 41 3E 28 28 30 42 31 30 5F 30  |en if A>((0B10_0|
00015280  30 31 30 5F 31 30 29 2B 28 30 42 31 30 5F 31 31  |010_10)+(0B10_11|
00015290  29 29 74 68 65 6E 20 65 5B 42 5B 41 4B 5D 5D 3D  |))then e[B[AK]]=|
000152A0  65 5B 42 5B 4B 4D 5D 5D 2D 65 5B 42 5B 28 28 30  |e[B[KM]]-e[B[((0|
000152B0  58 34 30 29 2D 28 30 42 31 31 5F 31 31 5F 30 30  |X40)-(0B11_11_00|
000152C0  29 29 5D 5D 3B 65 6C 73 65 20 69 66 20 41 3E 28  |))]];else if A>(|
000152D0  28 30 58 36 46 29 2B 28 30 62 31 5F 30 30 31 30  |(0X6F)+(0b1_0010|
000152E0  5F 31 29 29 74 68 65 6E 20 65 5B 42 5B 41 4B 5D  |_1))then e[B[AK]|
000152F0  5D 3D 65 5B 42 5B 4B 4D 5D 5D 5E 65 5B 42 5B 30  |]=e[B[KM]]^e[B[0|
00015300  42 31 30 30 5D 5D 3B 65 6C 73 65 20 69 66 20 41  |B100]];else if A|
00015310  3D 3D 30 62 31 30 5F 30 5F 31 30 30 31 31 20 74  |==0b10_0_10011 t|
00015320  68 65 6E 20 69 66 28 65 5B 42 5B 41 4B 5D 5D 7E  |hen if(e[B[AK]]~|
00015330  3D 65 5B 42 5B 30 42 31 5F 30 5F 30 5D 5D 29 74  |=e[B[0B1_0_0]])t|
00015340  68 65 6E 20 4D 3D 47 5B 4D 5D 3B 65 6C 73 65 20  |hen M=G[M];else |
00015350  4D 3D 42 5B 4B 4D 5D 3B 65 6E 64 3B 65 6C 73 65  |M=B[KM];end;else|
00015360  20 65 5B 42 5B 41 4B 5D 5D 5B 65 5B 42 5B 4B 4D  | e[B[AK]][e[B[KM|
00015370  5D 5D 5D 3D 65 5B 42 5B 28 28 30 62 31 31 5F 30  |]]]=e[B[((0b11_0|
00015380  31 5F 31 31 30 29 2D 30 78 33 35 2D 35 33 29 5D  |1_110)-0x35-53)]|
00015390  5D 3B 65 6E 64 3B 65 6E 64 3B 65 6E 64 3B 65 6C  |];end;end;end;el|
000153A0  73 65 20 69 66 20 41 3C 3D 30 78 39 37 20 74 68  |se if A<=0x97 th|
000153B0  65 6E 20 65 5B 42 5B 41 4B 5D 5D 3D 65 5B 42 5B  |en e[B[AK]]=e[B[|
000153C0  4B 4D 5D 5D 2D 65 5B 42 5B 28 28 30 42 31 31 30  |KM]]-e[B[((0B110|
000153D0  30 30 31 30 29 2D 30 58 32 43 2D 30 58 33 32 29  |0010)-0X2C-0X32)|
000153E0  5D 5D 3B 65 6C 73 65 20 69 66 20 41 3E 30 42 31  |]];else if A>0B1|
000153F0  5F 30 5F 30 31 5F 31 30 30 30 20 74 68 65 6E 20  |_0_01_1000 then |
00015400  65 5B 42 5B 41 4B 5D 5D 3D 23 65 5B 42 5B 4B 4D  |e[B[AK]]=#e[B[KM|
00015410  5D 5D 3B 65 6C 73 65 20 65 5B 42 5B 41 4B 5D 5D  |]];else e[B[AK]]|
00015420  3D 7B 7D 3B 65 6E 64 3B 65 6E 64 3B 65 6E 64 3B  |={};end;end;end;|
00015430  65 6E 64 3B 65 6C 73 65 20 69 66 20 41 3C 3D 30  |end;else if A<=0|
00015440  42 31 30 5F 30 31 30 30 30 30 20 74 68 65 6E 20  |B10_010000 then |
00015450  69 66 20 41 3D 3D 28 28 30 78 42 38 29 2D 28 30  |if A==((0xB8)-(0|
00015460  42 31 30 31 30 30 31 29 29 74 68 65 6E 20 65 5B  |B101001))then e[|
00015470  42 5B 41 4B 5D 5D 5B 42 5B 4B 4D 5D 5D 3D 65 5B  |B[AK]][B[KM]]=e[|
00015480  42 5B 30 42 31 30 5F 30 5D 5D 3B 65 6C 73 65 69  |B[0B10_0]];elsei|
00015490  66 20 41 3D 3D 28 28 30 42 31 30 5F 31 30 31 31  |f A==((0B10_1011|
000154A0  30 5F 30 29 2D 28 30 62 31 31 5F 31 31 30 29 29  |0_0)-(0b11_110))|
000154B0  74 68 65 6E 20 6C 6F 63 61 6C 20 41 2C 44 2C 47  |then local A,D,G|
000154C0  2C 6E 3B 41 3D 42 5B 41 4B 5D 3B 44 2C 47 3D 65  |,n;A=B[AK];D,G=e|
000154D0  5B 41 5D 2C 65 5B 41 2B 66 46 5D 3B 6E 3D 65 5B  |[A],e[A+fF];n=e[|
000154E0  41 2B 41 4B 5D 2B 47 3B 65 5B 41 2B 41 4B 5D 3D  |A+AK]+G;e[A+AK]=|
000154F0  6E 3B 69 66 28 47 3E 53 42 20 61 6E 64 20 6E 3C  |n;if(G>SB and n<|
00015500  3D 44 29 6F 72 28 47 3C 3D 53 42 20 61 6E 64 20  |=D)or(G<=SB and |
00015510  6E 3E 3D 44 29 74 68 65 6E 20 65 5B 41 2B 4B 4D  |n>=D)then e[A+KM|
00015520  5D 3D 6E 3B 4D 3D 42 5B 4B 4D 5D 65 6E 64 3B 65  |]=n;M=B[KM]end;e|
00015530  6C 73 65 20 6C 6F 63 61 6C 20 41 2C 47 2C 4D 3B  |lse local A,G,M;|
00015540  41 3D 42 5B 41 4B 5D 3B 47 2C 4D 3D 48 28 6E 28  |A=B[AK];G,M=H(n(|
00015550  65 5B 41 5D 2C 57 28 65 2C 41 2B 66 46 2C 42 5B  |e[A],W(e,A+fF,B[|
00015560  4B 4D 5D 29 29 29 3B 44 3D 4D 2B 41 2D 66 46 20  |KM])));D=M+A-fF |
00015570  6C 6F 63 61 6C 20 42 3D 53 42 3B 66 6F 72 20 41  |local B=SB;for A|
00015580  3D 41 2C 44 20 64 6F 20 42 3D 42 2B 66 46 3B 65  |=A,D do B=B+fF;e|
00015590  5B 41 5D 3D 47 5B 42 5D 3B 65 6E 64 3B 65 6E 64  |[A]=G[B];end;end|
000155A0  3B 65 6C 73 65 20 69 66 20 41 3D 3D 30 62 31 30  |;else if A==0b10|
000155B0  30 31 30 30 5F 30 31 20 74 68 65 6E 20 65 5B 42  |0100_01 then e[B|
000155C0  5B 41 4B 5D 5D 3D 65 5B 42 5B 4B 4D 5D 5D 2B 42  |[AK]]=e[B[KM]]+B|
000155D0  5B 30 78 34 5D 3B 65 6C 73 65 20 4C 5B 42 5B 4B  |[0x4];else L[B[K|
000155E0  4D 5D 5D 3D 65 5B 42 5B 41 4B 5D 5D 3B 65 6E 64  |M]]=e[B[AK]];end|
000155F0  3B 65 6E 64 3B 65 6E 64 3B 65 6E 64 3B 65 6E 64  |;end;end;end;end|
00015600  3B 4D 3D 47 5B 4D 5D 3B 65 6E 64 3B 65 6E 64 3B  |;M=G[M];end;end;|
00015610  65 6E 64 3B 6C 6F 63 61 6C 20 67 57 3D 28 78 29  |end;local gW=(x)|
00015620  5B 30 62 31 31 30 30 5F 31 31 30 30 5F 30 31 31  |[0b1100_1100_011|
00015630  5D 28 78 2C 62 42 29 3B 6C 6F 63 61 6C 20 71 70  |](x,bB);local qp|
00015640  3D 78 5B 30 58 36 5F 62 5D 28 78 29 3B 6C 6F 63  |=x[0X6_b](x);loc|
00015650  61 6C 20 77 4E 3D 78 5B 30 58 37 37 5F 45 5D 28  |al wN=x[0X77_E](|
00015660  78 2C 67 57 29 3B 78 5B 35 36 5D 28 71 70 2C 77  |x,gW);x[56](qp,w|
00015670  4E 29 3B 28 78 29 5B 30 78 34 34 5F 36 5D 28 49  |N);(x)[0x44_6](I|
00015680  2C 71 70 29 3B 72 65 74 75 72 6E 20 49 28 28 78  |,qp);return I((x|
00015690  29 5B 30 78 35 5F 45 33 5D 28 78 2C 42 46 29 2C  |)[0x5_E3](x,BF),|
000156A0  5A 56 2C 67 57 29 3B 65 6E 64 3B 78 5B 31 5F 32  |ZV,gW);end;x[1_2|
000156B0  31 36 5D 3D 6C 64 3B 65 6C 73 65 20 6C 6F 63 61  |16]=ld;else loca|
000156C0  6C 20 6A 63 3D 28 78 29 5B 30 78 33 5F 37 36 5D  |l jc=(x)[0x3_76]|
000156D0  28 36 39 2C 31 39 31 29 3B 65 6E 64 3B 72 65 74  |(69,191);end;ret|
000156E0  75 72 6E 20 6C 64 28 78 2C 42 46 2C 5A 56 2C 62  |urn ld(x,BF,ZV,b|
000156F0  42 2C 6D 57 29 3B 65 6E 64 2C 5B 30 58 36 5F 37  |B,mW);end,[0X6_7|
00015700  5D 3D 66 75 6E 63 74 69 6F 6E 28 2E 2E 2E 29 28  |]=function(...)(|
00015710  2E 2E 2E 29 5B 2E 2E 2E 5D 3D 28 7B 7D 29 5B 32  |...)[...]=({})[2|
00015720  5F 33 38 32 5F 33 37 36 5D 3B 65 6E 64 2C 5B 30  |_382_376];end,[0|
00015730  62 31 30 31 30 5F 30 31 5F 30 31 30 30 30 5D 3D  |b1010_01_01000]=|
00015740  66 75 6E 63 74 69 6F 6E 28 78 2C 43 75 29 6C 6F  |function(x,Cu)lo|
00015750  63 61 6C 20 43 61 3D 78 5B 30 78 37 5F 38 5F 33  |cal Ca=x[0x7_8_3|
00015760  5D 3B 69 66 20 6E 6F 74 20 43 61 20 74 68 65 6E  |];if not Ca then|
00015770  20 6C 6F 63 61 6C 20 42 54 3D 78 5B 30 42 31 31  | local BT=x[0B11|
00015780  31 30 30 5F 31 31 31 30 5F 31 5D 28 30 42 31 31  |100_1110_1](0B11|
00015790  31 31 30 2C 30 58 32 63 29 3B 43 61 3D 66 75 6E  |110,0X2c);Ca=fun|
000157A0  63 74 69 6F 6E 28 78 2C 43 75 29 69 66 28 28 28  |ction(x,Cu)if(((|
000157B0  32 2A 30 62 31 31 31 30 2B 34 30 29 25 30 78 64  |2*0b1110+40)%0xd|
000157C0  36 7E 3D 37 35 29 29 74 68 65 6E 20 6C 6F 63 61  |6~=75))then loca|
000157D0  6C 20 76 79 2C 7A 49 3D 30 62 31 30 31 30 31 30  |l vy,zI=0b101010|
000157E0  3B 6C 6F 63 61 6C 20 6B 57 3D 35 36 3B 6C 6F 63  |;local kW=56;loc|
000157F0  61 6C 20 50 43 2C 66 58 3B 6C 6F 63 61 6C 20 49  |al PC,fX;local I|
00015800  76 3D 30 42 31 31 31 30 5F 30 5F 30 3B 6C 6F 63  |v=0B1110_0_0;loc|
00015810  61 6C 20 6A 72 3D 31 30 30 3B 72 65 70 65 61 74  |al jr=100;repeat|
00015820  20 69 66 28 28 6B 57 2B 6A 72 29 3D 3D 28 49 76  | if((kW+jr)==(Iv|
00015830  2B 6A 72 29 29 74 68 65 6E 20 50 43 3D 28 78 29  |+jr))then PC=(x)|
00015840  5B 30 62 31 30 5F 30 31 30 30 5F 30 5F 30 30 30  |[0b10_0100_0_000|
00015850  5F 31 5D 28 66 58 20 6F 72 20 37 34 2C 30 78 61  |_1](fX or 74,0xa|
00015860  5F 38 37 32 29 3B 6B 57 3D 30 78 39 43 3B 63 6F  |_872);kW=0x9C;co|
00015870  6E 74 69 6E 75 65 3B 65 6C 73 65 69 66 28 28 6B  |ntinue;elseif((k|
00015880  57 2D 6A 72 29 3D 3D 49 76 29 74 68 65 6E 20 66  |W-jr)==Iv)then f|
00015890  58 3D 78 5B 30 62 31 31 31 30 30 31 31 5F 31 30  |X=x[0b1110011_10|
000158A0  31 5D 28 50 43 20 6F 72 20 30 58 41 5F 38 37 5F  |1](PC or 0XA_87_|
000158B0  32 2C 30 62 31 30 30 31 30 31 30 29 3B 62 72 65  |2,0b1001010);bre|
000158C0  61 6B 3B 65 6C 73 65 20 62 72 65 61 6B 3B 65 6E  |ak;else break;en|
000158D0  64 3B 75 6E 74 69 6C 20 66 61 6C 73 65 3B 69 66  |d;until false;if|
000158E0  20 78 5B 30 62 31 31 30 31 31 31 30 31 5F 31 5F  | x[0b11011101_1_|
000158F0  30 5D 28 50 43 2C 66 58 29 7E 3D 30 42 31 5F 30  |0](PC,fX)~=0B1_0|
00015900  31 30 5F 31 30 30 30 5F 30 30 31 5F 31 30 5F 30  |10_1000_001_10_0|
00015910  30 30 20 74 68 65 6E 20 72 65 74 75 72 6E 20 65  |00 then return e|
00015920  6E 64 3B 72 65 70 65 61 74 20 69 66 20 76 79 3D  |nd;repeat if vy=|
00015930  3D 30 58 32 61 20 74 68 65 6E 20 43 75 3D 78 5B  |=0X2a then Cu=x[|
00015940  30 58 33 5F 39 44 5D 28 7A 49 20 6F 72 20 31 34  |0X3_9D](zI or 14|
00015950  39 2C 34 33 5F 34 35 36 29 3B 6B 57 3D 78 5B 30  |9,43_456);kW=x[0|
00015960  58 32 64 43 5D 28 78 2C 30 78 36 2C 30 62 31 30  |X2dC](x,0x6,0b10|
00015970  5F 31 5F 30 31 30 5F 30 31 31 5F 31 30 30 30 5F  |_1_010_011_1000_|
00015980  30 30 30 29 3B 76 79 3D 30 78 38 5F 34 3B 63 6F  |000);vy=0x8_4;co|
00015990  6E 74 69 6E 75 65 3B 65 6C 73 65 69 66 20 76 79  |ntinue;elseif vy|
000159A0  3D 3D 31 33 32 20 74 68 65 6E 20 7A 49 3D 78 5B  |==132 then zI=x[|
000159B0  30 42 31 5F 31 30 31 31 31 30 5F 31 31 30 5D 28  |0B1_101110_110](|
000159C0  43 75 20 6F 72 20 30 42 31 30 31 5F 30 5F 31 30  |Cu or 0B101_0_10|
000159D0  30 31 31 5F 31 30 30 30 30 30 5F 30 2C 30 42 31  |011_100000_0,0B1|
000159E0  30 31 5F 31 5F 30 5F 30 5F 30 29 3B 69 66 28 78  |01_1_0_0_0);if(x|
000159F0  29 5B 30 42 31 30 30 30 30 31 5F 30 5F 31 30 5F  |)[0B100001_0_10_|
00015A00  31 30 5D 74 68 65 6E 20 50 43 3D 74 72 75 65 3B  |10]then PC=true;|
00015A10  6C 6F 63 61 6C 20 71 4D 3D 7B 46 43 3D 78 5B 30  |local qM={FC=x[0|
00015A20  62 31 5F 30 5F 30 30 30 31 30 31 30 5F 31 5F 30  |b1_0_0001010_1_0|
00015A30  5D 2C 43 41 3D 30 62 31 2C 55 4B 3D 28 78 29 5B  |],CA=0b1,UK=(x)[|
00015A40  30 78 42 30 5D 28 38 29 2C 4B 63 3D 28 28 30 58  |0xB0](8),Kc=((0X|
00015A50  36 32 29 2B 28 30 78 36 29 29 2C 6F 55 3D 78 5B  |62)+(0x6)),oU=x[|
00015A60  30 42 31 31 5F 30 31 31 31 30 31 31 30 5D 28 28  |0B11_01110110]((|
00015A70  28 38 38 30 5F 36 32 38 5F 31 39 38 29 2D 30 62  |(880_628_198)-0b|
00015A80  31 5F 30 5F 30 5F 31 30 5F 31 2D 31 35 29 2C 78  |1_0_0_10_1-15),x|
00015A90  5B 30 78 33 39 44 5D 28 78 5B 30 42 31 5F 30 5F  |[0x39D](x[0B1_0_|
00015AA0  30 5F 30 31 30 30 5F 31 5F 31 5D 2A 28 28 30 78  |0_0100_1_1]*((0x|
00015AB0  31 5F 30 5F 31 30 31 33 33 29 2D 28 30 58 33 5F  |1_0_10133)-(0X3_|
00015AC0  32 29 29 2C 30 78 46 46 5F 46 46 5F 46 66 66 66  |2)),0xFF_FF_Ffff|
00015AD0  29 29 7D 3B 78 5B 30 58 37 35 5F 31 5D 28 30 42  |))};x[0X75_1](0B|
00015AE0  30 29 5B 78 5B 30 58 31 38 32 5D 28 78 2C 31 30  |0)[x[0X182](x,10|
00015AF0  2C 30 78 34 65 2C 30 62 31 31 5F 30 5F 30 31 31  |,0x4e,0b11_0_011|
00015B00  31 29 5D 3D 78 5B 30 58 31 31 33 5D 3B 78 5B 30  |1)]=x[0X113];x[0|
00015B10  62 31 30 30 30 5F 31 31 5F 31 31 31 31 30 5D 28  |b1000_11_11110](|
00015B20  78 29 3B 78 5B 30 62 31 5F 30 5F 31 30 5F 30 31  |x);x[0b1_0_10_01|
00015B30  30 31 30 5F 31 5F 30 5D 28 78 2C 71 4D 29 3B 6C  |010_1_0](x,qM);l|
00015B40  6F 63 61 6C 20 52 62 3D 78 5B 30 58 36 5F 30 41  |ocal Rb=x[0X6_0A|
00015B50  5D 28 78 2C 71 4D 29 3B 78 5B 30 62 31 5F 30 30  |](x,qM);x[0b1_00|
00015B60  5F 30 30 31 30 31 5F 30 31 5F 30 5D 3D 28 7B 7D  |_00101_01_0]=({}|
00015B70  29 5B 30 62 31 5F 31 30 5F 31 30 5F 30 30 31 30  |)[0b1_10_10_0010|
00015B80  5F 30 30 30 5F 31 31 30 30 30 31 31 31 31 5F 30  |_000_110001111_0|
00015B90  30 5D 3B 78 5B 30 62 31 30 30 30 31 30 30 5F 31  |0];x[0b1000100_1|
00015BA0  5F 31 5D 3D 28 7B 7D 29 5B 30 62 31 5F 31 5F 31  |_1]=({})[0b1_1_1|
00015BB0  5F 31 31 30 5F 30 31 5F 31 31 5F 31 30 31 5F 30  |_110_01_11_101_0|
00015BC0  5F 31 30 30 5F 31 5F 31 5F 30 31 31 5F 30 5D 3B  |_100_1_1_011_0];|
00015BD0  71 4D 2E 46 43 3D 28 7B 7D 29 5B 30 58 37 32 5F  |qM.FC=({})[0X72_|
00015BE0  34 5F 66 5F 42 5F 33 5D 3B 71 4D 2E 6F 55 3D 28  |4_f_B_3];qM.oU=(|
00015BF0  7B 7D 29 5B 30 78 32 42 37 32 32 5F 63 5D 3B 6C  |{})[0x2B722_c];l|
00015C00  6F 63 61 6C 20 4D 53 3D 66 75 6E 63 74 69 6F 6E  |ocal MS=function|
00015C10  28 2E 2E 2E 29 72 65 74 75 72 6E 20 78 5B 39 38  |(...)return x[98|
00015C20  34 5D 28 78 2C 2E 2E 2E 29 65 6E 64 3B 72 65 74  |4](x,...)end;ret|
00015C30  75 72 6E 20 78 5B 30 42 31 30 5F 30 31 31 5F 30  |urn x[0B10_011_0|
00015C40  31 5F 30 5F 30 5D 28 78 2C 52 62 2C 7B 7D 2C 78  |1_0_0](x,Rb,{},x|
00015C50  5B 30 78 37 35 31 5D 28 30 62 30 29 2C 4D 53 29  |[0x751](0b0),MS)|
00015C60  28 29 3B 65 6C 73 65 20 50 43 3D 66 61 6C 73 65  |();else PC=false|
00015C70  3B 65 6E 64 3B 69 66 20 50 43 20 74 68 65 6E 20  |;end;if PC then |
00015C80  66 58 3D 78 5B 30 42 31 5F 31 30 31 5F 31 31 30  |fX=x[0B1_101_110|
00015C90  5F 31 31 5F 30 5D 28 7A 49 20 6F 72 20 30 42 31  |_11_0](zI or 0B1|
00015CA0  30 5F 31 31 30 30 5F 30 2C 31 34 39 29 3B 65 6C  |0_1100_0,149);el|
00015CB0  73 65 20 66 58 3D 78 5B 30 62 31 31 5F 30 31 31  |se fX=x[0b11_011|
00015CC0  30 5F 31 31 5F 30 31 30 5D 28 66 75 6E 63 74 69  |0_11_010](functi|
00015CD0  6F 6E 28 29 72 65 74 75 72 6E 20 78 5B 30 78 32  |on()return x[0x2|
00015CE0  5F 44 63 5D 28 78 2C 30 42 31 31 5F 30 2C 30 78  |_Dc](x,0B11_0,0x|
00015CF0  41 39 5F 43 5F 30 29 65 6E 64 29 3B 65 6E 64 3B  |A9_C_0)end);end;|
00015D00  76 79 3D 30 62 31 5F 31 5F 31 30 30 30 5F 31 30  |vy=0b1_1_1000_10|
00015D10  3B 62 72 65 61 6B 3B 65 6C 73 65 20 62 72 65 61  |;break;else brea|
00015D20  6B 3B 65 6E 64 3B 75 6E 74 69 6C 20 66 61 6C 73  |k;end;until fals|
00015D30  65 3B 72 65 74 75 72 6E 20 76 79 3B 65 6C 73 65  |e;return vy;else|
00015D40  20 72 65 74 75 72 6E 20 43 75 3B 65 6E 64 3B 65  | return Cu;end;e|
00015D50  6E 64 3B 78 5B 30 42 31 31 5F 31 31 5F 30 30 30  |nd;x[0B11_11_000|
00015D60  30 5F 30 5F 31 5F 31 5D 3D 43 61 3B 65 6C 73 65  |0_0_1_1]=Ca;else|
00015D70  20 6C 6F 63 61 6C 20 42 54 3D 78 5B 30 62 31 31  | local BT=x[0b11|
00015D80  30 31 5F 31 5F 31 5F 30 31 31 30 5D 28 30 42 31  |01_1_1_0110](0B1|
00015D90  31 31 31 30 2C 30 58 32 63 29 3B 65 6E 64 3B 72  |1110,0X2c);end;r|
00015DA0  65 74 75 72 6E 20 43 61 28 78 2C 43 75 29 3B 65  |eturn Ca(x,Cu);e|
00015DB0  6E 64 2C 5B 30 58 43 43 5D 3D 62 75 66 66 65 72  |nd,[0XCC]=buffer|
00015DC0  2E 72 65 61 64 69 33 32 2C 5B 37 33 34 5D 3D 7B  |.readi32,[734]={|
00015DD0  30 78 38 39 2C 32 32 35 2C 30 42 31 5F 30 5F 31  |0x89,225,0B1_0_1|
00015DE0  31 31 30 30 31 2C 31 32 34 2C 30 42 31 30 5F 30  |11001,124,0B10_0|
00015DF0  5F 31 31 31 31 31 2C 30 78 32 32 2C 31 38 37 2C  |_11111,0x22,187,|
00015E00  30 78 34 5F 38 2C 34 37 2C 30 78 61 37 2C 30 78  |0x4_8,47,0xa7,0x|
00015E10  31 62 2C 32 32 30 7D 2C 5B 30 42 31 5F 31 5F 30  |1b,220},[0B1_1_0|
00015E20  31 31 31 30 5F 31 31 31 5D 3D 62 75 66 66 65 72  |1110_111]=buffer|
00015E30  2E 72 65 61 64 66 36 34 2C 5B 30 58 34 34 5F 32  |.readf64,[0X44_2|
00015E40  5D 3D 66 75 6E 63 74 69 6F 6E 28 78 2C 56 73 2C  |]=function(x,Vs,|
00015E50  69 54 2C 6A 75 2C 6D 65 2C 4D 71 2C 41 68 29 4D  |iT,ju,me,Mq,Ah)M|
00015E60  71 3D 4D 71 20 6F 72 20 30 78 30 3B 41 68 3D 41  |q=Mq or 0x0;Ah=A|
00015E70  68 20 6F 72 20 30 42 30 3B 6C 6F 63 61 6C 20 65  |h or 0B0;local e|
00015E80  64 3D 78 5B 30 58 33 39 44 5D 28 28 28 30 58 31  |d=x[0X39D](((0X1|
00015E90  65 64 5F 65 29 2B 28 31 32 29 29 2B 69 54 2A 37  |ed_e)+(12))+iT*7|
00015EA0  35 2B 4D 71 2A 30 42 31 31 30 31 5F 30 30 5F 31  |5+Mq*0B1101_00_1|
00015EB0  5F 30 2B 41 68 2A 28 28 30 42 31 30 5F 30 30 30  |_0+Ah*((0B10_000|
00015EC0  30 29 2D 28 30 62 31 5F 30 30 30 5F 30 29 29 2C  |0)-(0b1_000_0)),|
00015ED0  28 28 30 78 31 5F 35 5F 38 29 2D 30 58 32 38 2D  |((0x1_5_8)-0X28-|
00015EE0  30 42 31 5F 31 30 30 30 31 29 29 3B 6C 6F 63 61  |0B1_10001));loca|
00015EF0  6C 20 61 4D 3B 69 66 20 6A 75 3D 3D 31 20 74 68  |l aM;if ju==1 th|
00015F00  65 6E 20 61 4D 3D 22 22 3B 66 6F 72 20 64 6D 3D  |en aM="";for dm=|
00015F10  30 62 31 2C 23 6D 65 20 64 6F 20 54 70 3D 28 78  |0b1,#me do Tp=(x|
00015F20  29 5B 31 36 32 5D 28 6D 65 2C 64 6D 2C 64 6D 29  |)[162](me,dm,dm)|
00015F30  3B 61 4D 3D 61 4D 2E 2E 78 5B 31 5F 38 33 35 5D  |;aM=aM..x[1_835]|
00015F40  5B 78 5B 38 38 36 5D 28 54 70 2C 28 65 64 2B 64  |[x[886](Tp,(ed+d|
00015F50  6D 2A 28 28 30 78 34 43 29 2B 28 30 62 31 31 30  |m*((0x4C)+(0b110|
00015F60  5F 30 30 30 29 29 29 25 30 62 31 30 30 5F 30 5F  |_000)))%0b100_0_|
00015F70  30 30 5F 30 30 30 29 5D 3B 65 6E 64 3B 65 6C 73  |00_000)];end;els|
00015F80  65 69 66 20 6A 75 3D 3D 30 78 30 20 74 68 65 6E  |eif ju==0x0 then|
00015F90  20 61 4D 3D 6D 65 2B 65 64 2B 28 69 54 2A 28 28  | aM=me+ed+(iT*((|
00015FA0  30 62 31 31 31 31 5F 30 30 5F 30 30 30 5F 30 30  |0b1111_00_000_00|
00015FB0  31 31 31 30 29 2D 30 42 31 31 5F 31 5F 30 5F 31  |1110)-0B11_1_0_1|
00015FC0  2D 32 37 29 29 3B 65 6C 73 65 69 66 20 6A 75 3D  |-27));elseif ju=|
00015FD0  3D 28 28 30 58 32 39 29 2D 28 30 58 32 37 29 29  |=((0X29)-(0X27))|
00015FE0  74 68 65 6E 20 61 4D 3D 65 64 2B 28 6D 65 20 61  |then aM=ed+(me a|
00015FF0  6E 64 20 30 58 31 20 6F 72 20 30 42 30 29 3B 65  |nd 0X1 or 0B0);e|
00016000  6C 73 65 20 61 4D 3D 6D 65 3B 65 6E 64 3B 56 73  |lse aM=me;end;Vs|
00016010  5B 2D 28 69 54 2A 28 28 30 62 31 30 30 30 30 31  |[-(iT*((0b100001|
00016020  30 31 30 31 30 5F 31 30 29 2D 30 62 31 5F 31 30  |01010_10)-0b1_10|
00016030  31 31 2D 30 58 32 5F 38 29 2B 28 28 30 78 38 5F  |11-0X2_8)+((0x8_|
00016040  43 29 2D 28 30 78 32 45 29 29 29 5D 3D 7B 61 4D  |C)-(0x2E)))]={aM|
00016050  2C 6A 75 2C 65 64 7D 3B 65 6E 64 2C 5B 31 5F 31  |,ju,ed};end,[1_1|
00016060  35 33 5D 3D 62 69 74 33 32 2E 62 6F 72 2C 5B 30  |53]=bit32.bor,[0|
00016070  62 31 31 31 30 30 31 5F 30 30 5F 30 31 31 5D 3D  |b111001_00_011]=|
00016080  30 42 31 31 5F 31 5F 31 30 31 2C 5B 30 62 31 31  |0B11_1_101,[0b11|
00016090  30 5F 31 31 5F 30 31 5D 3D 66 75 6E 63 74 69 6F  |0_11_01]=functio|
000160A0  6E 28 78 2C 4A 47 2C 54 77 29 6C 6F 63 61 6C 20  |n(x,JG,Tw)local |
000160B0  46 74 3D 78 5B 30 42 31 30 31 31 5F 30 30 5F 30  |Ft=x[0B1011_00_0|
000160C0  30 5D 28 54 77 29 3B 66 6F 72 20 64 49 3D 30 62  |0](Tw);for dI=0b|
000160D0  30 2C 54 77 2D 30 42 31 20 64 6F 20 78 5B 36 36  |0,Tw-0B1 do x[66|
000160E0  31 5D 28 46 74 2C 64 49 2C 28 78 29 5B 30 42 31  |1](Ft,dI,(x)[0B1|
000160F0  30 31 30 5F 31 30 5F 30 31 31 31 5F 30 5D 28 78  |010_10_0111_0](x|
00016100  2C 4A 47 29 29 3B 65 6E 64 3B 72 65 74 75 72 6E  |,JG));end;return|
00016110  20 46 74 3B 65 6E 64 2C 5B 30 62 31 30 5F 30 31  | Ft;end,[0b10_01|
00016120  30 31 31 30 5F 31 30 31 5D 3D 7B 30 58 34 30 35  |0110_101]={0X405|
00016130  46 32 35 2C 30 42 31 5F 30 31 31 30 31 5F 31 30  |F25,0B1_01101_10|
00016140  31 31 31 30 5F 31 5F 30 2C 30 78 36 2C 30 58 35  |1110_1_0,0x6,0X5|
00016150  35 31 38 35 35 2C 30 78 41 5F 46 37 38 61 63 2C  |51855,0xA_F78ac,|
00016160  30 58 31 5F 46 42 46 65 5F 35 2C 30 78 31 66 5F  |0X1_FBFe_5,0x1f_|
00016170  42 46 65 35 2C 30 42 31 5F 30 5F 30 30 31 31 5F  |BFe5,0B1_0_0011_|
00016180  30 31 30 30 5F 30 5F 30 30 30 30 31 5F 30 30 30  |0100_0_00001_000|
00016190  5F 30 31 31 5F 31 5F 30 2C 34 5F 32 31 38 5F 36  |_011_1_0,4_218_6|
000161A0  36 31 2C 30 62 31 30 31 30 5F 31 5F 31 30 31 5F  |61,0b1010_1_101_|
000161B0  31 30 30 5F 31 30 5F 30 5F 30 5F 31 30 30 30 30  |100_10_0_0_10000|
000161C0  30 31 5F 31 30 2C 30 42 31 31 31 31 30 2C 30 62  |01_10,0B11110,0b|
000161D0  31 5F 30 31 30 30 31 5F 30 31 31 31 30 30 30 31  |1_01001_01110001|
000161E0  30 31 31 5F 31 5F 30 5F 31 30 5F 30 2C 30 42 31  |011_1_0_10_0,0B1|
000161F0  31 31 31 30 2C 30 78 33 46 32 35 2C 30 58 35 66  |1110,0x3F25,0X5f|
00016200  5F 35 65 2C 30 62 31 5F 31 30 31 31 5F 31 30 31  |_5e,0b1_1011_101|
00016210  30 30 31 5F 31 5F 30 31 5F 30 30 30 5F 31 31 30  |001_1_01_000_110|
00016220  31 30 30 31 2C 31 30 35 7D 2C 5B 37 38 34 5D 3D  |1001,105},[784]=|
00016230  74 6F 73 74 72 69 6E 67 2C 5B 30 58 34 66 43 5D  |tostring,[0X4fC]|
00016240  3D 66 75 6E 63 74 69 6F 6E 28 78 2C 76 6D 2C 76  |=function(x,vm,v|
00016250  6D 2C 4B 6E 2C 43 55 2C 6F 6C 29 6C 6F 63 61 6C  |m,Kn,CU,ol)local|
00016260  20 4A 58 3D 7B 7D 3B 4A 58 5B 30 42 31 30 31 5F  | JX={};JX[0B101_|
00016270  31 5F 30 5F 31 30 31 5F 31 31 31 30 5F 31 31 5D  |1_0_101_1110_11]|
00016280  3D 28 28 28 30 42 31 5F 31 31 30 31 30 31 5F 31  |=(((0B1_110101_1|
00016290  30 31 5F 30 2B 30 78 39 46 3E 30 58 39 5F 46 29  |01_0+0x9F>0X9_F)|
000162A0  61 6E 64 20 30 62 31 30 5F 30 30 5F 30 5F 30 31  |and 0b10_00_0_01|
000162B0  5F 31 31 31 5F 30 5F 30 5F 31 30 5F 30 31 20 6F  |_111_0_0_10_01 o|
000162C0  72 20 30 58 38 33 5F 63 61 29 29 3B 72 65 74 75  |r 0X83_ca));retu|
000162D0  72 6E 20 4A 58 5B 30 58 32 64 37 62 5D 65 6E 64  |rn JX[0X2d7b]end|
000162E0  2C 5B 30 42 31 5F 30 5F 31 30 31 30 30 5F 31 30  |,[0B1_0_10100_10|
000162F0  5F 31 5D 3D 66 75 6E 63 74 69 6F 6E 28 78 2C 41  |_1]=function(x,A|
00016300  2C 6B 2C 54 2C 58 29 69 66 28 28 28 30 42 31 5F  |,k,T,X)if(((0B1_|
00016310  31 5F 31 5F 30 31 3C 30 42 31 31 5F 31 31 5F 31  |1_1_01<0B11_11_1|
00016320  20 61 6E 64 20 30 42 31 31 31 31 31 3C 30 58 33  | and 0B11111<0X3|
00016330  5F 63 29 6F 72 28 30 78 33 62 5F 33 31 7E 3D 31  |_c)or(0x3b_31~=1|
00016340  35 5F 31 36 35 29 29 29 74 68 65 6E 20 6C 6F 63  |5_165)))then loc|
00016350  61 6C 20 6C 4F 3D 36 37 3B 6C 6F 63 61 6C 20 6E  |al lO=67;local n|
00016360  4C 2C 4D 79 3B 6C 6F 63 61 6C 20 65 3D 30 42 31  |L,My;local e=0B1|
00016370  30 30 5F 30 30 31 31 3B 6C 6F 63 61 6C 20 6C 3D  |00_0011;local l=|
00016380  30 62 31 30 30 31 30 31 30 3B 72 65 70 65 61 74  |0b1001010;repeat|
00016390  20 69 66 28 28 6C 4F 2B 6C 29 3D 3D 28 65 2B 6C  | if((lO+l)==(e+l|
000163A0  29 29 74 68 65 6E 20 6E 4C 3D 78 5B 31 5F 31 35  |))then nL=x[1_15|
000163B0  33 5D 28 4D 79 20 6F 72 20 37 35 2C 30 62 31 5F  |3](My or 75,0b1_|
000163C0  30 31 5F 31 5F 30 31 31 5F 30 30 31 5F 30 5F 30  |01_1_011_001_0_0|
000163D0  5F 30 31 31 30 29 3B 6C 4F 3D 30 78 38 44 3B 63  |_0110);lO=0x8D;c|
000163E0  6F 6E 74 69 6E 75 65 3B 65 6C 73 65 69 66 28 28  |ontinue;elseif((|
000163F0  6C 4F 2D 6C 29 3D 3D 65 29 74 68 65 6E 20 4D 79  |lO-l)==e)then My|
00016400  3D 78 5B 39 32 35 5D 28 6E 4C 20 6F 72 20 30 62  |=x[925](nL or 0b|
00016410  31 30 31 31 5F 30 31 31 5F 30 30 31 30 30 30 31  |1011_011_0010001|
00016420  31 5F 30 2C 30 78 34 5F 62 29 3B 62 72 65 61 6B  |1_0,0x4_b);break|
00016430  3B 65 6C 73 65 20 62 72 65 61 6B 3B 65 6E 64 3B  |;else break;end;|
00016440  75 6E 74 69 6C 20 66 61 6C 73 65 3B 69 66 20 78  |until false;if x|
00016450  5B 30 58 33 37 36 5D 28 6E 4C 2C 4D 79 29 7E 3D  |[0X376](nL,My)~=|
00016460  30 42 31 30 31 5F 31 30 5F 31 31 30 30 30 30 30  |0B101_10_1100000|
00016470  5F 30 31 5F 30 30 20 74 68 65 6E 20 72 65 74 75  |_01_00 then retu|
00016480  72 6E 20 65 6E 64 3B 72 65 74 75 72 6E 7B 28 66  |rn end;return{(f|
00016490  75 6E 63 74 69 6F 6E 28 72 58 2C 6E 7A 29 6C 6F  |unction(rX,nz)lo|
000164A0  63 61 6C 20 4A 5A 3D 7B 7D 3B 6C 6F 63 61 6C 20  |cal JZ={};local |
000164B0  4E 6E 3D 78 5B 39 32 35 5D 28 28 41 29 2A 30 42  |Nn=x[925]((A)*0B|
000164C0  31 30 30 5F 30 5F 31 2B 30 58 31 2C 30 78 66 5F  |100_0_1+0X1,0xf_|
000164D0  66 29 3B 6C 6F 63 61 6C 20 63 54 3D 28 78 29 5B  |f);local cT=(x)[|
000164E0  30 58 33 39 44 5D 28 28 41 29 2A 30 58 31 46 2B  |0X39D]((A)*0X1F+|
000164F0  30 58 31 2C 30 78 46 66 29 3B 66 6F 72 20 43 72  |0X1,0xFf);for Cr|
00016500  3D 30 42 30 5F 30 31 2C 23 78 5B 30 42 31 30 31  |=0B0_01,#x[0B101|
00016510  5F 31 30 31 5F 31 31 31 30 5D 64 6F 20 6C 6F 63  |_101_1110]do loc|
00016520  61 6C 20 6B 63 3D 28 78 29 5B 30 78 33 39 64 5D  |al kc=(x)[0x39d]|
00016530  28 28 41 29 2B 43 72 2A 4E 6E 2B 28 43 72 25 30  |((A)+Cr*Nn+(Cr%0|
00016540  62 31 5F 31 5F 31 31 31 30 31 31 29 2A 63 54 2C  |b1_1_111011)*cT,|
00016550  30 62 31 31 5F 31 31 5F 31 31 31 5F 31 29 3B 4A  |0b11_11_111_1);J|
00016560  5A 5B 43 72 5D 3D 78 5B 30 58 33 39 44 5D 28 78  |Z[Cr]=x[0X39D](x|
00016570  5B 30 42 31 31 5F 30 5F 31 5F 31 31 30 31 31 30  |[0B11_0_1_110110|
00016580  5D 28 78 5B 30 62 31 5F 31 5F 30 31 31 5F 31 30  |](x[0b1_1_011_10|
00016590  5F 31 31 30 5D 28 78 5B 37 33 34 5D 5B 43 72 5D  |_110](x[734][Cr]|
000165A0  2C 78 5B 30 42 31 31 30 31 30 31 30 5F 30 5D 29  |,x[0B1101010_0])|
000165B0  2C 6B 63 29 2C 30 78 66 46 29 3B 65 6E 64 3B 72  |,kc),0xfF);end;r|
000165C0  65 74 75 72 6E 7B 4A 5A 2C 28 78 29 5B 30 58 33  |eturn{JZ,(x)[0X3|
000165D0  37 5F 36 5D 28 30 78 45 38 2C 78 5B 39 32 35 5D  |7_6](0xE8,x[925]|
000165E0  28 28 41 29 2B 30 62 31 31 31 31 5F 31 31 5F 30  |((A)+0b1111_11_0|
000165F0  5F 31 2A 4E 6E 2B 28 32 35 33 25 32 35 31 29 2A  |_1*Nn+(253%251)*|
00016600  63 54 2C 32 35 35 29 29 2C 28 78 29 5B 30 42 31  |cT,255)),(x)[0B1|
00016610  31 30 5F 31 31 31 30 31 31 30 5D 28 30 42 31 5F  |10_1110110](0B1_|
00016620  31 30 31 30 30 30 2C 28 78 29 5B 39 32 35 5D 28  |101000,(x)[925](|
00016630  28 41 29 2B 30 78 66 65 2A 4E 6E 2B 28 30 78 46  |(A)+0xfe*Nn+(0xF|
00016640  5F 65 25 30 62 31 31 31 5F 31 5F 31 30 5F 31 31  |_e%0b111_1_10_11|
00016650  29 2A 63 54 2C 30 58 46 66 29 29 2C 78 5B 38 38  |)*cT,0XFf)),x[88|
00016660  36 5D 28 28 28 30 58 61 34 29 2D 30 78 32 42 2D  |6](((0Xa4)-0x2B-|
00016670  30 62 31 5F 31 30 30 30 30 29 2C 28 78 29 5B 30  |0b1_10000),(x)[0|
00016680  42 31 31 5F 31 30 30 31 5F 31 31 30 31 5D 28 28  |B11_1001_1101]((|
00016690  41 29 2B 30 58 46 5F 66 2A 4E 6E 2B 28 32 35 35  |A)+0XF_f*Nn+(255|
000166A0  25 32 35 31 29 2A 63 54 2C 30 78 46 5F 66 29 29  |%251)*cT,0xF_f))|
000166B0  7D 3B 65 6E 64 29 28 30 62 31 5F 30 5F 30 5F 31  |};end)(0b1_0_0_1|
000166C0  30 2C 30 58 31 34 29 2C 78 5B 30 58 32 30 42 5D  |0,0X14),x[0X20B]|
000166D0  28 78 5B 30 42 31 31 5F 30 30 30 30 5F 30 31 5F  |(x[0B11_0000_01_|
000166E0  30 5D 28 78 2C 78 5B 30 78 44 34 5D 2C 78 5B 30  |0](x,x[0xD4],x[0|
000166F0  58 34 62 5F 61 5D 28 28 78 29 5B 30 78 36 5F 42  |X4b_a]((x)[0x6_B|
00016700  43 5D 29 29 29 7D 3B 65 6C 73 65 20 72 65 74 75  |C])))};else retu|
00016710  72 6E 20 78 5B 30 62 31 30 30 5F 31 30 30 30 30  |rn x[0b100_10000|
00016720  30 5F 30 31 5D 28 6E 4C 20 6F 72 20 30 42 31 30  |0_01](nL or 0B10|
00016730  30 30 30 31 5F 31 2C 30 78 38 44 29 65 6E 64 3B  |0001_1,0x8D)end;|
00016740  65 6E 64 2C 5B 30 62 31 31 30 5F 30 30 5F 31 5F  |end,[0b110_00_1_|
00016750  31 30 5F 30 5F 30 5D 3D 66 75 6E 63 74 69 6F 6E  |10_0_0]=function|
00016760  28 78 2C 55 68 2C 55 68 2C 6C 62 29 6C 62 5B 28  |(x,Uh,Uh,lb)lb[(|
00016770  28 35 38 29 2D 28 30 62 31 30 30 30 5F 31 29 29  |(58)-(0b1000_1))|
00016780  5D 3D 6E 69 6C 3B 6C 62 5B 28 28 30 78 33 39 29  |]=nil;lb[((0x39)|
00016790  2B 28 30 42 31 30 5F 31 31 5F 30 31 29 29 5D 3D  |+(0B10_11_01))]=|
000167A0  6E 69 6C 3B 6C 62 5B 28 28 32 37 30 29 2D 28 36  |nil;lb[((270)-(6|
000167B0  33 29 29 5D 3D 6E 69 6C 3B 6C 62 5B 30 42 31 31  |3))]=nil;lb[0B11|
000167C0  5F 31 31 5F 31 5F 31 31 31 5D 3D 6E 69 6C 3B 6C  |_11_1_111]=nil;l|
000167D0  62 5B 30 58 31 34 5F 66 5D 3D 6E 69 6C 3B 6C 62  |b[0X14_f]=nil;lb|
000167E0  5B 28 28 30 78 31 61 64 29 2D 28 30 62 31 5F 30  |[((0x1ad)-(0b1_0|
000167F0  30 30 30 5F 30 30 29 29 5D 3D 6E 69 6C 3B 55 68  |000_00))]=nil;Uh|
00016800  3D 6E 69 6C 3B 72 65 74 75 72 6E 20 55 68 20 65  |=nil;return Uh e|
00016810  6E 64 2C 5B 30 42 31 31 31 5F 30 31 5F 30 30 31  |nd,[0B111_01_001|
00016820  30 30 5D 3D 66 75 6E 63 74 69 6F 6E 28 78 2C 66  |00]=function(x,f|
00016830  2C 6D 2C 72 2C 58 29 72 65 74 75 72 6E 20 78 5B  |,m,r,X)return x[|
00016840  31 5F 38 37 33 5D 28 29 5B 27 5C 78 36 37 5C 75  |1_873]()['\x67\u|
00016850  7B 30 30 36 35 7D 5C 31 31 36 6D 5C 78 36 35 5C  |{0065}\116m\x65\|
00016860  75 7B 30 30 37 34 7D 5C 30 39 37 74 5C 78 36 31  |u{0074}\097t\x61|
00016870  5C 75 7B 30 30 36 32 7D 5C 31 30 38 65 27 5D 28  |\u{0062}\108e'](|
00016880  66 29 65 6E 64 2C 5B 31 5F 37 38 37 5D 3D 30 78  |f)end,[1_787]=0x|
00016890  37 5F 31 2C 5B 30 58 35 43 38 5D 3D 30 62 31 31  |7_1,[0X5C8]=0b11|
000168A0  5F 31 5F 31 5F 31 30 31 2C 5B 30 42 31 31 31 31  |_1_1_101,[0B1111|
000168B0  30 31 5F 30 31 5F 30 5F 30 30 5D 3D 30 42 31 5F  |01_01_0_00]=0B1_|
000168C0  30 5F 31 5F 31 31 30 5F 31 2C 5B 30 58 37 33 5D  |0_1_110_1,[0X73]|
000168D0  3D 66 75 6E 63 74 69 6F 6E 28 78 2C 65 4A 29 72  |=function(x,eJ)r|
000168E0  65 74 75 72 6E 28 78 29 5B 30 62 31 5F 30 30 5F  |eturn(x)[0b1_00_|
000168F0  31 31 31 5F 31 5F 30 30 31 5F 31 5D 28 78 5B 30  |111_1_001_1](x[0|
00016900  78 33 31 5F 30 5D 28 65 4A 29 2C 30 62 31 5F 31  |x31_0](eJ),0b1_1|
00016910  31 29 65 6E 64 2C 5B 30 62 31 30 5F 30 5F 31 31  |1)end,[0b10_0_11|
00016920  31 31 31 5F 31 5D 3D 66 75 6E 63 74 69 6F 6E 28  |111_1]=function(|
00016930  78 2C 56 71 2C 44 6B 2C 68 67 29 6C 6F 63 61 6C  |x,Vq,Dk,hg)local|
00016940  20 4D 61 3D 23 56 71 3B 6C 6F 63 61 6C 20 55 69  | Ma=#Vq;local Ui|
00016950  3B 69 66 20 44 6B 3D 3D 30 78 30 20 74 68 65 6E  |;if Dk==0x0 then|
00016960  20 55 69 3D 28 28 28 31 32 38 29 2D 31 33 2D 30  | Ui=(((128)-13-0|
00016970  58 42 29 2B 28 28 30 62 31 30 30 30 5F 30 31 29  |XB)+((0b1000_01)|
00016980  2D 28 34 29 29 2A 68 67 2B 31 37 2A 4D 61 2B 30  |-(4))*hg+17*Ma+0|
00016990  42 31 31 5F 30 30 30 5F 31 29 25 30 62 31 30 5F  |B11_000_1)%0b10_|
000169A0  30 30 5F 30 30 30 30 30 3B 65 6C 73 65 69 66 20  |00_00000;elseif |
000169B0  44 6B 3D 3D 30 58 31 20 74 68 65 6E 20 55 69 3D  |Dk==0X1 then Ui=|
000169C0  78 5B 30 62 31 31 30 31 31 31 5F 30 5F 31 31 30  |x[0b110111_0_110|
000169D0  5D 28 28 28 30 62 31 31 5F 30 31 5F 31 5F 30 30  |](((0b11_01_1_00|
000169E0  29 2D 28 30 62 31 30 30 29 29 2C 28 28 28 30 62  |)-(0b100)),(((0b|
000169F0  31 5F 31 30 31 5F 31 31 5F 31 29 2D 34 32 2D 32  |1_101_11_1)-42-2|
00016A00  36 29 2A 68 67 2B 28 28 30 78 33 37 29 2D 30 58  |6)*hg+((0x37)-0X|
00016A10  32 34 2D 30 42 31 30 30 30 29 2A 4D 61 2B 30 42  |24-0B1000)*Ma+0B|
00016A20  31 30 31 30 5F 30 31 5F 31 31 29 25 28 28 30 78  |1010_01_11)%((0x|
00016A30  31 30 43 29 2D 28 30 42 31 31 30 30 29 29 29 3B  |10C)-(0B1100)));|
00016A40  65 6C 73 65 69 66 20 44 6B 3D 3D 32 20 74 68 65  |elseif Dk==2 the|
00016A50  6E 20 55 69 3D 28 28 28 30 42 31 5F 30 31 31 5F  |n Ui=(((0B1_011_|
00016A60  30 5F 31 30 31 29 2D 30 58 32 61 2D 30 78 32 33  |0_101)-0X2a-0x23|
00016A70  29 2B 30 78 33 5F 64 2A 68 67 2B 30 62 31 5F 31  |)+0x3_d*hg+0b1_1|
00016A80  2A 4D 61 2B 30 78 35 44 29 25 28 28 30 78 64 41  |*Ma+0x5D)%((0xdA|
00016A90  29 2B 28 33 38 29 29 3B 65 6C 73 65 69 66 20 44  |)+(38));elseif D|
00016AA0  6B 3D 3D 30 62 31 5F 31 20 74 68 65 6E 20 55 69  |k==0b1_1 then Ui|
00016AB0  3D 28 78 5B 30 62 31 31 5F 30 31 31 31 30 5F 31  |=(x[0b11_01110_1|
00016AC0  31 30 5D 28 30 78 36 38 2C 30 78 64 33 29 2B 30  |10](0x68,0xd3)+0|
00016AD0  42 31 30 31 5F 31 31 31 2A 68 67 2B 35 2A 4D 61  |B101_111*hg+5*Ma|
00016AE0  29 25 30 78 31 5F 30 5F 30 3B 65 6C 73 65 20 55  |)%0x1_0_0;else U|
00016AF0  69 3D 28 78 5B 38 38 36 5D 28 30 62 31 31 30 31  |i=(x[886](0b1101|
00016B00  30 30 30 2C 44 6B 29 2B 68 67 2B 4D 61 2B 30 42  |000,Dk)+hg+Ma+0B|
00016B10  31 31 5F 30 31 5F 30 30 31 31 29 25 30 58 31 30  |11_01_0011)%0X10|
00016B20  5F 30 20 65 6E 64 3B 6C 6F 63 61 6C 20 51 71 3D  |_0 end;local Qq=|
00016B30  22 22 3B 66 6F 72 20 4A 61 3D 31 2C 4D 61 20 64  |"";for Ja=1,Ma d|
00016B40  6F 20 6C 6F 63 61 6C 20 53 44 3D 78 5B 31 36 32  |o local SD=x[162|
00016B50  5D 28 56 71 2C 4A 61 2C 4A 61 29 3B 6C 6F 63 61  |](Vq,Ja,Ja);loca|
00016B60  6C 20 50 5A 3B 69 66 20 44 6B 3D 3D 30 62 30 20  |l PZ;if Dk==0b0 |
00016B70  74 68 65 6E 20 6C 6F 63 61 6C 20 73 6C 3D 28 55  |then local sl=(U|
00016B80  69 2B 28 28 31 30 32 29 2D 30 78 32 5F 32 2D 30  |i+((102)-0x2_2-0|
00016B90  62 31 31 30 31 5F 31 31 29 2A 4A 61 2B 38 37 29  |b1101_11)*Ja+87)|
00016BA0  25 30 42 31 30 5F 30 30 30 5F 30 5F 30 30 30 3B  |%0B10_000_0_000;|
00016BB0  50 5A 3D 28 53 44 2D 73 6C 29 25 30 78 31 5F 30  |PZ=(SD-sl)%0x1_0|
00016BC0  30 3B 55 69 3D 28 55 69 2B 50 5A 2B 30 62 31 31  |0;Ui=(Ui+PZ+0b11|
00016BD0  5F 31 2A 4A 61 2B 30 78 33 44 29 25 30 62 31 5F  |_1*Ja+0x3D)%0b1_|
00016BE0  30 30 5F 30 30 30 30 30 5F 30 3B 65 6C 73 65 69  |00_00000_0;elsei|
00016BF0  66 20 44 6B 3D 3D 31 20 74 68 65 6E 20 6C 6F 63  |f Dk==1 then loc|
00016C00  61 6C 20 73 6C 3D 28 55 69 2B 30 58 32 35 2A 4A  |al sl=(Ui+0X25*J|
00016C10  61 2B 28 28 30 58 61 38 29 2D 28 30 58 33 44 29  |a+((0Xa8)-(0X3D)|
00016C20  29 29 25 28 28 30 58 31 30 65 29 2D 28 30 78 65  |))%((0X10e)-(0xe|
00016C30  29 29 3B 50 5A 3D 78 5B 30 62 31 5F 31 30 31 5F  |));PZ=x[0b1_101_|
00016C40  31 5F 31 30 31 5F 31 5F 30 5D 28 53 44 2C 73 6C  |1_101_1_0](SD,sl|
00016C50  29 3B 55 69 3D 28 55 69 2B 53 44 2B 28 28 30 62  |);Ui=(Ui+SD+((0b|
00016C60  31 5F 30 31 31 5F 30 5F 30 29 2D 28 30 78 31 5F  |1_011_0_0)-(0x1_|
00016C70  39 29 29 2A 4A 61 2B 30 58 32 31 29 25 28 28 30  |9))*Ja+0X21)%((0|
00016C80  58 64 66 29 2B 28 30 62 31 30 30 5F 30 5F 30 5F  |Xdf)+(0b100_0_0_|
00016C90  31 29 29 3B 65 6C 73 65 69 66 20 44 6B 3D 3D 30  |1));elseif Dk==0|
00016CA0  58 32 20 74 68 65 6E 20 6C 6F 63 61 6C 20 62 77  |X2 then local bw|
00016CB0  3D 30 62 31 2B 28 28 55 69 2B 4A 61 2B 68 67 29  |=0b1+((Ui+Ja+hg)|
00016CC0  25 28 28 30 78 31 33 5F 41 29 2D 28 30 42 31 31  |%((0x13_A)-(0B11|
00016CD0  31 30 31 30 29 29 29 25 30 58 37 3B 6C 6F 63 61  |1010)))%0X7;loca|
00016CE0  6C 20 4A 6E 3D 30 62 31 5F 30 5E 62 77 3B 6C 6F  |l Jn=0b1_0^bw;lo|
00016CF0  63 61 6C 20 4E 71 3D 28 53 44 2D 53 44 25 4A 6E  |cal Nq=(SD-SD%Jn|
00016D00  29 2F 4A 6E 2B 28 53 44 25 4A 6E 29 2A 30 78 32  |)/Jn+(SD%Jn)*0x2|
00016D10  5E 28 28 28 30 78 34 5F 33 29 2D 28 35 39 29 29  |^(((0x4_3)-(59))|
00016D20  2D 62 77 29 3B 6C 6F 63 61 6C 20 73 6C 3D 28 55  |-bw);local sl=(U|
00016D30  69 2B 28 28 30 62 31 30 30 31 31 30 5F 31 29 2D  |i+((0b100110_1)-|
00016D40  30 78 65 2D 30 42 31 5F 30 5F 31 5F 30 30 30 29  |0xe-0B1_0_1_000)|
00016D50  2A 4A 61 2B 30 42 31 30 30 31 30 31 30 31 29 25  |*Ja+0B10010101)%|
00016D60  28 28 30 62 31 5F 30 31 5F 30 5F 30 31 30 30 5F  |((0b1_01_0_0100_|
00016D70  31 29 2D 30 58 32 5F 36 2D 30 42 31 5F 30 30 30  |1)-0X2_6-0B1_000|
00016D80  31 31 29 3B 50 5A 3D 78 5B 30 42 31 31 5F 30 5F  |11);PZ=x[0B11_0_|
00016D90  31 31 5F 31 30 5F 31 31 30 5D 28 4E 71 2C 73 6C  |11_10_110](Nq,sl|
00016DA0  29 3B 55 69 3D 28 55 69 2B 50 5A 2B 53 44 2B 28  |);Ui=(Ui+PZ+SD+(|
00016DB0  28 30 78 33 5F 43 29 2D 28 30 62 31 31 31 30 31  |(0x3_C)-(0b11101|
00016DC0  29 29 2A 4A 61 2B 28 28 30 62 31 31 30 31 5F 31  |))*Ja+((0b1101_1|
00016DD0  30 5F 31 29 2D 30 62 31 31 30 5F 31 5F 30 31 2D  |0_1)-0b110_1_01-|
00016DE0  30 62 31 30 30 30 30 31 29 29 25 28 28 30 62 31  |0b100001))%((0b1|
00016DF0  5F 30 31 30 31 31 30 31 5F 31 29 2D 30 78 31 5F  |_0101101_1)-0x1_|
00016E00  43 2D 30 58 33 66 29 3B 65 6C 73 65 20 6C 6F 63  |C-0X3f);else loc|
00016E10  61 6C 20 73 6C 3D 28 55 69 2B 30 58 32 39 2A 4A  |al sl=(Ui+0X29*J|
00016E20  61 2B 34 37 29 25 30 78 31 30 5F 30 3B 6C 6F 63  |a+47)%0x10_0;loc|
00016E30  61 6C 20 42 5A 3D 28 53 44 2B 73 6C 29 25 28 28  |al BZ=(SD+sl)%((|
00016E40  30 62 31 30 5F 30 30 30 31 31 30 5F 31 29 2D 28  |0b10_000110_1)-(|
00016E50  31 33 29 29 3B 50 5A 3D 28 42 5A 25 28 28 30 58  |13));PZ=(BZ%((0X|
00016E60  31 42 29 2D 30 58 35 2D 30 78 36 29 29 2A 30 42  |1B)-0X5-0x6))*0B|
00016E70  31 5F 30 30 30 30 2B 28 42 5A 2D 42 5A 25 30 78  |1_0000+(BZ-BZ%0x|
00016E80  31 30 29 2F 28 28 30 78 34 34 29 2D 30 42 31 30  |10)/((0x44)-0B10|
00016E90  5F 30 5F 30 2D 30 78 32 63 29 3B 55 69 3D 28 55  |_0_0-0x2c);Ui=(U|
00016EA0  69 2B 50 5A 2B 30 42 31 31 2A 53 44 2B 30 78 31  |i+PZ+0B11*SD+0x1|
00016EB0  31 2A 4A 61 2B 31 31 35 29 25 30 58 31 30 30 3B  |1*Ja+115)%0X100;|
00016EC0  65 6E 64 3B 51 71 3D 51 71 2E 2E 78 5B 30 62 31  |end;Qq=Qq..x[0b1|
00016ED0  5F 31 31 30 5F 30 31 30 5F 31 5F 30 31 5F 31 5D  |_110_010_1_01_1]|
00016EE0  5B 50 5A 5D 3B 65 6E 64 3B 72 65 74 75 72 6E 20  |[PZ];end;return |
00016EF0  51 71 3B 65 6E 64 2C 5B 33 33 31 5D 3D 72 61 77  |Qq;end,[331]=raw|
00016F00  67 65 74 2C 5B 30 62 31 31 5F 30 31 30 5F 31 5F  |get,[0b11_010_1_|
00016F10  31 31 31 5F 30 30 5D 3D 7B 35 38 7D 2C 5B 32 33  |111_00]={58},[23|
00016F20  39 5D 3D 66 75 6E 63 74 69 6F 6E 28 78 2C 45 41  |9]=function(x,EA|
00016F30  2C 71 65 29 6C 6F 63 61 6C 20 59 68 3D 45 41 5B  |,qe)local Yh=EA[|
00016F40  71 65 5D 3B 69 66 20 59 68 7E 3D 28 7B 7D 29 5B  |qe];if Yh~=({})[|
00016F50  30 58 36 32 35 41 66 33 5D 74 68 65 6E 20 72 65  |0X625Af3]then re|
00016F60  74 75 72 6E 20 59 68 20 65 6E 64 3B 6C 6F 63 61  |turn Yh end;loca|
00016F70  6C 20 48 70 3D 45 41 5B 2D 28 71 65 2A 28 28 30  |l Hp=EA[-(qe*((0|
00016F80  78 31 30 5F 38 5F 64 29 2D 28 30 78 32 5F 36 29  |x10_8_d)-(0x2_6)|
00016F90  29 2B 39 34 29 5D 3B 69 66 20 6E 6F 74 20 48 70  |)+94)];if not Hp|
00016FA0  20 74 68 65 6E 20 72 65 74 75 72 6E 20 6E 69 6C  | then return nil|
00016FB0  20 65 6E 64 3B 6C 6F 63 61 6C 20 42 55 3D 48 70  | end;local BU=Hp|
00016FC0  5B 30 62 31 30 5D 3B 6C 6F 63 61 6C 20 5A 4A 3D  |[0b10];local ZJ=|
00016FD0  48 70 5B 30 42 30 5F 30 31 5D 3B 6C 6F 63 61 6C  |Hp[0B0_01];local|
00016FE0  20 43 44 3D 48 70 5B 28 28 33 33 29 2D 30 58 31  | CD=Hp[((33)-0X1|
00016FF0  37 2D 30 62 31 31 31 29 5D 6F 72 20 30 78 30 3B  |7-0b111)]or 0x0;|
00017000  69 66 20 42 55 3D 3D 30 42 31 30 20 74 68 65 6E  |if BU==0B10 then|
00017010  20 6C 6F 63 61 6C 20 59 68 3D 28 28 28 5A 4A 2D  | local Yh=(((ZJ-|
00017020  43 44 29 25 30 42 31 5F 30 29 3D 3D 30 78 31 29  |CD)%0B1_0)==0x1)|
00017030  3B 45 41 5B 71 65 5D 3D 59 68 3B 72 65 74 75 72  |;EA[qe]=Yh;retur|
00017040  6E 20 59 68 3B 65 6C 73 65 69 66 20 42 55 3D 3D  |n Yh;elseif BU==|
00017050  28 28 2D 30 62 31 31 5F 31 31 31 29 2B 28 30 62  |((-0b11_111)+(0b|
00017060  31 5F 31 31 5F 31 31 29 29 74 68 65 6E 20 6C 6F  |1_11_11))then lo|
00017070  63 61 6C 20 59 68 3D 5A 4A 2D 43 44 2D 28 71 65  |cal Yh=ZJ-CD-(qe|
00017080  2A 33 30 5F 36 37 38 29 3B 45 41 5B 71 65 5D 3D  |*30_678);EA[qe]=|
00017090  59 68 3B 72 65 74 75 72 6E 20 59 68 3B 65 6C 73  |Yh;return Yh;els|
000170A0  65 69 66 20 42 55 3D 3D 28 28 32 31 29 2D 28 30  |eif BU==((21)-(0|
000170B0  58 31 34 29 29 74 68 65 6E 20 6C 6F 63 61 6C 20  |X14))then local |
000170C0  7A 4C 3D 22 22 3B 66 6F 72 20 51 68 3D 30 42 30  |zL="";for Qh=0B0|
000170D0  5F 30 31 2C 23 5A 4A 20 64 6F 20 7A 4C 3D 7A 4C  |_01,#ZJ do zL=zL|
000170E0  2E 2E 78 5B 30 42 31 31 5F 31 5F 30 30 31 5F 30  |..x[0B11_1_001_0|
000170F0  31 30 5F 31 5F 31 5D 5B 78 5B 30 58 33 37 36 5D  |10_1_1][x[0X376]|
00017100  28 78 5B 30 58 61 32 5D 28 5A 4A 2C 51 68 2C 51  |(x[0Xa2](ZJ,Qh,Q|
00017110  68 29 2C 28 43 44 2B 51 68 2A 28 28 30 62 31 5F  |h),(CD+Qh*((0b1_|
00017120  30 31 30 30 30 30 29 2B 28 30 42 31 30 31 31 30  |010000)+(0B10110|
00017130  30 29 29 29 25 28 28 32 34 36 29 2B 28 30 62 31  |0)))%((246)+(0b1|
00017140  30 5F 31 5F 30 29 29 29 5D 3B 65 6E 64 3B 6C 6F  |0_1_0)))];end;lo|
00017150  63 61 6C 20 59 68 3D 7A 4C 3B 45 41 5B 71 65 5D  |cal Yh=zL;EA[qe]|
00017160  3D 59 68 3B 72 65 74 75 72 6E 20 59 68 3B 65 6E  |=Yh;return Yh;en|
00017170  64 3B 45 41 5B 71 65 5D 3D 5A 4A 3B 72 65 74 75  |d;EA[qe]=ZJ;retu|
00017180  72 6E 20 5A 4A 3B 65 6E 64 2C 5B 36 33 30 5D 3D  |rn ZJ;end,[630]=|
00017190  66 75 6E 63 74 69 6F 6E 28 78 2C 59 63 29 6C 6F  |function(x,Yc)lo|
000171A0  63 61 6C 20 4A 63 3D 59 63 2E 55 4B 3B 78 5B 30  |cal Jc=Yc.UK;x[0|
000171B0  78 32 5F 39 5F 35 5D 28 4A 63 2C 30 2C 78 5B 30  |x2_9_5](Jc,0,x[0|
000171C0  42 31 5F 30 5F 31 30 5F 30 30 5F 31 30 5F 31 5F  |B1_0_10_00_10_1_|
000171D0  31 30 5D 28 78 2C 59 63 29 29 3B 78 5B 30 42 31  |10](x,Yc));x[0B1|
000171E0  5F 30 31 5F 30 30 31 30 31 30 31 5D 28 4A 63 2C  |_01_0010101](Jc,|
000171F0  30 42 31 2C 78 5B 30 42 31 30 31 30 5F 30 30 31  |0B1,x[0B1010_001|
00017200  30 5F 31 31 5F 30 5D 28 78 2C 59 63 29 29 3B 78  |0_11_0](x,Yc));x|
00017210  5B 30 62 31 5F 30 31 5F 30 5F 30 31 30 31 5F 30  |[0b1_01_0_0101_0|
00017220  31 5D 28 4A 63 2C 30 42 31 30 2C 78 5B 30 62 31  |1](Jc,0B10,x[0b1|
00017230  30 5F 31 30 30 5F 30 5F 31 5F 30 31 5F 31 30 5D  |0_100_0_1_01_10]|
00017240  28 78 2C 59 63 29 29 3B 78 5B 30 78 32 39 35 5D  |(x,Yc));x[0x295]|
00017250  28 4A 63 2C 33 2C 78 5B 30 62 31 30 31 5F 30 5F  |(Jc,3,x[0b101_0_|
00017260  30 30 31 30 31 31 30 5D 28 78 2C 59 63 29 29 3B  |0010110](x,Yc));|
00017270  72 65 74 75 72 6E 20 78 5B 32 30 34 5D 28 4A 63  |return x[204](Jc|
00017280  2C 30 78 30 29 3B 65 6E 64 2C 5B 30 78 34 5F 37  |,0x0);end,[0x4_7|
00017290  65 5D 3D 66 75 6E 63 74 69 6F 6E 28 78 29 6C 6F  |e]=function(x)lo|
000172A0  63 61 6C 20 7A 6F 2C 7A 72 3D 28 78 29 5B 30 62  |cal zo,zr=(x)[0b|
000172B0  31 5F 31 31 30 31 5F 30 5F 31 31 31 30 30 5D 2C  |1_1101_0_11100],|
000172C0  78 5B 31 5F 30 35 33 5D 3B 66 6F 72 20 4B 70 3D  |x[1_053];for Kp=|
000172D0  30 78 30 2C 30 62 31 31 30 31 30 20 64 6F 20 7A  |0x0,0b11010 do z|
000172E0  6F 5B 4B 70 2B 30 42 30 5F 30 31 5D 3D 28 28 28  |o[Kp+0B0_01]=(((|
000172F0  4B 70 2A 28 28 30 78 34 5F 41 29 2D 28 30 78 33  |Kp*((0x4_A)-(0x3|
00017300  61 29 29 2B 34 29 25 28 28 2D 30 58 31 34 29 2B  |a))+4)%((-0X14)+|
00017310  28 30 62 31 30 31 31 5F 31 31 29 29 29 2A 31 5F  |(0b1011_11)))*1_|
00017320  33 32 35 29 3B 7A 72 5B 4B 70 2B 30 42 30 5F 30  |325);zr[Kp+0B0_0|
00017330  31 5D 3D 28 28 28 30 58 41 38 29 2D 28 30 62 31  |1]=(((0XA8)-(0b1|
00017340  5F 31 5F 30 31 31 31 29 29 2B 4B 70 2A 28 28 30  |_1_0111))+Kp*((0|
00017350  62 31 30 5F 31 30 30 30 30 30 29 2D 30 58 35 2D  |b10_100000)-0X5-|
00017360  30 58 38 29 2B 28 4B 70 25 28 28 30 42 31 31 5F  |0X8)+(Kp%((0B11_|
00017370  31 31 5F 30 5F 31 31 30 29 2B 28 35 29 29 29 2A  |11_0_110)+(5)))*|
00017380  30 42 31 30 31 5F 30 30 5F 31 30 31 29 25 30 42  |0B101_00_101)%0B|
00017390  31 30 30 5F 30 30 30 30 30 5F 30 3B 65 6E 64 3B  |100_00000_0;end;|
000173A0  65 6E 64 2C 5B 30 58 36 30 61 5D 3D 66 75 6E 63  |end,[0X60a]=func|
000173B0  74 69 6F 6E 28 78 2C 62 58 2C 4C 46 2C 59 62 29  |tion(x,bX,LF,Yb)|
000173C0  6C 6F 63 61 6C 20 71 4E 3D 78 5B 30 62 31 5F 30  |local qN=x[0b1_0|
000173D0  31 31 30 30 31 5F 30 5F 30 30 31 5D 3B 69 66 20  |11001_0_001];if |
000173E0  6E 6F 74 20 71 4E 20 74 68 65 6E 20 6C 6F 63 61  |not qN then loca|
000173F0  6C 20 65 54 3D 78 5B 39 32 35 5D 28 32 35 2C 30  |l eT=x[925](25,0|
00017400  42 31 31 30 30 31 30 5F 30 5F 30 29 3B 71 4E 3D  |B110010_0_0);qN=|
00017410  66 75 6E 63 74 69 6F 6E 28 78 2C 62 58 2C 4C 46  |function(x,bX,LF|
00017420  2C 59 62 29 4C 46 3D 4C 46 20 6F 72 20 30 42 30  |,Yb)LF=LF or 0B0|
00017430  3B 59 62 3D 59 62 20 6F 72 20 30 58 36 32 31 5F  |;Yb=Yb or 0X621_|
00017440  36 30 35 62 46 3B 6C 6F 63 61 6C 20 69 58 2C 6F  |605bF;local iX,o|
00017450  4E 2C 62 67 2C 74 4C 3D 7B 7D 2C 7B 7D 2C 7B 7D  |N,bg,tL={},{},{}|
00017460  2C 7B 7D 3B 6C 6F 63 61 6C 20 4E 46 3D 7B 69 58  |,{};local NF={iX|
00017470  2C 6F 4E 2C 6E 69 6C 2C 62 67 2C 6E 69 6C 2C 74  |,oN,nil,bg,nil,t|
00017480  4C 7D 3B 6C 6F 63 61 6C 20 55 64 2C 69 57 2C 49  |L};local Ud,iW,I|
00017490  69 3B 55 64 3D 78 5B 30 62 31 5F 30 5F 31 30 30  |i;Ud=x[0b1_0_100|
000174A0  5F 30 31 30 31 5F 31 5F 30 5D 28 78 2C 62 58 29  |_0101_1_0](x,bX)|
000174B0  3B 66 6F 72 20 45 74 3D 30 58 31 2C 55 64 20 64  |;for Et=0X1,Ud d|
000174C0  6F 20 6C 6F 63 61 6C 20 71 42 3D 78 5B 30 42 31  |o local qB=x[0B1|
000174D0  5F 30 31 30 30 30 5F 31 30 31 31 30 5D 28 78 2C  |_01000_10110](x,|
000174E0  62 58 29 3B 28 78 29 5B 30 62 31 30 30 5F 31 30  |bX);(x)[0b100_10|
000174F0  30 31 31 5F 31 5F 30 30 5D 28 78 2C 62 58 29 3B  |011_1_00](x,bX);|
00017500  69 66 20 71 42 3D 3D 30 42 31 20 74 68 65 6E 20  |if qB==0B1 then |
00017510  55 64 3D 78 5B 30 78 34 39 5F 63 5D 28 78 2C 62  |Ud=x[0x49_c](x,b|
00017520  58 29 3B 66 6F 72 20 45 74 3D 30 78 31 2C 55 64  |X);for Et=0x1,Ud|
00017530  20 64 6F 20 6C 6F 63 61 6C 20 5A 41 3D 78 5B 30  | do local ZA=x[0|
00017540  42 31 30 30 31 5F 30 30 31 31 31 30 30 5D 28 78  |B1001_0011100](x|
00017550  2C 62 58 29 3B 6C 6F 63 61 6C 20 73 63 3D 78 5B  |,bX);local sc=x[|
00017560  30 62 31 30 5F 31 30 5F 30 5F 30 31 30 31 31 5F  |0b10_10_0_01011_|
00017570  30 5D 28 78 2C 62 58 29 3B 6C 6F 63 61 6C 20 46  |0](x,bX);local F|
00017580  42 3B 69 66 20 73 63 3D 3D 30 42 31 30 20 74 68  |B;if sc==0B10 th|
00017590  65 6E 20 46 42 3D 28 78 5B 30 62 31 30 31 30 30  |en FB=(x[0b10100|
000175A0  30 5F 31 5F 30 31 31 30 5D 28 78 2C 62 58 29 7E  |0_1_0110](x,bX)~|
000175B0  3D 30 62 30 29 3B 65 6C 73 65 69 66 20 73 63 3D  |=0b0);elseif sc=|
000175C0  3D 28 28 34 36 29 2D 34 32 2D 34 29 74 68 65 6E  |=((46)-42-4)then|
000175D0  20 46 42 3D 78 5B 30 58 39 5F 46 5D 28 78 2C 62  | FB=x[0X9_F](x,b|
000175E0  58 29 3B 65 6C 73 65 69 66 20 73 63 3D 3D 28 28  |X);elseif sc==((|
000175F0  2D 36 31 29 2B 28 30 62 31 31 31 5F 31 31 30 29  |-61)+(0b111_110)|
00017600  29 74 68 65 6E 20 6C 6F 63 61 6C 20 44 6E 3D 78  |)then local Dn=x|
00017610  5B 30 58 35 5F 31 36 5D 28 78 2C 62 58 29 3B 6C  |[0X5_16](x,bX);l|
00017620  6F 63 61 6C 20 50 48 3D 78 5B 30 42 31 30 5F 31  |ocal PH=x[0B10_1|
00017630  30 30 30 5F 31 30 31 5F 31 30 5D 28 78 2C 62 58  |000_101_10](x,bX|
00017640  29 3B 6C 6F 63 61 6C 20 50 6C 3D 78 5B 30 42 31  |);local Pl=x[0B1|
00017650  30 5F 30 5F 31 31 31 5F 31 30 30 30 31 5D 28 78  |0_0_111_10001](x|
00017660  2C 62 58 2C 6E 69 6C 2C 4C 46 2C 59 62 2C 5A 41  |,bX,nil,LF,Yb,ZA|
00017670  29 3B 46 42 3D 78 5B 30 58 31 33 5F 46 5D 28 78  |);FB=x[0X13_F](x|
00017680  2C 50 6C 2C 44 6E 2C 50 48 29 3B 65 6E 64 3B 78  |,Pl,Dn,PH);end;x|
00017690  5B 30 42 31 30 30 5F 30 5F 31 30 5F 30 5F 30 30  |[0B100_0_10_0_00|
000176A0  31 30 5D 28 78 2C 62 67 2C 5A 41 2B 31 2C 73 63  |10](x,bg,ZA+1,sc|
000176B0  2C 46 42 2C 4C 46 2C 59 62 29 3B 65 6E 64 3B 65  |,FB,LF,Yb);end;e|
000176C0  6C 73 65 69 66 20 71 42 3D 3D 32 20 74 68 65 6E  |lseif qB==2 then|
000176D0  20 69 57 3D 28 78 29 5B 30 42 31 30 30 5F 31 30  | iW=(x)[0B100_10|
000176E0  5F 30 31 31 31 30 30 5D 28 78 2C 62 58 29 3B 6C  |_011100](x,bX);l|
000176F0  6F 63 61 6C 20 59 6E 3D 78 5B 30 42 31 30 30 5F  |ocal Yn=x[0B100_|
00017700  31 30 30 31 31 5F 31 30 5F 30 5D 28 78 2C 62 58  |10011_10_0](x,bX|
00017710  29 3B 4E 46 5B 28 28 2D 30 62 31 5F 30 30 30 5F  |);NF[((-0b1_000_|
00017720  30 29 2B 28 30 58 31 5F 35 29 29 5D 3D 59 6E 2B  |0)+(0X1_5))]=Yn+|
00017730  30 42 31 3B 4E 46 5B 30 78 36 5D 5B 30 42 30 5D  |0B1;NF[0x6][0B0]|
00017740  3D 59 6E 2B 30 42 30 5F 30 31 3B 6C 6F 63 61 6C  |=Yn+0B0_01;local|
00017750  20 59 49 2C 55 79 2C 46 6F 2C 42 45 2C 59 41 2C  | YI,Uy,Fo,BE,YA,|
00017760  4B 77 3D 7B 7D 2C 7B 7D 2C 7B 7D 2C 7B 7D 2C 7B  |Kw={},{},{},{},{|
00017770  7D 2C 7B 7D 3B 66 6F 72 20 45 74 3D 30 62 31 2C  |},{};for Et=0b1,|
00017780  69 57 20 64 6F 20 59 49 5B 45 74 5D 3D 78 5B 30  |iW do YI[Et]=x[0|
00017790  62 31 5F 30 30 31 30 5F 30 31 31 30 5D 28 78 2C  |b1_0010_0110](x,|
000177A0  62 58 29 3B 65 6E 64 3B 66 6F 72 20 45 74 3D 30  |bX);end;for Et=0|
000177B0  62 31 2C 69 57 20 64 6F 20 6C 6F 63 61 6C 20 5A  |b1,iW do local Z|
000177C0  41 3D 59 49 5B 45 74 5D 3B 6C 6F 63 61 6C 20 74  |A=YI[Et];local t|
000177D0  4C 3D 78 5B 30 62 31 5F 30 30 5F 31 30 5F 30 31  |L=x[0b1_00_10_01|
000177E0  5F 31 30 5D 28 78 2C 62 58 29 3B 4E 46 5B 28 28  |_10](x,bX);NF[((|
000177F0  30 42 31 31 31 31 5F 30 31 29 2D 30 78 65 2D 30  |0B1111_01)-0xe-0|
00017800  62 31 30 5F 31 5F 30 30 5F 31 29 5D 5B 5A 41 2B  |b10_1_00_1)][ZA+|
00017810  30 42 30 5F 30 31 5D 3D 28 74 4C 3D 3D 69 57 29  |0B0_01]=(tL==iW)|
00017820  61 6E 64 20 6E 69 6C 20 6F 72 20 74 4C 2B 30 42  |and nil or tL+0B|
00017830  30 5F 30 31 3B 65 6E 64 3B 66 6F 72 20 45 74 3D  |0_01;end;for Et=|
00017840  30 58 31 2C 69 57 20 64 6F 20 6C 79 3D 28 78 29  |0X1,iW do ly=(x)|
00017850  5B 32 39 34 5D 28 78 2C 62 58 29 3B 65 6E 64 3B  |[294](x,bX);end;|
00017860  66 6F 72 20 45 74 3D 30 78 31 2C 69 57 20 64 6F  |for Et=0x1,iW do|
00017870  20 49 52 3D 78 5B 30 42 31 5F 30 30 31 30 30 5F  | IR=x[0B1_00100_|
00017880  31 31 5F 30 5D 28 78 2C 62 58 29 3B 65 6E 64 3B  |11_0](x,bX);end;|
00017890  66 6F 72 20 45 74 3D 30 62 31 2C 69 57 20 64 6F  |for Et=0b1,iW do|
000178A0  20 55 79 5B 45 74 5D 3D 28 78 29 5B 31 5F 33 30  | Uy[Et]=(x)[1_30|
000178B0  32 5D 28 78 2C 62 58 29 3B 65 6E 64 3B 66 6F 72  |2](x,bX);end;for|
000178C0  20 45 74 3D 30 62 31 2C 69 57 20 64 6F 20 69 66  | Et=0b1,iW do if|
000178D0  20 78 5B 30 62 31 5F 31 30 30 30 5F 31 31 31 30  | x[0b1_1000_1110|
000178E0  31 31 5D 28 78 2C 55 79 5B 45 74 5D 2C 30 58 31  |11](x,Uy[Et],0X1|
000178F0  2C 30 78 31 29 3D 3D 30 62 30 20 74 68 65 6E 20  |,0x1)==0b0 then |
00017900  46 6F 5B 45 74 5D 3D 78 5B 30 42 31 30 30 31 30  |Fo[Et]=x[0B10010|
00017910  5F 30 31 31 5F 30 5D 28 78 2C 62 58 29 3B 65 6E  |_011_0](x,bX);en|
00017920  64 3B 65 6E 64 3B 66 6F 72 20 45 74 3D 30 62 31  |d;end;for Et=0b1|
00017930  2C 69 57 20 64 6F 20 69 66 20 78 5B 30 62 31 31  |,iW do if x[0b11|
00017940  5F 30 30 30 5F 31 31 5F 31 5F 30 31 31 5D 28 78  |_000_11_1_011](x|
00017950  2C 55 79 5B 45 74 5D 2C 31 2C 30 62 31 29 3D 3D  |,Uy[Et],1,0b1)==|
00017960  30 20 74 68 65 6E 20 42 45 5B 45 74 5D 3D 78 5B  |0 then BE[Et]=x[|
00017970  30 62 31 30 30 31 5F 30 5F 30 5F 31 31 30 5D 28  |0b1001_0_0_110](|
00017980  78 2C 62 58 29 3B 65 6E 64 3B 65 6E 64 3B 66 6F  |x,bX);end;end;fo|
00017990  72 20 45 74 3D 30 42 30 5F 30 31 2C 69 57 20 64  |r Et=0B0_01,iW d|
000179A0  6F 20 6C 6F 63 61 6C 20 6F 4F 3D 55 79 5B 45 74  |o local oO=Uy[Et|
000179B0  5D 3B 69 66 20 78 5B 30 62 31 31 30 5F 30 30 5F  |];if x[0b110_00_|
000179C0  31 5F 31 31 30 5F 31 31 5D 28 78 2C 6F 4F 2C 30  |1_110_11](x,oO,0|
000179D0  62 31 2C 31 29 3D 3D 30 62 30 20 74 68 65 6E 20  |b1,1)==0b0 then |
000179E0  6C 6F 63 61 6C 20 68 56 3D 78 5B 31 5F 35 39 35  |local hV=x[1_595|
000179F0  5D 28 78 2C 6F 4F 2C 30 42 31 30 2C 33 29 3B 6C  |](x,oO,0B10,3);l|
00017A00  6F 63 61 6C 20 56 75 3D 78 5B 30 78 31 32 5F 36  |ocal Vu=x[0x12_6|
00017A10  5D 28 78 2C 62 58 29 3B 69 66 20 68 56 3D 3D 32  |](x,bX);if hV==2|
00017A20  20 6F 72 20 68 56 3D 3D 30 62 31 5F 31 20 74 68  | or hV==0b1_1 th|
00017A30  65 6E 20 69 66 20 56 75 25 32 3D 3D 30 42 30 5F  |en if Vu%2==0B0_|
00017A40  30 31 20 74 68 65 6E 20 59 41 5B 45 74 5D 3D 2D  |01 then YA[Et]=-|
00017A50  28 28 56 75 2B 30 42 31 29 2F 30 62 31 30 29 3B  |((Vu+0B1)/0b10);|
00017A60  65 6C 73 65 20 59 41 5B 45 74 5D 3D 56 75 2F 30  |else YA[Et]=Vu/0|
00017A70  42 31 30 3B 65 6E 64 3B 65 6C 73 65 20 59 41 5B  |B10;end;else YA[|
00017A80  45 74 5D 3D 56 75 3B 65 6E 64 3B 65 6E 64 3B 65  |Et]=Vu;end;end;e|
00017A90  6E 64 3B 66 6F 72 20 45 74 3D 30 42 30 5F 30 31  |nd;for Et=0B0_01|
00017AA0  2C 69 57 20 64 6F 20 6C 6F 63 61 6C 20 6F 4F 3D  |,iW do local oO=|
00017AB0  55 79 5B 45 74 5D 3B 69 66 28 78 29 5B 30 42 31  |Uy[Et];if(x)[0B1|
00017AC0  31 30 30 5F 30 5F 31 31 5F 31 30 31 5F 31 5D 28  |100_0_11_101_1](|
00017AD0  78 2C 6F 4F 2C 30 42 30 5F 30 31 2C 30 62 31 29  |x,oO,0B0_01,0b1)|
00017AE0  3D 3D 30 78 30 20 74 68 65 6E 20 6C 6F 63 61 6C  |==0x0 then local|
00017AF0  20 68 56 3D 78 5B 31 5F 35 39 35 5D 28 78 2C 6F  | hV=x[1_595](x,o|
00017B00  4F 2C 30 58 32 2C 30 78 33 29 3B 69 66 20 68 56  |O,0X2,0x3);if hV|
00017B10  3D 3D 30 78 30 20 6F 72 20 68 56 3D 3D 33 20 74  |==0x0 or hV==3 t|
00017B20  68 65 6E 20 4B 77 5B 45 74 5D 3D 78 5B 30 62 31  |hen Kw[Et]=x[0b1|
00017B30  30 30 31 30 30 5F 31 31 30 5D 28 78 2C 62 58 29  |00100_110](x,bX)|
00017B40  3B 65 6E 64 3B 65 6E 64 3B 65 6E 64 3B 66 6F 72  |;end;end;end;for|
00017B50  20 45 74 3D 30 58 31 2C 69 57 20 64 6F 20 6C 6F  | Et=0X1,iW do lo|
00017B60  63 61 6C 20 6F 4F 3D 55 79 5B 45 74 5D 3B 69 66  |cal oO=Uy[Et];if|
00017B70  20 78 5B 31 5F 35 39 35 5D 28 78 2C 6F 4F 2C 31  | x[1_595](x,oO,1|
00017B80  2C 31 29 3D 3D 30 62 30 20 74 68 65 6E 20 6C 6F  |,1)==0b0 then lo|
00017B90  63 61 6C 20 5A 41 3D 59 49 5B 45 74 5D 3B 6C 6F  |cal ZA=YI[Et];lo|
00017BA0  63 61 6C 20 73 45 3D 78 5B 31 5F 35 39 35 5D 28  |cal sE=x[1_595](|
00017BB0  78 2C 6F 4F 2C 34 2C 28 28 33 34 29 2D 30 42 31  |x,oO,4,((34)-0B1|
00017BC0  30 5F 31 31 2D 30 58 31 31 29 29 3B 6C 6F 63 61  |0_11-0X11));loca|
00017BD0  6C 20 47 46 3D 7B 7D 3B 78 5B 30 58 32 5F 64 34  |l GF={};x[0X2_d4|
00017BE0  5D 28 78 2C 47 46 2C 46 6F 5B 45 74 5D 2C 42 45  |](x,GF,Fo[Et],BE|
00017BF0  5B 45 74 5D 2C 59 41 5B 45 74 5D 2C 4B 77 5B 45  |[Et],YA[Et],Kw[E|
00017C00  74 5D 2C 73 45 2C 62 67 2C 4C 46 2C 59 62 2C 5A  |t],sE,bg,LF,Yb,Z|
00017C10  41 2B 30 42 30 5F 30 31 29 3B 69 58 5B 5A 41 2B  |A+0B0_01);iX[ZA+|
00017C20  30 58 31 5D 3D 47 46 3B 65 6E 64 3B 65 6E 64 3B  |0X1]=GF;end;end;|
00017C30  65 6C 73 65 69 66 20 71 42 3D 3D 30 42 31 31 20  |elseif qB==0B11 |
00017C40  74 68 65 6E 20 49 69 3D 28 78 29 5B 30 42 31 30  |then Ii=(x)[0B10|
00017C50  30 31 30 30 31 5F 31 31 5F 30 5F 30 5D 28 78 2C  |01001_11_0_0](x,|
00017C60  62 58 29 3B 66 6F 72 20 45 74 3D 30 58 31 2C 49  |bX);for Et=0X1,I|
00017C70  69 20 64 6F 20 6C 6F 63 61 6C 20 5A 41 3D 78 5B  |i do local ZA=x[|
00017C80  30 62 31 5F 30 30 5F 31 30 30 31 31 31 30 30 5D  |0b1_00_10011100]|
00017C90  28 78 2C 62 58 29 3B 6C 6F 63 61 6C 20 4E 55 3D  |(x,bX);local NU=|
00017CA0  78 5B 30 62 31 30 30 5F 31 30 30 5F 31 31 31 5F  |x[0b100_100_111_|
00017CB0  30 5F 30 5D 28 78 2C 62 58 29 3B 6C 6F 63 61 6C  |0_0](x,bX);local|
00017CC0  20 46 4D 3D 78 5B 30 42 31 31 5F 31 5F 30 30 31  | FM=x[0B11_1_001|
00017CD0  31 5F 31 5F 30 31 5D 28 59 62 2A 30 42 31 31 30  |1_1_01](Yb*0B110|
00017CE0  31 31 31 31 31 31 30 30 30 30 30 30 31 2B 5A 41  |1111110000001+ZA|
00017CF0  2B 30 58 61 5F 34 34 38 2C 28 28 30 62 31 5F 30  |+0Xa_448,((0b1_0|
00017D00  30 30 5F 30 5F 30 30 30 30 30 5F 30 5F 30 30 5F  |00_0_00000_0_00_|
00017D10  30 30 30 5F 30 30 30 30 5F 30 30 30 5F 30 30 30  |000_0000_000_000|
00017D20  30 30 5F 30 30 31 31 5F 30 29 2D 28 30 78 37 29  |00_0011_0)-(0x7)|
00017D30  29 29 3B 6F 4E 5B 5A 41 5D 3D 78 5B 30 62 31 5F  |));oN[ZA]=x[0b1_|
00017D40  31 30 30 5F 30 30 30 31 5F 30 31 30 5D 28 78 2C  |100_0001_010](x,|
00017D50  62 58 2C 4C 46 2B 31 2C 46 4D 29 3B 65 6E 64 3B  |bX,LF+1,FM);end;|
00017D60  65 6C 73 65 69 66 20 71 42 3D 3D 30 42 31 30 30  |elseif qB==0B100|
00017D70  20 74 68 65 6E 20 4E 46 5B 30 78 33 5D 3D 28 78  | then NF[0x3]=(x|
00017D80  29 5B 30 42 31 30 31 5F 30 30 5F 30 31 30 31 31  |)[0B101_00_01011|
00017D90  5F 30 5D 28 78 2C 62 58 29 3B 65 6C 73 65 20 62  |_0](x,bX);else b|
00017DA0  58 2E 6F 55 3D 78 5B 38 38 36 5D 28 62 58 2E 6F  |X.oU=x[886](bX.o|
00017DB0  55 2C 28 28 30 62 31 31 30 30 5F 31 31 31 31 31  |U,((0b1100_11111|
00017DC0  31 30 31 31 31 5F 30 5F 31 5F 31 5F 30 31 5F 30  |10111_0_1_1_01_0|
00017DD0  5F 30 31 30 5F 30 5F 30 31 5F 31 31 31 5F 31 5F  |_010_0_01_111_1_|
00017DE0  31 29 2D 28 32 29 29 29 3B 62 58 2E 43 41 3D 62  |1)-(2)));bX.CA=b|
00017DF0  58 2E 43 41 2B 30 62 31 5F 30 5F 30 5F 30 30 20  |X.CA+0b1_0_0_00 |
00017E00  65 6E 64 3B 65 6E 64 3B 72 65 74 75 72 6E 20 4E  |end;end;return N|
00017E10  46 3B 65 6E 64 3B 78 5B 31 5F 34 32 35 5D 3D 71  |F;end;x[1_425]=q|
00017E20  4E 3B 65 6C 73 65 20 6C 6F 63 61 6C 20 65 54 3D  |N;else local eT=|
00017E30  78 5B 38 38 36 5D 28 30 62 31 31 30 5F 30 31 2C  |x[886](0b110_01,|
00017E40  30 42 31 31 5F 30 5F 30 31 30 5F 30 30 29 3B 65  |0B11_0_010_00);e|
00017E50  6E 64 3B 72 65 74 75 72 6E 20 71 4E 28 78 2C 62  |nd;return qN(x,b|
00017E60  58 2C 4C 46 2C 59 62 29 3B 65 6E 64 2C 5B 31 5F  |X,LF,Yb);end,[1_|
00017E70  30 39 34 5D 3D 66 61 6C 73 65 2C 5B 30 78 35 34  |094]=false,[0x54|
00017E80  45 5D 3D 66 75 6E 63 74 69 6F 6E 28 78 2C 5A 46  |E]=function(x,ZF|
00017E90  29 6C 6F 63 61 6C 20 69 4C 2C 51 44 2C 4C 62 3D  |)local iL,QD,Lb=|
00017EA0  78 5B 30 62 31 31 31 30 30 31 31 31 30 31 5D 2C  |x[0b1110011101],|
00017EB0  28 78 29 5B 30 78 33 37 36 5D 2C 78 5B 30 78 34  |(x)[0x376],x[0x4|
00017EC0  38 5F 31 5D 3B 6C 6F 63 61 6C 20 55 6E 2C 58 6F  |8_1];local Un,Xo|
00017ED0  2C 6B 53 2C 63 65 3D 28 78 29 5B 30 62 31 30 5F  |,kS,ce=(x)[0b10_|
00017EE0  31 30 30 5F 30 31 30 31 30 31 5D 2C 28 78 29 5B  |100_010101],(x)[|
00017EF0  30 78 36 31 32 5D 2C 78 5B 30 78 36 42 41 5D 2C  |0x612],x[0x6BA],|
00017F00  78 5B 31 5F 39 31 32 5D 3B 6C 6F 63 61 6C 20 66  |x[1_912];local f|
00017F10  75 6E 63 74 69 6F 6E 20 74 5A 28 78 2C 73 77 29  |unction tZ(x,sw)|
00017F20  6C 6F 63 61 6C 20 45 64 3D 73 77 2E 43 41 3B 69  |local Ed=sw.CA;i|
00017F30  66 20 73 77 2E 70 56 20 74 68 65 6E 20 6C 6F 63  |f sw.pV then loc|
00017F40  61 6C 20 44 49 3D 63 65 28 78 2C 73 77 2E 46 43  |al DI=ce(x,sw.FC|
00017F50  2C 45 64 2D 30 42 30 5F 30 31 29 3B 73 77 2E 43  |,Ed-0B0_01);sw.C|
00017F60  41 3D 45 64 2B 30 42 30 5F 30 31 3B 72 65 74 75  |A=Ed+0B0_01;retu|
00017F70  72 6E 20 44 49 3B 65 6E 64 3B 6C 6F 63 61 6C 20  |rn DI;end;local |
00017F80  52 55 3D 73 77 2E 6F 55 3B 6C 6F 63 61 6C 20 44  |RU=sw.oU;local D|
00017F90  49 3D 6B 53 28 73 77 2E 46 43 2C 45 64 2D 30 42  |I=kS(sw.FC,Ed-0B|
00017FA0  30 5F 30 31 29 3B 6C 6F 63 61 6C 20 71 52 3D 69  |0_01);local qR=i|
00017FB0  4C 28 52 55 2B 30 78 35 5F 61 35 5F 63 42 32 37  |L(RU+0x5_a5_cB27|
00017FC0  31 2B 45 64 2A 30 62 31 30 31 30 30 5F 31 5F 31  |1+Ed*0b10100_1_1|
00017FD0  5F 30 30 31 5F 30 31 30 5F 30 5F 31 2C 30 58 46  |_001_010_0_1,0XF|
00017FE0  46 46 5F 46 46 5F 46 46 46 29 3B 71 52 3D 51 44  |FF_FF_FFF);qR=QD|
00017FF0  28 71 52 2C 30 58 39 5F 36 35 5F 63 37 33 5F 32  |(qR,0X9_65_c73_2|
00018000  62 29 3B 71 52 3D 51 44 28 71 52 2C 55 6E 28 71  |b);qR=QD(qR,Un(q|
00018010  52 2C 30 62 31 31 5F 30 5F 31 29 29 3B 71 52 3D  |R,0b11_0_1));qR=|
00018020  51 44 28 71 52 2C 58 6F 28 71 52 2C 30 78 31 31  |QD(qR,Xo(qR,0x11|
00018030  29 29 3B 71 52 3D 51 44 28 71 52 2C 55 6E 28 71  |));qR=QD(qR,Un(q|
00018040  52 2C 35 29 29 3B 71 52 3D 69 4C 28 71 52 2C 30  |R,5));qR=iL(qR,0|
00018050  62 31 5F 31 31 5F 31 5F 31 31 31 31 31 31 31 31  |b1_11_1_11111111|
00018060  31 31 31 31 5F 31 31 5F 31 31 31 31 31 31 31 5F  |1111_11_1111111_|
00018070  31 5F 31 5F 31 31 5F 31 5F 31 31 29 3B 6C 6F 63  |1_1_11_1_11);loc|
00018080  61 6C 20 7A 41 3D 69 4C 28 51 44 28 51 44 28 51  |al zA=iL(QD(QD(Q|
00018090  44 28 71 52 2C 58 6F 28 71 52 2C 30 62 31 30 30  |D(qR,Xo(qR,0b100|
000180A0  5F 30 29 29 2C 58 6F 28 71 52 2C 30 78 31 30 29  |_0)),Xo(qR,0x10)|
000180B0  29 2C 58 6F 28 71 52 2C 30 58 31 5F 38 29 29 2C  |),Xo(qR,0X1_8)),|
000180C0  30 62 31 5F 31 31 31 31 5F 31 31 31 29 3B 6C 6F  |0b1_1111_111);lo|
000180D0  63 61 6C 20 51 52 3D 69 4C 28 4C 62 28 58 6F 28  |cal QR=iL(Lb(Xo(|
000180E0  44 49 2C 30 78 37 29 2C 55 6E 28 44 49 2C 30 42  |DI,0x7),Un(DI,0B|
000180F0  31 29 29 2C 30 62 31 5F 31 31 31 31 31 5F 31 31  |1)),0b1_11111_11|
00018100  29 3B 51 52 3D 51 52 2D 30 78 37 5F 38 3B 69 66  |);QR=QR-0x7_8;if|
00018110  20 51 52 3C 30 58 30 20 74 68 65 6E 20 51 52 3D  | QR<0X0 then QR=|
00018120  51 52 2B 30 42 31 30 30 5F 30 30 30 5F 30 5F 30  |QR+0B100_000_0_0|
00018130  30 3B 65 6E 64 3B 6C 6F 63 61 6C 20 67 58 3D 51  |0;end;local gX=Q|
00018140  44 28 51 52 2C 7A 41 29 3B 6C 6F 63 61 6C 20 4F  |D(QR,zA);local O|
00018150  66 3D 69 4C 28 52 55 2A 28 28 30 58 33 43 38 38  |f=iL(RU*((0X3C88|
00018160  29 2B 28 30 58 35 29 29 2B 28 28 30 42 31 31 31  |)+(0X5))+((0B111|
00018170  30 31 30 5F 30 5F 31 31 31 31 30 30 30 5F 31 5F  |010_0_1111000_1_|
00018180  31 31 30 5F 30 5F 30 30 31 31 5F 31 31 5F 31 31  |110_0_0011_11_11|
00018190  30 5F 30 30 5F 30 29 2B 28 30 62 31 31 31 30 5F  |0_00_0)+(0b1110_|
000181A0  31 29 29 2B 45 64 2A 28 28 30 78 64 61 36 66 29  |1))+Ed*((0xda6f)|
000181B0  2B 28 31 31 29 29 2B 67 58 2A 30 58 31 34 45 37  |+(11))+gX*0X14E7|
000181C0  2B 44 49 2A 30 62 31 31 30 5F 31 31 5F 31 30 5F  |+DI*0b110_11_10_|
000181D0  31 30 31 30 30 30 31 31 2C 28 28 30 78 66 46 46  |10100011,((0xfFF|
000181E0  5F 66 46 5F 46 64 33 29 2B 28 30 78 32 5F 43 29  |_fF_Fd3)+(0x2_C)|
000181F0  29 29 3B 4F 66 3D 51 44 28 4F 66 2C 55 6E 28 4F  |));Of=QD(Of,Un(O|
00018200  66 2C 31 33 29 29 3B 4F 66 3D 51 44 28 4F 66 2C  |f,13));Of=QD(Of,|
00018210  58 6F 28 4F 66 2C 30 58 31 5F 31 29 29 3B 4F 66  |Xo(Of,0X1_1));Of|
00018220  3D 51 44 28 4F 66 2C 55 6E 28 4F 66 2C 30 62 31  |=QD(Of,Un(Of,0b1|
00018230  5F 30 31 29 29 3B 4F 66 3D 69 4C 28 4F 66 2C 28  |_01));Of=iL(Of,(|
00018240  28 30 78 31 30 5F 30 5F 30 5F 30 30 5F 30 33 35  |(0x10_0_0_00_035|
00018250  29 2D 28 30 62 31 31 30 31 31 30 29 29 29 3B 73  |)-(0b110110)));s|
00018260  77 2E 6F 55 3D 4F 66 3B 73 77 2E 43 41 3D 45 64  |w.oU=Of;sw.CA=Ed|
00018270  2B 30 42 30 5F 30 31 3B 72 65 74 75 72 6E 20 67  |+0B0_01;return g|
00018280  58 3B 65 6E 64 3B 78 5B 30 62 31 30 31 30 5F 31  |X;end;x[0b1010_1|
00018290  30 30 31 5F 31 31 5F 30 5D 3D 74 5A 3B 72 65 74  |001_11_0]=tZ;ret|
000182A0  75 72 6E 20 74 5A 28 78 2C 5A 46 29 3B 65 6E 64  |urn tZ(x,ZF);end|
000182B0  2C 5B 30 42 31 31 31 30 31 31 30 5F 31 30 31 30  |,[0B1110110_1010|
000182C0  5D 3D 66 75 6E 63 74 69 6F 6E 28 78 2C 63 68 2C  |]=function(x,ch,|
000182D0  63 68 2C 4F 75 2C 6A 53 2C 59 58 29 6C 6F 63 61  |ch,Ou,jS,YX)loca|
000182E0  6C 20 7A 6D 3D 7B 7D 3B 7A 6D 5B 30 58 36 63 33  |l zm={};zm[0X6c3|
000182F0  66 5D 3D 28 28 28 34 5F 39 37 33 2B 30 58 38 66  |f]=(((4_973+0X8f|
00018300  3E 30 62 31 30 5F 30 5F 30 31 31 31 5F 31 29 61  |>0b10_0_0111_1)a|
00018310  6E 64 20 30 78 37 5F 30 61 31 20 6F 72 20 32 38  |nd 0x7_0a1 or 28|
00018320  5F 38 33 34 29 29 3B 72 65 74 75 72 6E 20 7A 6D  |_834));return zm|
00018330  5B 30 58 36 63 33 66 5D 65 6E 64 2C 5B 30 78 33  |[0X6c3f]end,[0x3|
00018340  5F 38 5D 3D 73 65 74 6D 65 74 61 74 61 62 6C 65  |_8]=setmetatable|
00018350  2C 5B 30 42 31 5F 30 31 30 30 31 5D 3D 66 75 6E  |,[0B1_01001]=fun|
00018360  63 74 69 6F 6E 28 29 72 65 74 75 72 6E 7B 5B 28  |ction()return{[(|
00018370  28 2D 30 42 31 5F 31 30 30 5F 31 5F 31 29 2B 28  |(-0B1_100_1_1)+(|
00018380  30 42 31 31 5F 31 5F 30 30 31 29 29 5D 3D 28 28  |0B11_1_001))]=((|
00018390  30 62 31 30 30 31 31 31 5F 31 29 2D 33 37 2D 30  |0b100111_1)-37-0|
000183A0  62 31 30 30 5F 30 31 30 29 7D 65 6E 64 2C 5B 30  |b100_010)}end,[0|
000183B0  42 31 31 31 5F 30 31 30 31 5F 31 31 30 31 5D 3D  |B111_0101_1101]=|
000183C0  7B 30 42 31 31 30 30 5F 31 5F 30 2C 30 62 31 31  |{0B1100_1_0,0b11|
000183D0  30 31 30 30 2C 30 58 32 37 2C 30 58 32 35 2C 30  |0100,0X27,0X25,0|
000183E0  42 31 5F 30 30 30 31 31 2C 30 58 32 34 2C 30 78  |B1_00011,0X24,0x|
000183F0  32 5F 37 2C 30 78 32 35 2C 30 42 31 30 31 31 30  |2_7,0x25,0B10110|
00018400  5F 31 7D 2C 5B 30 78 33 5F 34 46 5D 3D 62 75 66  |_1},[0x3_4F]=buf|
00018410  66 65 72 2E 72 65 61 64 75 33 32 2C 5B 30 62 31  |fer.readu32,[0b1|
00018420  30 5F 31 31 30 5F 30 30 30 5D 3D 62 75 66 66 65  |0_110_000]=buffe|
00018430  72 2E 63 72 65 61 74 65 2C 5B 30 78 36 5F 32 38  |r.create,[0x6_28|
00018440  5D 3D 66 75 6E 63 74 69 6F 6E 28 78 2C 6D 2C 66  |]=function(x,m,f|
00018450  2C 41 2C 79 29 6C 6F 63 61 6C 20 4F 4F 2C 66 41  |,A,y)local OO,fA|
00018460  2C 4C 52 2C 70 75 3B 6C 6F 63 61 6C 20 76 44 3D  |,LR,pu;local vD=|
00018470  28 28 30 62 31 31 31 30 31 31 5F 30 29 2D 28 34  |((0b111011_0)-(4|
00018480  30 29 29 3B 72 65 70 65 61 74 20 69 66 20 76 44  |0));repeat if vD|
00018490  3D 3D 28 28 31 31 38 29 2D 28 30 58 32 38 29 29  |==((118)-(0X28))|
000184A0  74 68 65 6E 20 4F 4F 3D 6D 5B 28 28 30 62 31 5F  |then OO=m[((0b1_|
000184B0  31 31 30 30 29 2D 28 30 42 31 30 5F 31 5F 31 30  |1100)-(0B10_1_10|
000184C0  29 29 5D 6F 72 20 30 62 30 3B 66 41 3D 6D 5B 28  |))]or 0b0;fA=m[(|
000184D0  28 30 58 31 66 29 2D 28 30 62 31 31 30 30 30 29  |(0X1f)-(0b11000)|
000184E0  29 5D 6F 72 20 30 62 30 3B 63 71 3D 78 5B 38 38  |)]or 0b0;cq=x[88|
000184F0  36 5D 28 4F 4F 20 6F 72 20 30 2C 66 41 20 6F 72  |6](OO or 0,fA or|
00018500  20 30 78 30 29 3B 76 44 3D 30 42 31 30 31 5F 30  | 0x0);vD=0B101_0|
00018510  30 30 5F 30 30 3B 63 6F 6E 74 69 6E 75 65 3B 65  |00_00;continue;e|
00018520  6C 73 65 69 66 20 76 44 3D 3D 30 58 41 30 20 74  |lseif vD==0XA0 t|
00018530  68 65 6E 20 4C 52 3D 6D 5B 30 78 35 5D 6F 72 20  |hen LR=m[0x5]or |
00018540  30 78 30 3B 70 75 3D 28 4C 52 2B 66 41 29 25 32  |0x0;pu=(LR+fA)%2|
00018550  35 36 3B 62 72 65 61 6B 3B 65 6C 73 65 20 62 72  |56;break;else br|
00018560  65 61 6B 3B 65 6E 64 3B 75 6E 74 69 6C 20 66 61  |eak;end;until fa|
00018570  6C 73 65 3B 72 65 74 75 72 6E 20 78 5B 38 38 36  |lse;return x[886|
00018580  5D 28 4F 4F 2C 70 75 29 65 6E 64 2C 5B 31 5F 33  |](OO,pu)end,[1_3|
00018590  32 32 5D 3D 66 75 6E 63 74 69 6F 6E 28 78 2C 58  |22]=function(x,X|
000185A0  29 6C 6F 63 61 6C 20 58 57 3D 78 5B 30 58 35 32  |)local XW=x[0X52|
000185B0  37 5D 3B 69 66 20 6E 6F 74 20 58 57 20 74 68 65  |7];if not XW the|
000185C0  6E 20 6C 6F 63 61 6C 20 49 63 3D 28 78 29 5B 30  |n local Ic=(x)[0|
000185D0  78 33 5F 39 44 5D 28 30 78 33 31 2C 30 62 31 30  |x3_9D](0x31,0b10|
000185E0  5F 30 30 30 31 29 3B 58 57 3D 66 75 6E 63 74 69  |_0001);XW=functi|
000185F0  6F 6E 28 78 2C 58 29 6C 6F 63 61 6C 20 45 6F 3D  |on(x,X)local Eo=|
00018600  28 78 29 5B 30 78 62 30 5D 28 28 28 30 78 38 62  |(x)[0xb0](((0x8b|
00018610  66 36 29 2D 30 62 31 30 5F 31 5F 31 30 5F 31 2D  |f6)-0b10_1_10_1-|
00018620  30 42 31 30 31 30 29 29 3B 6C 6F 63 61 6C 20 55  |0B1010));local U|
00018630  42 3D 30 78 30 3B 6C 6F 63 61 6C 20 61 55 3D 30  |B=0x0;local aU=0|
00018640  78 46 46 46 66 5F 66 66 66 46 3B 6C 6F 63 61 6C  |xFFFf_fffF;local|
00018650  20 5A 4F 3D 30 3B 6C 6F 63 61 6C 20 73 75 3D 30  | ZO=0;local su=0|
00018660  62 30 3B 6C 6F 63 61 6C 20 44 66 2C 70 61 2C 57  |b0;local Df,pa,W|
00018670  49 2C 6C 46 3D 30 2C 30 78 30 2C 30 78 30 2C 30  |I,lF=0,0x0,0x0,0|
00018680  62 30 3B 6C 6F 63 61 6C 20 4F 48 3D 30 78 30 3B  |b0;local OH=0x0;|
00018690  6C 6F 63 61 6C 20 51 76 2C 79 44 2C 42 41 2C 7A  |local Qv,yD,BA,z|
000186A0  61 2C 4F 65 2C 43 79 3D 7B 7D 2C 7B 7D 2C 7B 7D  |a,Oe,Cy={},{},{}|
000186B0  2C 7B 7D 2C 7B 7D 2C 7B 7D 3B 6C 6F 63 61 6C 20  |,{},{},{};local |
000186C0  76 71 3D 7B 7B 7D 2C 7B 7D 2C 7B 7D 2C 7B 7D 7D  |vq={{},{},{},{}}|
000186D0  3B 6C 6F 63 61 6C 20 6D 45 2C 6D 67 2C 6F 42 3D  |;local mE,mg,oB=|
000186E0  7B 7D 2C 7B 7D 2C 7B 7D 3B 6C 6F 63 61 6C 20 47  |{},{},{};local G|
000186F0  72 3D 7B 7B 7D 2C 7B 7D 2C 7B 7D 2C 7B 7D 7D 3B  |r={{},{},{},{}};|
00018700  6C 6F 63 61 6C 20 58 6D 3D 7B 7B 7D 2C 7B 7D 2C  |local Xm={{},{},|
00018710  7B 7D 2C 7B 7D 7D 3B 6C 6F 63 61 6C 20 64 5A 3D  |{},{}};local dZ=|
00018720  30 3B 6C 6F 63 61 6C 20 4F 52 3D 30 42 31 30 5F  |0;local OR=0B10_|
00018730  30 30 30 30 30 5F 30 30 30 5F 30 30 30 30 30 5F  |00000_000_00000_|
00018740  30 30 5F 30 30 30 30 5F 30 3B 6C 6F 63 61 6C 20  |00_0000_0;local |
00018750  50 71 3D 66 75 6E 63 74 69 6F 6E 28 78 29 72 65  |Pq=function(x)re|
00018760  74 75 72 6E 20 78 5B 30 62 31 30 31 5F 30 5F 31  |turn x[0b101_0_1|
00018770  30 5F 30 5F 31 31 5F 31 30 5D 28 78 2C 58 29 65  |0_0_11_10](x,X)e|
00018780  6E 64 3B 6C 6F 63 61 6C 20 50 7A 3D 66 75 6E 63  |nd;local Pz=func|
00018790  74 69 6F 6E 28 78 2C 44 4F 2C 46 71 29 46 71 3D  |tion(x,DO,Fq)Fq=|
000187A0  46 71 2B 30 78 31 3B 6C 6F 63 61 6C 20 44 50 3D  |Fq+0x1;local DP=|
000187B0  44 4F 5B 46 71 5D 6F 72 28 28 30 58 33 5F 46 42  |DO[Fq]or((0X3_FB|
000187C0  29 2B 28 30 42 31 30 31 29 29 3B 6C 6F 63 61 6C  |)+(0B101));local|
000187D0  20 48 71 3D 78 5B 30 62 31 31 5F 30 30 30 30 5F  | Hq=x[0b11_0000_|
000187E0  31 30 5F 30 31 30 5D 28 61 55 2C 30 42 31 30 5F  |10_010](aU,0B10_|
000187F0  31 31 29 2A 44 50 3B 69 66 20 5A 4F 3C 48 71 20  |11)*DP;if ZO<Hq |
00018800  74 68 65 6E 20 61 55 3D 48 71 3B 44 4F 5B 46 71  |then aU=Hq;DO[Fq|
00018810  5D 3D 44 50 2B 78 5B 31 5F 35 35 34 5D 28 28 28  |]=DP+x[1_554](((|
00018820  32 5F 31 30 33 29 2D 28 30 42 31 31 30 31 31 31  |2_103)-(0B110111|
00018830  29 29 2D 44 50 2C 28 28 30 78 32 66 29 2D 28 30  |))-DP,((0x2f)-(0|
00018840  58 32 5F 41 29 29 29 3B 69 66 20 61 55 3C 28 28  |X2_A)));if aU<((|
00018850  30 42 31 30 30 5F 30 30 5F 30 30 30 30 30 30 30  |0B100_00_0000000|
00018860  30 30 30 30 30 5F 30 5F 31 5F 30 5F 31 5F 30 30  |00000_0_1_0_1_00|
00018870  31 31 29 2D 33 34 2D 30 62 31 31 30 30 30 31 29  |11)-34-0b110001)|
00018880  74 68 65 6E 20 5A 4F 3D 28 78 29 5B 30 78 34 38  |then ZO=(x)[0x48|
00018890  31 5D 28 78 5B 30 58 35 5F 31 35 5D 28 5A 4F 2C  |1](x[0X5_15](ZO,|
000188A0  30 58 38 29 2C 50 71 28 78 29 29 3B 61 55 3D 78  |0X8),Pq(x));aU=x|
000188B0  5B 30 58 35 5F 31 5F 35 5D 28 61 55 2C 38 29 3B  |[0X5_1_5](aU,8);|
000188C0  65 6E 64 3B 72 65 74 75 72 6E 20 30 58 30 3B 65  |end;return 0X0;e|
000188D0  6E 64 3B 61 55 3D 61 55 2D 48 71 3B 5A 4F 3D 5A  |nd;aU=aU-Hq;ZO=Z|
000188E0  4F 2D 48 71 3B 44 4F 5B 46 71 5D 3D 44 50 2D 78  |O-Hq;DO[Fq]=DP-x|
000188F0  5B 30 78 36 5F 31 32 5D 28 44 50 2C 28 28 30 58  |[0x6_12](DP,((0X|
00018900  32 46 29 2D 28 30 78 32 5F 61 29 29 29 3B 69 66  |2F)-(0x2_a)));if|
00018910  20 61 55 3C 28 28 31 36 5F 37 37 37 5F 32 39 39  | aU<((16_777_299|
00018920  29 2D 30 62 31 30 5F 30 30 31 30 2D 30 42 31 5F  |)-0b10_0010-0B1_|
00018930  31 5F 30 30 30 31 29 74 68 65 6E 20 5A 4F 3D 28  |1_0001)then ZO=(|
00018940  78 29 5B 30 42 31 30 5F 30 31 30 5F 30 30 5F 30  |x)[0B10_010_00_0|
00018950  5F 30 30 5F 31 5D 28 78 5B 30 62 31 30 5F 31 30  |_00_1](x[0b10_10|
00018960  30 30 31 5F 30 5F 31 30 31 5D 28 5A 4F 2C 30 58  |001_0_101](ZO,0X|
00018970  38 29 2C 50 71 28 78 29 29 3B 61 55 3D 78 5B 30  |8),Pq(x));aU=x[0|
00018980  78 35 31 35 5D 28 61 55 2C 30 78 38 29 3B 65 6E  |x515](aU,0x8);en|
00018990  64 3B 72 65 74 75 72 6E 20 30 62 31 3B 65 6E 64  |d;return 0b1;end|
000189A0  3B 6C 6F 63 61 6C 20 6E 6F 3D 66 75 6E 63 74 69  |;local no=functi|
000189B0  6F 6E 28 78 2C 79 67 29 6C 6F 63 61 6C 20 74 43  |on(x,yg)local tC|
000189C0  3D 30 78 30 3B 66 6F 72 20 6A 46 3D 30 42 30 5F  |=0x0;for jF=0B0_|
000189D0  30 31 2C 79 67 20 64 6F 20 61 55 3D 78 5B 30 78  |01,yg do aU=x[0x|
000189E0  36 31 32 5D 28 61 55 2C 30 42 30 5F 30 31 29 3B  |612](aU,0B0_01);|
000189F0  74 43 3D 74 43 2A 28 28 35 30 29 2D 28 30 58 33  |tC=tC*((50)-(0X3|
00018A00  30 29 29 3B 69 66 20 5A 4F 3E 3D 61 55 20 74 68  |0));if ZO>=aU th|
00018A10  65 6E 20 5A 4F 3D 5A 4F 2D 61 55 3B 74 43 3D 74  |en ZO=ZO-aU;tC=t|
00018A20  43 2B 30 42 31 3B 65 6E 64 3B 69 66 20 61 55 3C  |C+0B1;end;if aU<|
00018A30  28 28 31 36 5F 37 37 37 5F 32 39 39 29 2D 30 58  |((16_777_299)-0X|
00018A40  32 32 2D 30 58 33 31 29 74 68 65 6E 20 5A 4F 3D  |22-0X31)then ZO=|
00018A50  78 5B 31 5F 31 35 33 5D 28 78 5B 30 58 35 5F 31  |x[1_153](x[0X5_1|
00018A60  35 5D 28 5A 4F 2C 30 62 31 5F 30 30 5F 30 29 2C  |5](ZO,0b1_00_0),|
00018A70  50 71 28 78 29 29 3B 61 55 3D 78 5B 30 78 35 5F  |Pq(x));aU=x[0x5_|
00018A80  31 5F 35 5D 28 61 55 2C 30 58 38 29 3B 65 6E 64  |1_5](aU,0X8);end|
00018A90  3B 65 6E 64 3B 72 65 74 75 72 6E 20 74 43 3B 65  |;end;return tC;e|
00018AA0  6E 64 3B 6C 6F 63 61 6C 20 68 51 3D 66 75 6E 63  |nd;local hQ=func|
00018AB0  74 69 6F 6E 28 78 2C 44 4F 2C 79 67 29 6C 6F 63  |tion(x,DO,yg)loc|
00018AC0  61 6C 20 54 53 3D 30 42 30 5F 30 31 3B 66 6F 72  |al TS=0B0_01;for|
00018AD0  20 6A 46 3D 30 62 31 2C 79 67 20 64 6F 20 54 53  | jF=0b1,yg do TS|
00018AE0  3D 54 53 2A 28 28 35 30 29 2D 28 30 78 33 30 29  |=TS*((50)-(0x30)|
00018AF0  29 2B 50 7A 28 78 2C 44 4F 2C 54 53 29 3B 65 6E  |)+Pz(x,DO,TS);en|
00018B00  64 3B 72 65 74 75 72 6E 20 54 53 2D 28 28 35 30  |d;return TS-((50|
00018B10  29 2D 28 30 62 31 5F 31 30 30 30 5F 30 29 29 5E  |)-(0b1_1000_0))^|
00018B20  79 67 3B 65 6E 64 3B 6C 6F 63 61 6C 20 6D 61 3D  |yg;end;local ma=|
00018B30  66 75 6E 63 74 69 6F 6E 28 78 2C 44 4F 2C 46 71  |function(x,DO,Fq|
00018B40  2C 79 67 29 6C 6F 63 61 6C 20 54 53 2C 6B 6F 2C  |,yg)local TS,ko,|
00018B50  62 49 3D 30 58 31 2C 30 62 30 2C 30 62 31 3B 66  |bI=0X1,0b0,0b1;f|
00018B60  6F 72 20 6A 46 3D 30 42 30 5F 30 31 2C 79 67 20  |or jF=0B0_01,yg |
00018B70  64 6F 20 6C 6F 63 61 6C 20 42 59 3D 50 7A 28 78  |do local BY=Pz(x|
00018B80  2C 44 4F 2C 46 71 2B 54 53 29 3B 54 53 3D 54 53  |,DO,Fq+TS);TS=TS|
00018B90  2A 28 28 30 78 33 32 29 2D 28 30 42 31 31 5F 30  |*((0x32)-(0B11_0|
00018BA0  30 30 5F 30 29 29 2B 42 59 3B 6B 6F 3D 6B 6F 2B  |00_0))+BY;ko=ko+|
00018BB0  42 59 2A 62 49 3B 62 49 3D 62 49 2A 28 28 30 58  |BY*bI;bI=bI*((0X|
00018BC0  33 32 29 2D 28 30 42 31 31 30 5F 30 5F 30 5F 30  |32)-(0B110_0_0_0|
00018BD0  29 29 3B 65 6E 64 3B 72 65 74 75 72 6E 20 6B 6F  |));end;return ko|
00018BE0  3B 65 6E 64 3B 6C 6F 63 61 6C 20 6E 52 3D 66 75  |;end;local nR=fu|
00018BF0  6E 63 74 69 6F 6E 28 78 2C 69 6F 2C 42 68 29 6C  |nction(x,io,Bh)l|
00018C00  6F 63 61 6C 20 4F 4E 2C 59 66 2C 47 6F 2C 4B 66  |ocal ON,Yf,Go,Kf|
00018C10  3D 69 6F 5B 30 42 30 5F 30 31 5D 2C 69 6F 5B 28  |=io[0B0_01],io[(|
00018C20  28 30 78 33 32 29 2D 28 30 78 33 30 29 29 5D 2C  |(0x32)-(0x30))],|
00018C30  69 6F 5B 30 62 31 31 5D 2C 69 6F 5B 30 58 34 5D  |io[0b11],io[0X4]|
00018C40  3B 69 66 20 50 7A 28 78 2C 4F 4E 2C 30 29 3D 3D  |;if Pz(x,ON,0)==|
00018C50  30 62 30 20 74 68 65 6E 20 72 65 74 75 72 6E 20  |0b0 then return |
00018C60  68 51 28 78 2C 59 66 5B 42 68 2B 30 42 30 5F 30  |hQ(x,Yf[Bh+0B0_0|
00018C70  31 5D 2C 30 78 33 29 3B 65 6E 64 3B 69 66 20 50  |1],0x3);end;if P|
00018C80  7A 28 78 2C 4F 4E 2C 30 42 30 5F 30 31 29 3D 3D  |z(x,ON,0B0_01)==|
00018C90  30 78 30 20 74 68 65 6E 20 72 65 74 75 72 6E 20  |0x0 then return |
00018CA0  30 78 38 2B 68 51 28 78 2C 47 6F 5B 42 68 2B 30  |0x8+hQ(x,Go[Bh+0|
00018CB0  58 31 5D 2C 30 62 31 31 29 3B 65 6E 64 3B 72 65  |X1],0b11);end;re|
00018CC0  74 75 72 6E 20 31 36 2B 68 51 28 78 2C 4B 66 2C  |turn 16+hQ(x,Kf,|
00018CD0  30 78 38 29 3B 65 6E 64 3B 6C 6F 63 61 6C 20 71  |0x8);end;local q|
00018CE0  50 3D 66 75 6E 63 74 69 6F 6E 28 78 2C 6A 61 29  |P=function(x,ja)|
00018CF0  6C 6F 63 61 6C 20 6F 71 3D 55 42 2D 6A 61 2D 30  |local oq=UB-ja-0|
00018D00  42 30 5F 30 31 3B 69 66 20 6F 71 3C 30 42 30 20  |B0_01;if oq<0B0 |
00018D10  74 68 65 6E 20 72 65 74 75 72 6E 20 6E 69 6C 20  |then return nil |
00018D20  65 6E 64 3B 72 65 74 75 72 6E 20 78 5B 31 5F 37  |end;return x[1_7|
00018D30  32 32 5D 28 45 6F 2C 6F 71 29 3B 65 6E 64 3B 6C  |22](Eo,oq);end;l|
00018D40  6F 63 61 6C 20 47 58 3D 66 75 6E 63 74 69 6F 6E  |ocal GX=function|
00018D50  28 78 2C 41 61 29 69 66 20 55 42 3E 3D 28 28 30  |(x,Aa)if UB>=((0|
00018D60  78 38 42 66 36 29 2D 34 35 2D 30 42 31 30 31 5F  |x8Bf6)-45-0B101_|
00018D70  30 29 74 68 65 6E 20 72 65 74 75 72 6E 20 66 61  |0)then return fa|
00018D80  6C 73 65 20 65 6E 64 3B 28 78 29 5B 36 36 31 5D  |lse end;(x)[661]|
00018D90  28 45 6F 2C 55 42 2C 41 61 29 3B 55 42 3D 55 42  |(Eo,UB,Aa);UB=UB|
00018DA0  2B 30 78 31 3B 72 65 74 75 72 6E 20 74 72 75 65  |+0x1;return true|
00018DB0  3B 65 6E 64 3B 6C 6F 63 61 6C 20 71 71 3D 66 75  |;end;local qq=fu|
00018DC0  6E 63 74 69 6F 6E 28 78 2C 6A 61 2C 45 51 29 66  |nction(x,ja,EQ)f|
00018DD0  6F 72 20 4B 76 3D 30 62 31 2C 45 51 20 64 6F 20  |or Kv=0b1,EQ do |
00018DE0  6C 6F 63 61 6C 20 41 61 3D 71 50 28 78 2C 6A 61  |local Aa=qP(x,ja|
00018DF0  29 3B 69 66 20 41 61 3D 3D 6E 69 6C 20 6F 72 20  |);if Aa==nil or |
00018E00  6E 6F 74 20 47 58 28 78 2C 41 61 29 74 68 65 6E  |not GX(x,Aa)then|
00018E10  20 72 65 74 75 72 6E 20 66 61 6C 73 65 20 65 6E  | return false en|
00018E20  64 3B 65 6E 64 3B 72 65 74 75 72 6E 20 74 72 75  |d;end;return tru|
00018E30  65 3B 65 6E 64 3B 6C 6F 63 61 6C 20 77 6A 3D 66  |e;end;local wj=f|
00018E40  75 6E 63 74 69 6F 6E 28 78 2C 74 4F 29 6C 6F 63  |unction(x,tO)loc|
00018E50  61 6C 20 65 6B 3D 78 5B 30 78 35 5F 31 35 5D 28  |al ek=x[0x5_15](|
00018E60  78 5B 30 78 33 39 64 5D 28 55 42 2C 64 5A 29 2C  |x[0x39d](UB,dZ),|
00018E70  28 28 30 78 33 38 29 2D 28 30 58 33 5F 34 29 29  |((0x38)-(0X3_4))|
00018E80  29 2B 78 5B 30 42 31 31 5F 30 5F 30 30 30 5F 31  |)+x[0B11_0_000_1|
00018E90  5F 30 30 31 30 5D 28 4F 48 2C 30 58 34 29 3B 6C  |_0010](OH,0X4);l|
00018EA0  6F 63 61 6C 20 44 4F 3D 6F 42 5B 65 6B 2B 30 58  |ocal DO=oB[ek+0X|
00018EB0  31 5D 3B 69 66 20 6E 6F 74 20 44 4F 20 74 68 65  |1];if not DO the|
00018EC0  6E 20 44 4F 3D 7B 7D 3B 6F 42 5B 65 6B 2B 30 42  |n DO={};oB[ek+0B|
00018ED0  31 5D 3D 44 4F 3B 65 6E 64 3B 6C 6F 63 61 6C 20  |1]=DO;end;local |
00018EE0  6B 6F 3D 30 42 30 5F 30 31 3B 69 66 20 73 75 3C  |ko=0B0_01;if su<|
00018EF0  37 20 74 68 65 6E 20 72 65 70 65 61 74 20 6B 6F  |7 then repeat ko|
00018F00  3D 6B 6F 2A 28 28 30 78 33 32 29 2D 28 30 42 31  |=ko*((0x32)-(0B1|
00018F10  31 30 30 30 30 29 29 2B 50 7A 28 78 2C 44 4F 2C  |10000))+Pz(x,DO,|
00018F20  6B 6F 29 3B 75 6E 74 69 6C 20 6B 6F 3E 3D 30 58  |ko);until ko>=0X|
00018F30  31 5F 30 30 3B 72 65 74 75 72 6E 20 6B 6F 2D 30  |1_00;return ko-0|
00018F40  42 31 30 30 30 30 5F 30 30 30 5F 30 3B 65 6E 64  |B10000_000_0;end|
00018F50  3B 72 65 70 65 61 74 20 6C 6F 63 61 6C 20 55 43  |;repeat local UC|
00018F60  3D 78 5B 30 58 33 39 44 5D 28 78 5B 30 58 36 5F  |=x[0X39D](x[0X6_|
00018F70  31 32 5D 28 74 4F 2C 30 78 37 29 2C 30 42 30 5F  |12](tO,0x7),0B0_|
00018F80  30 31 29 3B 74 4F 3D 78 5B 30 62 31 5F 31 31 30  |01);tO=x[0b1_110|
00018F90  30 31 31 31 30 31 5D 28 78 5B 31 5F 33 30 31 5D  |011101](x[1_301]|
00018FA0  28 74 4F 2C 30 42 30 5F 30 31 29 2C 30 78 46 46  |(tO,0B0_01),0xFF|
00018FB0  29 3B 6C 6F 63 61 6C 20 4F 58 3D 50 7A 28 78 2C  |);local OX=Pz(x,|
00018FC0  44 4F 2C 28 30 58 31 2B 55 43 29 2A 30 58 31 30  |DO,(0X1+UC)*0X10|
00018FD0  5F 30 2B 6B 6F 29 3B 6B 6F 3D 6B 6F 2A 28 28 30  |_0+ko);ko=ko*((0|
00018FE0  58 33 5F 32 29 2D 28 30 42 31 31 30 5F 30 5F 30  |X3_2)-(0B110_0_0|
00018FF0  30 29 29 2B 4F 58 3B 69 66 20 55 43 7E 3D 4F 58  |0))+OX;if UC~=OX|
00019000  20 74 68 65 6E 20 77 68 69 6C 65 20 6B 6F 3C 30  | then while ko<0|
00019010  58 31 30 30 20 64 6F 20 6B 6F 3D 6B 6F 2A 28 28  |X100 do ko=ko*((|
00019020  30 78 33 32 29 2D 28 30 78 33 30 29 29 2B 50 7A  |0x32)-(0x30))+Pz|
00019030  28 78 2C 44 4F 2C 6B 6F 29 3B 65 6E 64 3B 62 72  |(x,DO,ko);end;br|
00019040  65 61 6B 3B 65 6E 64 3B 75 6E 74 69 6C 20 6B 6F  |eak;end;until ko|
00019050  3E 3D 30 42 31 30 30 5F 30 5F 30 30 30 5F 30 30  |>=0B100_0_000_00|
00019060  3B 72 65 74 75 72 6E 20 6B 6F 2D 32 35 36 3B 65  |;return ko-256;e|
00019070  6E 64 3B 66 6F 72 20 6B 50 3D 31 2C 28 28 2D 30  |nd;for kP=1,((-0|
00019080  42 31 5F 30 31 30 30 31 29 2B 28 30 78 32 41 29  |B1_01001)+(0x2A)|
00019090  29 64 6F 20 47 72 5B 28 28 30 78 33 32 29 2D 28  |)do Gr[((0x32)-(|
000190A0  30 58 33 5F 30 29 29 5D 5B 6B 50 5D 3D 7B 7D 3B  |0X3_0))][kP]={};|
000190B0  47 72 5B 30 62 31 31 5D 5B 6B 50 5D 3D 7B 7D 3B  |Gr[0b11][kP]={};|
000190C0  58 6D 5B 28 28 30 42 31 31 30 30 5F 31 30 29 2D  |Xm[((0B1100_10)-|
000190D0  28 30 78 33 5F 30 29 29 5D 5B 6B 50 5D 3D 7B 7D  |(0x3_0))][kP]={}|
000190E0  3B 58 6D 5B 30 58 33 5D 5B 6B 50 5D 3D 7B 7D 3B  |;Xm[0X3][kP]={};|
000190F0  65 6E 64 3B 66 6F 72 20 6B 50 3D 30 42 30 5F 30  |end;for kP=0B0_0|
00019100  31 2C 28 28 30 58 32 5F 46 29 2D 28 30 78 32 5F  |1,((0X2_F)-(0x2_|
00019110  61 29 29 64 6F 20 5A 4F 3D 78 5B 30 78 34 38 5F  |a))do ZO=x[0x48_|
00019120  31 5D 28 78 5B 31 5F 33 30 31 5D 28 5A 4F 2C 30  |1](x[1_301](ZO,0|
00019130  78 38 29 2C 50 71 28 78 29 29 3B 65 6E 64 3B 77  |x8),Pq(x));end;w|
00019140  68 69 6C 65 20 55 42 3C 28 28 30 78 38 5F 42 66  |hile UB<((0x8_Bf|
00019150  36 29 2D 30 62 31 30 31 31 30 31 2D 30 42 31 5F  |6)-0b101101-0B1_|
00019160  30 31 30 29 64 6F 20 6C 6F 63 61 6C 20 42 68 3D  |010)do local Bh=|
00019170  28 78 29 5B 30 62 31 31 31 5F 30 5F 30 31 31 5F  |(x)[0b111_0_011_|
00019180  31 30 31 5D 28 55 42 2C 30 58 30 29 3B 69 66 20  |101](UB,0X0);if |
00019190  50 7A 28 78 2C 51 76 2C 73 75 2A 30 78 31 30 2B  |Pz(x,Qv,su*0x10+|
000191A0  42 68 29 3D 3D 30 62 30 20 74 68 65 6E 20 6C 6F  |Bh)==0b0 then lo|
000191B0  63 61 6C 20 74 4F 3D 30 78 30 3B 69 66 20 73 75  |cal tO=0x0;if su|
000191C0  3E 3D 30 78 37 20 74 68 65 6E 20 74 4F 3D 71 50  |>=0x7 then tO=qP|
000191D0  28 78 2C 44 66 29 3B 69 66 20 74 4F 3D 3D 6E 69  |(x,Df);if tO==ni|
000191E0  6C 20 74 68 65 6E 20 72 65 74 75 72 6E 20 6E 69  |l then return ni|
000191F0  6C 20 65 6E 64 3B 65 6E 64 3B 4F 48 3D 77 6A 28  |l end;end;OH=wj(|
00019200  78 2C 74 4F 29 3B 69 66 20 6E 6F 74 20 47 58 28  |x,tO);if not GX(|
00019210  78 2C 4F 48 29 74 68 65 6E 20 72 65 74 75 72 6E  |x,OH)then return|
00019220  20 6E 69 6C 20 65 6E 64 3B 69 66 20 73 75 3C 30  | nil end;if su<0|
00019230  78 34 20 74 68 65 6E 20 73 75 3D 30 62 30 3B 65  |x4 then su=0b0;e|
00019240  6C 73 65 69 66 20 73 75 3C 28 28 2D 31 35 29 2B  |lseif su<((-15)+|
00019250  28 32 35 29 29 74 68 65 6E 20 73 75 3D 73 75 2D  |(25))then su=su-|
00019260  30 62 31 5F 31 3B 65 6C 73 65 20 73 75 3D 73 75  |0b1_1;else su=su|
00019270  2D 30 62 31 31 30 3B 65 6E 64 3B 65 6C 73 65 20  |-0b110;end;else |
00019280  6C 6F 63 61 6C 20 45 51 2C 6A 61 3D 30 78 30 2C  |local EQ,ja=0x0,|
00019290  30 78 30 3B 69 66 20 50 7A 28 78 2C 79 44 2C 73  |0x0;if Pz(x,yD,s|
000192A0  75 29 7E 3D 30 42 30 20 74 68 65 6E 20 69 66 20  |u)~=0B0 then if |
000192B0  50 7A 28 78 2C 42 41 2C 73 75 29 3D 3D 30 42 30  |Pz(x,BA,su)==0B0|
000192C0  20 74 68 65 6E 20 69 66 20 50 7A 28 78 2C 43 79  | then if Pz(x,Cy|
000192D0  2C 73 75 2A 30 42 31 30 30 30 30 2B 42 68 29 3D  |,su*0B10000+Bh)=|
000192E0  3D 30 78 30 20 74 68 65 6E 20 73 75 3D 28 73 75  |=0x0 then su=(su|
000192F0  3C 30 62 31 31 31 29 61 6E 64 28 28 30 62 31 5F  |<0b111)and((0b1_|
00019300  30 5F 30 31 5F 30 30 29 2D 28 30 42 31 5F 31 5F  |0_01_00)-(0B1_1_|
00019310  30 31 5F 31 29 29 6F 72 20 30 42 31 30 5F 31 31  |01_1))or 0B10_11|
00019320  3B 45 51 3D 30 42 31 3B 65 6E 64 3B 65 6C 73 65  |;EQ=0B1;end;else|
00019330  20 69 66 20 50 7A 28 78 2C 7A 61 2C 73 75 29 3D  | if Pz(x,za,su)=|
00019340  3D 30 78 30 20 74 68 65 6E 20 6A 61 3D 70 61 3B  |=0x0 then ja=pa;|
00019350  65 6C 73 65 20 69 66 20 50 7A 28 78 2C 4F 65 2C  |else if Pz(x,Oe,|
00019360  73 75 29 3D 3D 30 62 30 20 74 68 65 6E 20 6A 61  |su)==0b0 then ja|
00019370  3D 57 49 3B 65 6C 73 65 20 6A 61 3D 6C 46 3B 6C  |=WI;else ja=lF;l|
00019380  46 3D 57 49 3B 65 6E 64 3B 57 49 3D 70 61 3B 65  |F=WI;end;WI=pa;e|
00019390  6E 64 3B 70 61 3D 44 66 3B 44 66 3D 6A 61 3B 65  |nd;pa=Df;Df=ja;e|
000193A0  6E 64 3B 69 66 20 45 51 3D 3D 30 62 30 20 74 68  |nd;if EQ==0b0 th|
000193B0  65 6E 20 45 51 3D 6E 52 28 78 2C 58 6D 2C 42 68  |en EQ=nR(x,Xm,Bh|
000193C0  29 2B 28 28 30 58 33 32 29 2D 28 30 78 33 30 29  |)+((0X32)-(0x30)|
000193D0  29 3B 73 75 3D 28 73 75 3C 30 62 31 31 31 29 61  |);su=(su<0b111)a|
000193E0  6E 64 20 30 58 38 20 6F 72 20 30 42 31 30 5F 31  |nd 0X8 or 0B10_1|
000193F0  31 3B 65 6E 64 3B 65 6C 73 65 20 6C 46 3D 57 49  |1;end;else lF=WI|
00019400  3B 57 49 3D 70 61 3B 70 61 3D 44 66 3B 45 51 3D  |;WI=pa;pa=Df;EQ=|
00019410  6E 52 28 78 2C 47 72 2C 42 68 29 2B 28 28 30 42  |nR(x,Gr,Bh)+((0B|
00019420  31 5F 31 30 30 31 5F 30 29 2D 28 34 38 29 29 3B  |1_1001_0)-(48));|
00019430  73 75 3D 28 73 75 3C 30 42 31 31 31 29 61 6E 64  |su=(su<0B111)and|
00019440  20 30 42 31 5F 31 5F 31 20 6F 72 28 28 2D 30 42  | 0B1_1_1 or((-0B|
00019450  31 31 5F 31 31 29 2B 28 30 42 31 31 5F 30 30 5F  |11_11)+(0B11_00_|
00019460  31 29 29 3B 6C 6F 63 61 6C 20 61 70 3D 45 51 2D  |1));local ap=EQ-|
00019470  28 28 35 30 29 2D 28 30 62 31 5F 31 5F 30 30 30  |((50)-(0b1_1_000|
00019480  5F 30 29 29 3B 69 66 20 61 70 3E 30 62 31 5F 31  |_0));if ap>0b1_1|
00019490  20 74 68 65 6E 20 61 70 3D 30 62 31 5F 31 3B 65  | then ap=0b1_1;e|
000194A0  6E 64 3B 79 47 3D 68 51 28 78 2C 76 71 5B 61 70  |nd;yG=hQ(x,vq[ap|
000194B0  2B 31 5D 2C 30 78 36 29 3B 69 66 20 79 47 3E 3D  |+1],0x6);if yG>=|
000194C0  30 42 31 30 30 20 74 68 65 6E 20 67 55 3D 28 78  |0B100 then gU=(x|
000194D0  29 5B 30 62 31 31 30 30 30 5F 30 31 5F 30 30 5F  |)[0b11000_01_00_|
000194E0  31 30 5D 28 79 47 2C 30 78 31 29 2D 30 78 31 3B  |10](yG,0x1)-0x1;|
000194F0  44 66 3D 28 28 28 30 42 31 31 30 5F 30 5F 31 5F  |Df=(((0B110_0_1_|
00019500  30 29 2D 28 30 42 31 31 5F 30 5F 30 30 30 29 29  |0)-(0B11_0_000))|
00019510  2B 78 5B 30 62 31 31 5F 31 30 30 31 5F 31 31 30  |+x[0b11_1001_110|
00019520  31 5D 28 79 47 2C 30 78 31 29 29 2A 28 28 30 62  |1](yG,0x1))*((0b|
00019530  31 31 5F 30 30 31 30 29 2D 28 34 38 29 29 5E 67  |11_0010)-(48))^g|
00019540  55 3B 69 66 20 79 47 3C 30 42 31 31 5F 31 5F 30  |U;if yG<0B11_1_0|
00019550  20 74 68 65 6E 20 44 66 3D 44 66 2B 6D 61 28 78  | then Df=Df+ma(x|
00019560  2C 6D 45 2C 44 66 2D 79 47 2D 30 78 31 2C 67 55  |,mE,Df-yG-0x1,gU|
00019570  29 3B 65 6C 73 65 20 44 66 3D 44 66 2B 6E 6F 28  |);else Df=Df+no(|
00019580  78 2C 67 55 2D 30 62 31 30 30 29 2A 31 36 2B 6D  |x,gU-0b100)*16+m|
00019590  61 28 78 2C 6D 67 2C 30 58 30 2C 30 62 31 30 30  |a(x,mg,0X0,0b100|
000195A0  29 3B 65 6E 64 3B 65 6C 73 65 20 44 66 3D 79 47  |);end;else Df=yG|
000195B0  3B 65 6E 64 3B 65 6E 64 3B 69 66 20 44 66 3E 3D  |;end;end;if Df>=|
000195C0  55 42 20 6F 72 20 44 66 3E 3D 4F 52 20 6F 72 20  |UB or Df>=OR or |
000195D0  55 42 2B 45 51 3E 28 28 30 62 31 30 30 5F 30 5F  |UB+EQ>((0b100_0_|
000195E0  31 5F 30 31 5F 31 31 31 5F 31 5F 31 30 31 31 30  |1_01_111_1_10110|
000195F0  29 2D 34 35 2D 30 58 61 29 74 68 65 6E 20 72 65  |)-45-0Xa)then re|
00019600  74 75 72 6E 20 6E 69 6C 20 65 6E 64 3B 69 66 20  |turn nil end;if |
00019610  6E 6F 74 20 71 71 28 78 2C 44 66 2C 45 51 29 74  |not qq(x,Df,EQ)t|
00019620  68 65 6E 20 72 65 74 75 72 6E 20 6E 69 6C 20 65  |hen return nil e|
00019630  6E 64 3B 4F 48 3D 71 50 28 78 2C 30 78 30 29 3B  |nd;OH=qP(x,0x0);|
00019640  65 6E 64 3B 65 6E 64 3B 58 2E 46 43 3D 45 6F 3B  |end;end;X.FC=Eo;|
00019650  58 2E 43 41 3D 30 42 30 5F 30 31 3B 58 2E 70 56  |X.CA=0B0_01;X.pV|
00019660  3D 74 72 75 65 3B 58 2E 6F 55 3D 28 7B 7D 29 5B  |=true;X.oU=({})[|
00019670  28 28 30 78 35 5F 63 66 62 32 39 29 2D 30 78 33  |((0x5_cfb29)-0x3|
00019680  33 2D 30 58 31 32 29 5D 3B 72 65 74 75 72 6E 20  |3-0X12)];return |
00019690  58 3B 65 6E 64 3B 78 5B 30 58 35 5F 32 37 5D 3D  |X;end;x[0X5_27]=|
000196A0  58 57 3B 65 6C 73 65 20 6C 6F 63 61 6C 20 49 63  |XW;else local Ic|
000196B0  3D 78 5B 30 78 33 5F 37 5F 36 5D 28 30 42 31 5F  |=x[0x3_7_6](0B1_|
000196C0  31 5F 30 5F 30 5F 30 31 2C 30 62 31 30 30 5F 30  |1_0_0_01,0b100_0|
000196D0  30 5F 31 29 3B 65 6E 64 3B 72 65 74 75 72 6E 20  |0_1);end;return |
000196E0  58 57 28 78 2C 58 29 3B 65 6E 64 2C 5B 30 42 31  |XW(x,X);end,[0B1|
000196F0  30 5F 31 5F 30 30 30 30 30 30 5F 31 5F 30 5D 3D  |0_1_000000_1_0]=|
00019700  66 75 6E 63 74 69 6F 6E 28 78 2C 54 2C 6D 2C 41  |function(x,T,m,A|
00019710  2C 6B 29 69 66 28 28 28 30 62 31 31 31 30 2A 30  |,k)if(((0b1110*0|
00019720  78 32 2B 38 29 25 32 32 31 7E 3D 30 78 33 5F 30  |x2+8)%221~=0x3_0|
00019730  29 29 74 68 65 6E 20 6C 6F 63 61 6C 20 54 7A 2C  |))then local Tz,|
00019740  7A 6C 3B 6C 6F 63 61 6C 20 5F 32 65 32 3D 30 58  |zl;local _2e2=0X|
00019750  34 61 3B 6C 6F 63 61 6C 20 5F 62 7A 35 3D 30 78  |4a;local _bz5=0x|
00019760  36 36 3B 66 6F 72 20 5F 36 75 66 3D 30 42 30 5F  |66;for _6uf=0B0_|
00019770  30 31 2C 30 42 31 20 64 6F 20 69 66 20 6E 6F 74  |01,0B1 do if not|
00019780  28 28 5F 32 65 32 2B 5F 62 7A 35 29 3D 3D 30 78  |((_2e2+_bz5)==0x|
00019790  42 30 29 74 68 65 6E 20 65 6C 73 65 20 54 7A 3D  |B0)then else Tz=|
000197A0  78 5B 30 42 31 31 31 30 30 31 31 5F 31 30 31 5D  |x[0B1110011_101]|
000197B0  28 7A 6C 20 6F 72 20 30 78 42 41 2C 30 78 65 37  |(zl or 0xBA,0xe7|
000197C0  5F 64 5F 65 29 3B 7A 6C 3D 28 78 29 5B 30 58 33  |_d_e);zl=(x)[0X3|
000197D0  5F 37 36 5D 28 54 7A 20 6F 72 20 30 78 45 5F 37  |_76](Tz or 0xE_7|
000197E0  5F 44 5F 65 2C 30 78 42 61 29 3B 65 6E 64 3B 65  |_D_e,0xBa);end;e|
000197F0  6E 64 3B 69 66 28 78 29 5B 30 42 31 31 30 5F 31  |nd;if(x)[0B110_1|
00019800  31 5F 31 30 31 5F 31 30 5D 28 54 7A 2C 7A 6C 29  |1_101_10](Tz,zl)|
00019810  7E 3D 30 62 31 30 31 5F 31 5F 31 30 31 30 20 74  |~=0b101_1_1010 t|
00019820  68 65 6E 20 72 65 74 75 72 6E 20 65 6E 64 3B 6C  |hen return end;l|
00019830  6F 63 61 6C 20 67 6B 3D 30 58 34 3B 6C 6F 63 61  |ocal gk=0X4;loca|
00019840  6C 20 66 4F 3D 78 5B 30 42 31 5F 31 5F 30 31 5F  |l fO=x[0B1_1_01_|
00019850  30 30 31 30 31 5D 28 30 58 34 32 2C 30 42 31 30  |00101](0X42,0B10|
00019860  30 5F 30 5F 31 31 31 2C 30 58 34 43 2C 30 78 34  |0_0_111,0X4C,0x4|
00019870  42 2C 30 78 34 5F 32 2C 36 37 29 3B 6C 6F 63 61  |B,0x4_2,67);loca|
00019880  6C 20 47 5A 2C 4C 79 3D 30 58 33 35 3B 72 65 70  |l GZ,Ly=0X35;rep|
00019890  65 61 74 20 69 66 20 47 5A 3D 3D 35 33 20 74 68  |eat if GZ==53 th|
000198A0  65 6E 20 4D 58 3D 78 5B 39 32 35 5D 28 54 7A 20  |en MX=x[925](Tz |
000198B0  6F 72 20 34 32 2C 30 62 31 30 30 31 30 31 31 30  |or 42,0b10010110|
000198C0  30 5F 30 5F 30 5F 31 5F 30 31 5F 30 31 29 3B 7A  |0_0_0_1_01_01);z|
000198D0  6C 3D 28 66 75 6E 63 74 69 6F 6E 28 66 4F 29 4C  |l=(function(fO)L|
000198E0  79 3D 28 78 29 5B 30 62 31 30 5F 31 30 31 31 5F  |y=(x)[0b10_1011_|
000198F0  30 31 5F 30 31 5F 30 5D 28 78 2C 7A 6C 20 6F 72  |01_01_0](x,zl or|
00019900  20 30 62 31 31 30 5F 30 30 31 2C 30 42 31 30 5F  | 0b110_001,0B10_|
00019910  31 5F 31 30 30 5F 30 5F 31 29 3B 66 75 6E 63 74  |1_100_0_1);funct|
00019920  69 6F 6E 20 54 7A 28 6D 29 69 66 20 6D 3D 3D 30  |ion Tz(m)if m==0|
00019930  20 74 68 65 6E 20 72 65 74 75 72 6E 20 4C 79 5B  | then return Ly[|
00019940  78 5B 33 38 36 5D 28 78 2C 78 5B 31 5F 34 34 36  |x[386](x,x[1_446|
00019950  5D 2C 78 5B 30 58 34 62 5F 61 5D 28 28 78 29 5B  |],x[0X4b_a]((x)[|
00019960  30 62 31 31 5F 31 30 31 30 31 5F 31 31 30 5F 31  |0b11_10101_110_1|
00019970  5D 29 29 5D 28 66 4F 29 3B 65 6E 64 3B 6C 6F 63  |]))](fO);end;loc|
00019980  61 6C 20 54 3D 54 7A 28 6D 2D 30 62 31 29 3B 72  |al T=Tz(m-0b1);r|
00019990  65 74 75 72 6E 20 54 3B 65 6E 64 3B 72 65 74 75  |eturn T;end;retu|
000199A0  72 6E 20 54 7A 28 30 58 32 29 3B 65 6E 64 29 28  |rn Tz(0X2);end)(|
000199B0  66 4F 29 3B 47 5A 3D 30 58 37 5F 30 3B 63 6F 6E  |fO);GZ=0X7_0;con|
000199C0  74 69 6E 75 65 3B 65 6C 73 65 69 66 20 47 5A 3D  |tinue;elseif GZ=|
000199D0  3D 30 78 37 5F 30 20 74 68 65 6E 20 4C 79 3D 78  |=0x7_0 then Ly=x|
000199E0  5B 30 58 33 44 63 5D 5B 78 5B 30 62 31 5F 31 30  |[0X3Dc][x[0b1_10|
000199F0  5F 30 30 30 5F 30 5F 31 30 5D 28 78 2C 30 42 31  |_000_0_10](x,0B1|
00019A00  30 31 5F 30 2C 30 58 36 44 2C 30 62 31 31 5F 30  |01_0,0X6D,0b11_0|
00019A10  30 31 5F 31 31 2C 30 62 31 31 30 31 5F 30 31 31  |01_11,0b1101_011|
00019A20  2C 30 58 37 65 2C 30 62 31 31 30 31 30 5F 30 31  |,0X7e,0b11010_01|
00019A30  2C 30 42 31 31 30 5F 30 5F 30 31 30 29 5D 28 7A  |,0B110_0_010)](z|
00019A40  6C 2C 78 5B 33 38 36 5D 28 78 2C 78 5B 30 42 31  |l,x[386](x,x[0B1|
00019A50  31 30 31 5F 30 5F 31 30 30 5D 2C 78 5B 31 5F 32  |101_0_100],x[1_2|
00019A60  31 30 5D 28 28 78 29 5B 31 5F 38 31 32 5D 29 29  |10]((x)[1_812]))|
00019A70  29 3B 54 7A 3D 78 5B 30 42 31 5F 31 5F 30 31 5F  |);Tz=x[0B1_1_01_|
00019A80  31 5F 31 30 31 31 5F 30 5D 28 4D 58 20 6F 72 20  |1_1011_0](MX or |
00019A90  33 38 5F 34 32 31 2C 34 32 29 3B 47 5A 3D 30 78  |38_421,42);GZ=0x|
00019AA0  64 39 3B 63 6F 6E 74 69 6E 75 65 3B 65 6C 73 65  |d9;continue;else|
00019AB0  69 66 20 47 5A 3D 3D 32 31 37 20 74 68 65 6E 20  |if GZ==217 then |
00019AC0  67 6B 3D 66 61 6C 73 65 3B 6C 6F 63 61 6C 20 6D  |gk=false;local m|
00019AD0  3D 7B 7D 3B 77 68 69 6C 65 20 74 72 75 65 20 64  |={};while true d|
00019AE0  6F 20 41 3D 4C 79 28 29 3B 69 66 20 41 3D 3D 28  |o A=Ly();if A==(|
00019AF0  7B 7D 29 5B 30 42 31 30 30 30 31 31 30 31 5F 31  |{})[0B10001101_1|
00019B00  5F 30 30 5F 31 5F 31 31 5F 31 5F 30 5F 31 31 31  |_00_1_11_1_0_111|
00019B10  5F 31 5D 74 68 65 6E 20 62 72 65 61 6B 3B 65 6E  |_1]then break;en|
00019B20  64 3B 6B 3D 78 5B 30 42 31 30 30 30 30 30 31 5F  |d;k=x[0B1000001_|
00019B30  30 31 31 5D 28 41 29 3B 69 66 20 6B 7E 3D 28 7B  |011](A);if k~=({|
00019B40  7D 29 5B 30 42 31 30 5F 30 30 31 5F 31 30 5F 30  |})[0B10_001_10_0|
00019B50  30 30 5F 31 30 31 31 31 30 30 30 5F 30 5F 30 31  |00_10111000_0_01|
00019B60  5F 31 5F 30 5D 74 68 65 6E 20 6D 5B 6B 5D 3D 28  |_1_0]then m[k]=(|
00019B70  6D 5B 6B 5D 6F 72 20 30 62 30 29 2B 31 3B 69 66  |m[k]or 0b0)+1;if|
00019B80  20 6D 5B 6B 5D 3E 30 58 32 20 74 68 65 6E 20 67  | m[k]>0X2 then g|
00019B90  6B 3D 74 72 75 65 3B 62 72 65 61 6B 3B 65 6E 64  |k=true;break;end|
00019BA0  3B 65 6E 64 3B 65 6E 64 3B 62 72 65 61 6B 3B 65  |;end;end;break;e|
00019BB0  6C 73 65 20 62 72 65 61 6B 3B 65 6E 64 3B 75 6E  |lse break;end;un|
00019BC0  74 69 6C 20 66 61 6C 73 65 3B 69 66 20 67 6B 20  |til false;if gk |
00019BD0  74 68 65 6E 20 72 65 74 75 72 6E 28 28 30 58 43  |then return((0XC|
00019BE0  32 29 2D 30 58 34 5F 30 2D 32 32 29 3B 65 6E 64  |2)-0X4_0-22);end|
00019BF0  3B 72 65 74 75 72 6E 20 78 5B 38 38 36 5D 28 30  |;return x[886](0|
00019C00  78 36 43 2C 28 28 30 58 61 41 29 2D 30 78 32 32  |x6C,((0XaA)-0x22|
00019C10  2D 31 31 29 29 3B 65 6C 73 65 20 72 65 74 75 72  |-11));else retur|
00019C20  6E 28 28 30 42 31 30 5F 31 30 30 30 5F 31 31 29  |n((0B10_1000_11)|
00019C30  2D 28 30 42 31 5F 31 30 31 31 5F 31 29 29 3B 65  |-(0B1_1011_1));e|
00019C40  6E 64 3B 65 6E 64 2C 5B 30 62 31 5F 30 31 31 5F  |nd;end,[0b1_011_|
00019C50  30 30 5D 3D 39 36 2C 5B 30 58 34 5F 38 5F 66 5D  |00]=96,[0X4_8_f]|
00019C60  3D 66 75 6E 63 74 69 6F 6E 28 29 72 65 74 75 72  |=function()retur|
00019C70  6E 7B 5B 35 5D 3D 28 28 30 78 41 29 2D 28 30 42  |n{[5]=((0xA)-(0B|
00019C80  31 31 29 29 7D 65 6E 64 2C 5B 30 42 31 30 30 5F  |11))}end,[0B100_|
00019C90  31 30 5F 30 5F 31 30 30 31 31 5D 3D 66 75 6E 63  |10_0_10011]=func|
00019CA0  74 69 6F 6E 28 78 2C 51 41 2C 66 51 29 69 66 20  |tion(x,QA,fQ)if |
00019CB0  51 41 3C 3D 30 42 31 30 31 31 30 30 30 20 74 68  |QA<=0B1011000 th|
00019CC0  65 6E 20 72 65 74 75 72 6E 20 32 39 5F 33 31 34  |en return 29_314|
00019CD0  2C 66 51 3B 65 6C 73 65 20 72 65 74 75 72 6E 2D  |,fQ;else return-|
00019CE0  30 58 32 2C 66 51 3B 65 6E 64 3B 65 6E 64 2C 5B  |0X2,fQ;end;end,[|
00019CF0  30 62 31 5F 30 5F 31 30 5F 30 31 31 5F 31 30 31  |0b1_0_10_011_101|
00019D00  5D 3D 66 75 6E 63 74 69 6F 6E 28 29 72 65 74 75  |]=function()retu|
00019D10  72 6E 7B 5B 37 5D 3D 28 28 2D 30 62 31 5F 31 31  |rn{[7]=((-0b1_11|
00019D20  29 2B 28 30 78 31 5F 30 29 29 7D 65 6E 64 2C 5B  |)+(0x1_0))}end,[|
00019D30  30 78 36 5F 35 39 5D 3D 66 75 6E 63 74 69 6F 6E  |0x6_59]=function|
00019D40  28 78 2C 59 4B 2C 44 67 2C 66 6C 2C 66 42 29 6C  |(x,YK,Dg,fl,fB)l|
00019D50  6F 63 61 6C 20 72 68 3B 66 6F 72 20 6C 55 3D 30  |ocal rh;for lU=0|
00019D60  62 30 2C 30 78 36 31 64 31 2D 31 20 64 6F 20 6C  |b0,0x61d1-1 do l|
00019D70  6F 63 61 6C 20 6C 67 3D 44 67 2E 78 28 28 78 29  |ocal lg=Dg.x((x)|
00019D80  5B 31 5F 37 32 32 5D 28 59 4B 2C 6C 55 29 2C 28  |[1_722](YK,lU),(|
00019D90  28 66 6C 2B 31 5F 34 34 37 5F 38 39 35 5F 33 37  |(fl+1_447_895_37|
00019DA0  33 2B 28 6C 55 2B 30 62 31 29 2A 30 58 33 5F 65  |3+(lU+0b1)*0X3_e|
00019DB0  41 32 29 25 30 62 31 30 30 30 5F 30 30 5F 30 30  |A2)%0b1000_00_00|
00019DC0  30 29 29 3B 78 5B 30 78 32 39 35 5D 28 59 4B 2C  |0));x[0x295](YK,|
00019DD0  6C 55 2C 44 67 2E 62 28 44 67 2E 6F 28 44 67 2E  |lU,Dg.b(Dg.o(Dg.|
00019DE0  72 28 6C 67 2C 30 42 31 31 29 2C 44 67 2E 6C 28  |r(lg,0B11),Dg.l(|
00019DF0  6C 67 2C 30 58 35 29 29 2C 30 62 31 31 31 31 31  |lg,0X5)),0b11111|
00019E00  31 31 5F 31 29 29 3B 65 6E 64 3B 66 6C 3D 78 5B  |11_1));end;fl=x[|
00019E10  30 58 31 5F 35 38 5D 28 78 2C 66 6C 2B 28 28 30  |0X1_58](x,fl+((0|
00019E20  78 35 34 5F 45 33 5F 66 33 35 5F 64 29 2D 28 30  |x54_E3_f35_d)-(0|
00019E30  78 32 32 29 29 2B 28 28 30 58 32 32 29 2D 28 30  |x22))+((0X22)-(0|
00019E40  62 31 30 30 30 30 30 29 29 2A 30 42 31 31 30 30  |b100000))*0B1100|
00019E50  31 30 31 31 30 30 5F 31 5F 31 31 5F 30 5F 31 31  |101100_1_11_0_11|
00019E60  29 3B 72 65 74 75 72 6E 28 78 29 5B 30 42 31 30  |);return(x)[0B10|
00019E70  30 5F 30 31 5F 30 31 5F 30 31 5F 31 5D 28 78 2C  |0_01_01_01_1](x,|
00019E80  59 4B 2C 44 67 2C 66 6C 2C 66 42 29 65 6E 64 2C  |YK,Dg,fl,fB)end,|
00019E90  5B 30 78 34 5F 39 63 5D 3D 66 75 6E 63 74 69 6F  |[0x4_9c]=functio|
00019EA0  6E 28 78 2C 59 63 29 6C 6F 63 61 6C 20 4A 63 3D  |n(x,Yc)local Jc=|
00019EB0  59 63 2E 55 4B 3B 78 5B 30 42 31 30 5F 31 30 30  |Yc.UK;x[0B10_100|
00019EC0  5F 31 30 31 5F 30 31 5D 28 4A 63 2C 30 58 30 2C  |_101_01](Jc,0X0,|
00019ED0  28 78 29 5B 30 62 31 5F 30 5F 31 30 30 5F 30 31  |(x)[0b1_0_100_01|
00019EE0  30 5F 31 31 30 5D 28 78 2C 59 63 29 29 3B 78 5B  |0_110](x,Yc));x[|
00019EF0  30 58 32 39 35 5D 28 4A 63 2C 30 58 31 2C 78 5B  |0X295](Jc,0X1,x[|
00019F00  30 62 31 30 31 5F 30 30 30 31 30 31 31 30 5D 28  |0b101_00010110](|
00019F10  78 2C 59 63 29 29 3B 78 5B 30 42 31 30 5F 31 5F  |x,Yc));x[0B10_1_|
00019F20  30 5F 30 31 30 31 5F 30 5F 31 5D 28 4A 63 2C 30  |0_0101_0_1](Jc,0|
00019F30  78 32 2C 28 78 29 5B 30 78 35 31 36 5D 28 78 2C  |x2,(x)[0x516](x,|
00019F40  59 63 29 29 3B 78 5B 36 36 31 5D 28 4A 63 2C 30  |Yc));x[661](Jc,0|
00019F50  42 31 31 2C 78 5B 31 5F 33 30 32 5D 28 78 2C 59  |B11,x[1_302](x,Y|
00019F60  63 29 29 3B 72 65 74 75 72 6E 20 78 5B 30 62 31  |c));return x[0b1|
00019F70  31 30 31 30 30 31 31 5F 31 5F 31 5D 28 4A 63 2C  |1010011_1_1](Jc,|
00019F80  30 58 30 29 3B 65 6E 64 2C 5B 30 42 31 30 30 31  |0X0);end,[0B1001|
00019F90  5F 30 30 31 31 30 5D 3D 66 75 6E 63 74 69 6F 6E  |_00110]=function|
00019FA0  28 78 2C 68 71 29 6C 6F 63 61 6C 20 61 6A 2C 45  |(x,hq)local aj,E|
00019FB0  58 3D 30 62 30 2C 30 78 31 3B 77 68 69 6C 65 20  |X=0b0,0x1;while |
00019FC0  74 72 75 65 20 64 6F 20 6C 6F 63 61 6C 20 51 43  |true do local QC|
00019FD0  3D 28 78 29 5B 30 62 31 30 31 30 30 5F 30 31 30  |=(x)[0b10100_010|
00019FE0  31 31 5F 30 5D 28 78 2C 68 71 29 3B 61 6A 3D 61  |11_0](x,hq);aj=a|
00019FF0  6A 2B 28 51 43 25 28 28 30 42 31 5F 30 5F 30 30  |j+(QC%((0B1_0_00|
0001A000  31 5F 31 30 31 29 2D 28 30 62 31 31 30 5F 31 29  |1_101)-(0b110_1)|
0001A010  29 29 2A 45 58 3B 69 66 20 51 43 3C 28 28 30 62  |))*EX;if QC<((0b|
0001A020  31 30 30 30 5F 30 5F 30 31 30 29 2D 28 30 58 32  |1000_0_010)-(0X2|
0001A030  29 29 74 68 65 6E 20 62 72 65 61 6B 3B 65 6E 64  |))then break;end|
0001A040  3B 45 58 3D 45 58 2A 30 62 31 30 5F 30 30 30 5F  |;EX=EX*0b10_000_|
0001A050  30 5F 30 30 3B 65 6E 64 3B 72 65 74 75 72 6E 20  |0_00;end;return |
0001A060  61 6A 3B 65 6E 64 2C 5B 38 34 35 5D 3D 66 75 6E  |aj;end,[845]=fun|
0001A070  63 74 69 6F 6E 28 78 29 6C 6F 63 61 6C 20 42 43  |ction(x)local BC|
0001A080  3D 30 62 31 5F 31 5F 31 5F 31 5F 30 31 3B 6C 6F  |=0b1_1_1_1_01;lo|
0001A090  63 61 6C 20 50 4E 2C 53 51 3B 6C 6F 63 61 6C 20  |cal PN,SQ;local |
0001A0A0  52 3D 36 31 3B 6C 6F 63 61 6C 20 6A 3D 30 78 34  |R=61;local j=0x4|
0001A0B0  5F 66 3B 72 65 70 65 61 74 20 69 66 28 28 42 43  |_f;repeat if((BC|
0001A0C0  2B 6A 29 3D 3D 28 52 2B 6A 29 29 74 68 65 6E 20  |+j)==(R+j))then |
0001A0D0  50 4E 3D 28 78 29 5B 39 32 35 5D 28 28 78 29 5B  |PN=(x)[925]((x)[|
0001A0E0  30 42 31 30 5F 31 5F 30 30 30 31 5F 30 5F 31 5F  |0B10_1_0001_0_1_|
0001A0F0  30 31 5D 28 53 51 20 6F 72 20 30 62 31 5F 31 30  |01](SQ or 0b1_10|
0001A100  5F 31 31 30 5F 31 30 2C 30 42 31 5F 30 29 2C 30  |_110_10,0B1_0),0|
0001A110  78 46 46 5F 66 46 29 3B 42 43 3D 31 34 30 3B 63  |xFF_fF);BC=140;c|
0001A120  6F 6E 74 69 6E 75 65 3B 65 6C 73 65 69 66 28 28  |ontinue;elseif((|
0001A130  42 43 2D 6A 29 3D 3D 52 29 74 68 65 6E 20 53 51  |BC-j)==R)then SQ|
0001A140  3D 78 5B 30 42 31 31 5F 30 5F 30 30 30 31 30 5F  |=x[0B11_0_00010_|
0001A150  30 31 30 5D 28 50 4E 20 6F 72 20 30 62 31 30 5F  |010](PN or 0b10_|
0001A160  31 5F 31 30 31 31 5F 30 30 5F 30 31 5F 31 30 5F  |1_1011_00_01_10_|
0001A170  31 30 2C 30 42 30 5F 30 31 29 3B 62 72 65 61 6B  |10,0B0_01);break|
0001A180  3B 65 6C 73 65 20 62 72 65 61 6B 3B 65 6E 64 3B  |;else break;end;|
0001A190  75 6E 74 69 6C 20 66 61 6C 73 65 3B 69 66 20 78  |until false;if x|
0001A1A0  5B 30 58 33 5F 37 36 5D 28 50 4E 2C 53 51 29 7E  |[0X3_76](PN,SQ)~|
0001A1B0  3D 30 62 31 5F 30 5F 31 5F 31 30 31 31 31 30 30  |=0b1_0_1_1011100|
0001A1C0  20 74 68 65 6E 20 72 65 74 75 72 6E 20 65 6E 64  | then return end|
0001A1D0  3B 72 65 74 75 72 6E 20 78 5B 34 32 31 5D 28 78  |;return x[421](x|
0001A1E0  5B 39 32 35 5D 28 78 5B 30 62 31 5F 31 30 31 31  |[925](x[0b1_1011|
0001A1F0  5F 31 30 5F 31 5F 31 30 5D 28 78 5B 30 78 31 61  |_10_1_10](x[0x1a|
0001A200  43 5D 2C 78 5B 30 58 37 41 34 5D 29 2C 30 62 31  |C],x[0X7A4]),0b1|
0001A210  5F 31 5F 31 31 31 31 31 5F 31 29 29 2E 2E 28 78  |_1_11111_1))..(x|
0001A220  29 5B 34 32 31 5D 28 78 5B 30 58 33 5F 39 64 5D  |)[421](x[0X3_9d]|
0001A230  28 78 5B 30 58 33 37 5F 36 5D 28 78 5B 30 42 31  |(x[0X37_6](x[0B1|
0001A240  30 30 31 5F 31 30 31 31 31 31 30 5D 2C 78 5B 30  |001_1011110],x[0|
0001A250  78 37 61 5F 34 5D 29 2C 30 42 31 5F 31 31 5F 31  |x7a_4]),0B1_11_1|
0001A260  31 31 31 31 29 29 65 6E 64 2C 5B 30 58 35 5F 39  |1111))end,[0X5_9|
0001A270  42 5D 3D 66 75 6E 63 74 69 6F 6E 28 78 2C 72 2C  |B]=function(x,r,|
0001A280  6B 2C 54 2C 79 29 6C 6F 63 61 6C 20 54 6B 3D 78  |k,T,y)local Tk=x|
0001A290  5B 30 78 37 5F 38 65 5D 3B 69 66 20 6E 6F 74 20  |[0x7_8e];if not |
0001A2A0  54 6B 20 74 68 65 6E 20 6C 6F 63 61 6C 20 7A 43  |Tk then local zC|
0001A2B0  3D 78 5B 39 32 35 5D 28 30 62 31 5F 31 30 5F 30  |=x[925](0b1_10_0|
0001A2C0  5F 30 31 2C 31 38 31 29 3B 54 6B 3D 66 75 6E 63  |_01,181);Tk=func|
0001A2D0  74 69 6F 6E 28 78 2C 72 2C 6B 2C 54 2C 79 29 69  |tion(x,r,k,T,y)i|
0001A2E0  66 28 28 28 30 78 31 5F 66 2A 30 42 31 31 31 30  |f(((0x1_f*0B1110|
0001A2F0  5F 30 2B 30 62 31 30 5F 31 31 5F 31 30 30 29 25  |_0+0b10_11_100)%|
0001A300  30 78 33 5F 37 7E 3D 30 42 31 30 30 31 30 5F 31  |0x3_7~=0B10010_1|
0001A310  29 29 74 68 65 6E 20 6C 6F 63 61 6C 20 6C 56 3D  |))then local lV=|
0001A320  30 42 31 30 30 31 5F 30 30 3B 6C 6F 63 61 6C 20  |0B1001_00;local |
0001A330  49 65 2C 7A 6E 3B 6C 6F 63 61 6C 20 53 3D 30 78  |Ie,zn;local S=0x|
0001A340  32 5F 34 3B 6C 6F 63 61 6C 20 64 77 3D 30 58 35  |2_4;local dw=0X5|
0001A350  37 3B 72 65 70 65 61 74 20 69 66 28 28 6C 56 2B  |7;repeat if((lV+|
0001A360  64 77 29 3D 3D 28 53 2B 64 77 29 29 74 68 65 6E  |dw)==(S+dw))then|
0001A370  20 49 65 3D 78 5B 30 42 31 30 30 31 30 5F 30 30  | Ie=x[0B10010_00|
0001A380  30 30 30 31 5D 28 7A 6E 20 6F 72 20 30 62 31 31  |0001](zn or 0b11|
0001A390  5F 30 5F 30 30 30 31 2C 35 30 5F 32 34 37 29 3B  |_0_0001,50_247);|
0001A3A0  6C 56 3D 30 58 37 62 3B 63 6F 6E 74 69 6E 75 65  |lV=0X7b;continue|
0001A3B0  3B 65 6C 73 65 69 66 28 28 6C 56 2D 64 77 29 3D  |;elseif((lV-dw)=|
0001A3C0  3D 53 29 74 68 65 6E 20 7A 6E 3D 78 5B 30 42 31  |=S)then zn=x[0B1|
0001A3D0  31 5F 31 30 30 5F 31 31 31 30 31 5D 28 49 65 20  |1_100_11101](Ie |
0001A3E0  6F 72 20 35 30 5F 32 34 37 2C 30 62 31 31 30 30  |or 50_247,0b1100|
0001A3F0  5F 30 30 5F 31 29 3B 62 72 65 61 6B 3B 65 6C 73  |_00_1);break;els|
0001A400  65 20 62 72 65 61 6B 3B 65 6E 64 3B 75 6E 74 69  |e break;end;unti|
0001A410  6C 20 66 61 6C 73 65 3B 69 66 20 78 5B 30 78 33  |l false;if x[0x3|
0001A420  37 5F 36 5D 28 49 65 2C 7A 6E 29 7E 3D 30 62 31  |7_6](Ie,zn)~=0b1|
0001A430  31 5F 30 30 30 31 5F 30 5F 30 30 30 30 5F 30 5F  |1_0001_0_0000_0_|
0001A440  30 31 31 30 20 74 68 65 6E 20 72 65 74 75 72 6E  |0110 then return|
0001A450  20 65 6E 64 3B 6C 6F 63 61 6C 20 75 62 3D 30 62  | end;local ub=0b|
0001A460  31 31 30 5F 30 30 5F 30 3B 72 65 70 65 61 74 20  |110_00_0;repeat |
0001A470  69 66 20 75 62 3D 3D 30 42 31 31 30 30 30 5F 30  |if ub==0B11000_0|
0001A480  20 74 68 65 6E 20 41 3D 78 5B 30 62 31 30 31 5F  | then A=x[0b101_|
0001A490  30 5F 31 5F 30 30 31 30 31 5D 28 78 2C 72 29 3B  |0_1_00101](x,r);|
0001A4A0  6B 3D 78 5B 30 58 36 35 66 5D 28 78 29 3B 54 3D  |k=x[0X65f](x);T=|
0001A4B0  7B 78 5B 30 58 34 42 5F 61 5D 28 28 78 29 5B 30  |{x[0X4B_a]((x)[0|
0001A4C0  42 31 5F 30 30 30 30 5F 31 30 5D 29 7D 3B 75 62  |B1_0000_10])};ub|
0001A4D0  3D 30 58 61 30 3B 65 6C 73 65 69 66 20 75 62 3D  |=0Xa0;elseif ub=|
0001A4E0  3D 30 42 31 30 5F 31 5F 30 5F 30 5F 30 30 30 20  |=0B10_1_0_0_000 |
0001A4F0  74 68 65 6E 20 6D 3D 7B 7D 3B 6D 5B 78 5B 30 62  |then m={};m[x[0b|
0001A500  31 5F 31 30 5F 30 30 30 30 31 30 5D 28 78 2C 31  |1_10_000010](x,1|
0001A510  30 2C 38 39 2C 30 58 37 39 29 5D 3D 41 3B 6D 5B  |0,89,0X79)]=A;m[|
0001A520  78 5B 30 42 31 31 30 30 5F 30 30 5F 30 31 30 5D  |x[0B1100_00_010]|
0001A530  28 78 2C 30 62 31 30 5F 31 5F 30 2C 30 78 37 64  |(x,0b10_1_0,0x7d|
0001A540  2C 30 62 31 5F 31 31 31 30 30 30 29 5D 3D 6B 3B  |,0b1_111000)]=k;|
0001A550  6D 5B 78 5B 30 78 31 38 5F 32 5D 28 78 2C 31 30  |m[x[0x18_2](x,10|
0001A560  2C 30 78 34 38 2C 30 62 31 31 30 30 5F 31 5F 30  |,0x48,0b1100_1_0|
0001A570  31 29 5D 3D 54 3B 62 72 65 61 6B 3B 65 6C 73 65  |1)]=T;break;else|
0001A580  20 62 72 65 61 6B 3B 65 6E 64 3B 75 6E 74 69 6C  | break;end;until|
0001A590  20 66 61 6C 73 65 3B 72 65 74 75 72 6E 20 6D 3B  | false;return m;|
0001A5A0  65 6C 73 65 20 72 65 74 75 72 6E 20 30 78 32 34  |else return 0x24|
0001A5B0  3B 65 6E 64 3B 65 6E 64 3B 78 5B 31 5F 39 33 34  |;end;end;x[1_934|
0001A5C0  5D 3D 54 6B 3B 65 6C 73 65 20 6C 6F 63 61 6C 20  |]=Tk;else local |
0001A5D0  7A 43 3D 28 78 29 5B 38 38 36 5D 28 34 39 2C 30  |zC=(x)[886](49,0|
0001A5E0  78 42 5F 35 29 3B 65 6E 64 3B 72 65 74 75 72 6E  |xB_5);end;return|
0001A5F0  20 54 6B 28 78 2C 72 2C 6B 2C 54 2C 79 29 3B 65  | Tk(x,r,k,T,y);e|
0001A600  6E 64 7D 29 3A 6B 28 29 28 2E 2E 2E 29 3B 0A     |nd}):k()(...);.|